profile_name,title,started_at,duration_sec,device_type
User 1,Chernobyl 1986,2022-04-28 16:08:56,6,Device Type 1
User 1,13 Hours: The Secret Soldiers of Benghazi,2022-04-28 15:54:30,579,Device Type 1
User 1,Saving Private Ryan,2022-04-28 15:53:20,6,Device Type 1
User 1,Mosul,2022-04-28 15:52:18,15,Device Type 1
User 1,12 Strong,2022-04-28 15:49:11,105,Device Type 1
User 1,Fifty Shades of Grey,2022-04-26 02:32:00,3,Device Type 1
User 1,Jaoon Kahan Bata Ae Dil,2022-04-26 02:26:33,273,Device Type 1
User 1,Jaoon Kahan Bata Ae Dil,2022-04-26 02:13:30,733,Device Type 1
User 1,Jaoon Kahan Bata Ae Dil,2022-04-26 02:13:28,1,Device Type 1
User 1,Jaoon Kahan Bata Ae Dil,2022-04-26 02:13:00,24,Device Type 1
User 1,Etharkkum Thunindhavan,2022-04-23 13:44:09,73,Device Type 4
User 1,Night Drive,2022-04-23 10:32:15,3,Device Type 4
User 1,Season 1 Trailer: All of Us Are Dead,2022-01-16 18:47:14,6,Device Type 1
User 1,Season 3 Moment of High Emotion Clip: Lost in Space,2022-01-14 14:57:44,23,Device Type 1
User 1,Peaky Blinders: Season 1_hook_primary_16x9,2022-01-14 14:57:20,6,Device Type 1
User 1,Narcos: Season 1 (Trailer),2022-01-14 14:55:42,36,Device Type 1
User 1,Season 1 Trailer 3: The Witcher,2022-01-14 14:55:33,4,Device Type 1
User 1,The Circle_hook_primary_16x9,2022-01-14 14:54:32,10,Device Type 1
User 1,Season 1 Main Character Intro Clip: Yeh Kaali Kaali Ankhein,2022-01-14 13:11:08,11,Device Type 1
User 1,Mandela (Tamil)_hook_04_16x9,2022-01-13 15:33:15,12,Device Type 1
User 1,The Circle_hook_primary_16x9,2022-01-09 06:53:38,13,Device Type 1
User 1,Main Character Intro Clip: MOTHER / ANDROID,2022-01-09 06:52:12,52,Device Type 1
User 1,Forrest Gump,2022-01-01 18:06:24,1940,Device Type 1
User 1,Mimi,2022-01-01 18:06:12,1,Device Type 1
User 1,Genre Specific Moment Clip: Minnal Murali,2022-01-01 10:01:39,10,Device Type 7
User 1,Minnal Murali,2022-01-01 08:57:31,3708,Device Type 7
User 1,Season 1 Trailer 2: The Queen's Gambit,2021-12-30 13:55:51,4,Device Type 1
User 1,Extraction,2021-12-29 17:41:40,9,Device Type 1
User 1,One,2021-12-29 17:38:41,10,Device Type 1
User 1,Bird Box,2021-12-29 17:37:44,28,Device Type 1
User 1,Cast Away_hook_02_16x9,2021-12-29 17:37:11,6,Device Type 1
User 1,Forrest Gump_hook_primary_16x9,2021-12-29 17:36:42,21,Device Type 1
User 1,Season 1 Trailer: The Silent Sea,2021-12-29 17:33:53,68,Device Type 1
User 1,Thambi,2021-12-29 17:33:23,7,Device Type 1
User 1,Beethoven,2021-12-28 13:10:54,852,Device Type 1
User 1,Friends: Season 1: The One Where Monica Gets a Roommate (Pilot) (Episode 1),2021-12-28 12:43:01,1279,Device Type 1
User 1,Trailer: Minnal Murali,2021-12-28 09:11:48,4,Device Type 7
User 1,Minnal Murali,2021-12-28 09:01:15,626,Device Type 7
User 1,Trailer: Minnal Murali,2021-12-28 09:00:59,13,Device Type 7
User 1,Sully,2021-12-28 08:59:35,18,Device Type 7
User 1,Kingdom: Ashin of the North,2021-12-28 08:58:03,1,Device Type 7
User 1,Kingdom: Ashin of the North,2021-12-28 08:05:01,3144,Device Type 7
User 1,Kingdom: Season 1: Episode 1,2021-12-28 08:04:27,2,Device Type 7
User 1,Deep Blue Sea,2021-12-28 08:03:37,3,Device Type 7
User 1,Inception,2021-12-28 07:37:19,1431,Device Type 7
User 1,Interstellar,2021-12-28 07:22:25,482,Device Type 7
User 1,The Conjuring,2021-12-28 07:21:17,12,Device Type 7
User 1,The Conjuring,2021-12-28 07:21:11,1,Device Type 7
User 1,Anacondas: The Hunt for the Blood Orchid,2021-12-28 07:19:47,6,Device Type 7
User 1,Jurassic World Camp Cretaceous: Season 1: Camp Cretaceous (Episode 1),2021-12-28 07:16:26,29,Device Type 7
User 1,Jurassic Park III,2021-12-28 07:15:36,9,Device Type 7
User 1,Jurassic Park III_hook_02_16x9,2021-12-28 07:15:27,6,Device Type 7
User 1,Kaaval,2021-12-28 06:12:00,2043,Device Type 1
User 1,Kaaval,2021-12-27 16:07:23,4809,Device Type 6
User 1,Kaaval,2021-12-27 14:20:10,3263,Device Type 6
User 1,Kaaval_hook_01_16x9,2021-12-27 10:07:26,38,Device Type 1
User 1,Season 4 Teaser 1: Cobra Kai,2021-12-27 10:06:33,6,Device Type 1
User 1,Doctor (Tamil),2021-12-27 04:41:07,1859,Device Type 7
User 1,Varane Avashyamund (Malayalam)_hook_04_16x9,2021-12-27 04:40:51,6,Device Type 7
User 1,Navarasa: Volume 1: Peace: Shanthih (Episode 5),2021-12-26 19:08:22,3,Device Type 1
User 1,Navarasa: Volume 1: Roudhram : Raudra (Episode 6),2021-12-26 19:08:07,8,Device Type 1
User 1,Navarasa: Volume 1: Peace: Shanthih (Episode 5),2021-12-26 19:08:00,1,Device Type 1
User 1,Navarasa: Volume 1: Guitar Kambi Mele Nindru: Sringara (Episode 9),2021-12-26 19:07:18,26,Device Type 1
User 1,Don't Look Up,2021-12-26 16:38:53,7981,Device Type 1
User 1,Don't Look Up,2021-12-26 14:28:25,459,Device Type 1
User 1,Don't Look Up,2021-12-26 14:22:28,102,Device Type 1
User 1,Don't Look Up,2021-12-26 14:22:20,5,Device Type 1
User 1,Super Deluxe,2021-12-26 14:20:47,64,Device Type 1
User 1,Sherlock: Series 1_hook_primary_16x9,2021-12-26 14:19:24,26,Device Type 1
User 1,Sherlock: Series 1_hook_primary_16x9,2021-12-26 14:19:04,11,Device Type 1
User 1,Sherlock: Series 1: A Study in Pink (Episode 1),2021-12-26 14:14:51,12,Device Type 1
User 1,Sherlock: Series 1: A Study in Pink (Episode 1),2021-12-26 14:14:41,3,Device Type 1
User 1,The Imitation Game_Autohook_6_16x9,2021-12-26 14:14:11,10,Device Type 1
User 1,The Imitation Game_Autohook_6_16x9,2021-12-26 14:10:44,13,Device Type 1
User 1,Sherlock: Series 1_hook_primary_16x9,2021-12-26 13:49:20,28,Device Type 1
User 1,The Mysterious,2021-12-26 13:48:01,13,Device Type 1
User 1,Doctor (Tamil),2021-12-26 10:29:57,2573,Device Type 7
User 1,Doctor (Tamil),2021-12-26 10:29:41,12,Device Type 7
User 1,Trailer: Ludo,2021-12-26 10:28:46,6,Device Type 7
User 1,2012_hook_primary_16x9,2021-12-26 10:28:15,15,Device Type 7
User 1,Boomika_hook_01_16x9,2021-12-26 10:27:06,14,Device Type 7
User 1,Boomika (Malayalam)_hook_01_16x9,2021-12-26 10:26:52,10,Device Type 7
User 1,The Conjuring 2,2021-12-26 10:25:27,18,Device Type 7
User 1,Annabelle Comes Home_hook_05_16x9,2021-12-26 10:25:12,5,Device Type 7
User 1,The Conjuring 2_hook_primary_16x9,2021-12-26 10:24:57,8,Device Type 7
User 1,Thalaivi_hook_primary_16x9,2021-12-26 10:24:21,10,Device Type 7
User 1,Jurassic Park III,2021-12-26 10:23:24,3,Device Type 7
User 1,Marvel's Daredevil: Season 1_VAR2-RECIPE-2_AGENCY1,2021-12-26 10:05:23,5,Device Type 1
User 1,Trailer: Don't Look Up,2021-12-26 10:03:47,11,Device Type 1
User 1,Jurassic Park III,2021-12-26 10:01:30,1227,Device Type 7
User 1,Jurassic Park_hook_04_16x9,2021-12-26 10:01:16,7,Device Type 7
User 1,Angu Vaikuntapurathu (Malayalam),2021-12-26 09:25:37,2202,Device Type 1
User 1,Minnal Murali,2021-12-26 09:23:54,1942,Device Type 7
User 1,Angu Vaikuntapurathu (Malayalam),2021-12-26 07:03:31,2249,Device Type 1
User 1,Angu Vaikuntapurathu (Malayalam),2021-12-25 18:37:25,4654,Device Type 1
User 1,Anacondas: The Hunt for the Blood Orchid,2021-12-25 13:59:58,2746,Device Type 7
User 1,The Perfect Storm,2021-12-25 13:58:14,3,Device Type 7
User 1,Lakshya,2021-12-25 13:57:01,4,Device Type 7
User 1,Angu Vaikuntapurathu (Malayalam),2021-12-25 12:35:13,895,Device Type 7
User 1,Ala Vaikunthapurramuloo,2021-12-25 12:32:05,96,Device Type 7
User 1,Spider-Man: Homecoming,2021-12-25 12:29:08,29,Device Type 7
User 1,Spider-Man: Homecoming_hook_primary_16x9,2021-12-25 12:28:51,14,Device Type 7
User 1,Season 1 Plot Clip: Decoupled,2021-12-25 12:28:34,4,Device Type 7
User 1,Season 2 Main Character Intro Clip: Emily in Paris,2021-12-25 12:28:12,7,Device Type 7
User 1,Minnal Murali,2021-12-25 05:28:23,3764,Device Type 1
User 1,Trailer: Don't Look Up,2021-12-25 03:35:52,6,Device Type 7
User 1,Minnal Murali,2021-12-25 02:43:12,2815,Device Type 7
User 1,Nee Enge En Anbe (Kahaani remake)_hook_05_16x9,2021-12-25 02:42:53,6,Device Type 7
User 1,Minnal Murali,2021-12-24 15:45:39,7844,Device Type 6
User 1,Minnal Murali,2021-12-24 15:40:32,98,Device Type 6
User 1,Minnal Murali,2021-12-24 14:19:44,1299,Device Type 6
User 1,Main Character Intro Clip: Minnal Murali,2021-12-24 14:19:24,16,Device Type 6
User 1,Trailer: Don't Look Up,2021-12-24 10:39:17,17,Device Type 7
User 1,Main Character Intro Clip: Minnal Murali,2021-12-24 10:05:02,18,Device Type 1
User 1,Main Character Intro Clip: Minnal Murali,2021-12-24 10:04:30,22,Device Type 1
User 1,Minnal Murali,2021-12-24 08:05:00,9254,Device Type 7
User 1,Trailer: Minnal Murali,2021-12-24 05:36:45,6,Device Type 1
User 1,Irul,2021-12-23 16:44:09,3184,Device Type 1
User 1,Irul,2021-12-23 15:42:09,1958,Device Type 1
User 1,Irul_hook_01_16x9,2021-12-23 13:40:17,14,Device Type 1
User 1,Kaaval_hook_primary_16x9,2021-12-23 13:39:59,15,Device Type 1
User 1,Marvel's Daredevil: Season 1_VAR2-RECIPE-1_AGENCY1,2021-12-23 13:39:20,29,Device Type 1
User 1,Marvel's Daredevil: Season 1: Into the Ring (Episode 1),2021-12-22 19:16:53,174,Device Type 1
User 1,Kaaval_hook_primary_16x9,2021-12-22 19:15:48,42,Device Type 1
User 1,Meenakshi Sundareshwar,2021-12-22 15:49:15,1679,Device Type 1
User 1,Ala Vaikunthapurramuloo (Malayalam Version)_hook_04_16x9,2021-12-22 15:03:19,17,Device Type 1
User 1,Kaaval_hook_primary_16x9,2021-12-22 14:17:17,6,Device Type 1
User 1,Irul_hook_01_16x9,2021-12-22 14:16:26,24,Device Type 1
User 1,Genre Specific Moment Clip: Meenakshi Sundareshwar,2021-12-22 14:15:44,12,Device Type 1
User 1,Genre Specific Moment Clip: Meenakshi Sundareshwar,2021-12-22 14:09:16,8,Device Type 1
User 1,Njan Prakashan,2021-12-20 17:49:08,4502,Device Type 1
User 1,Njan Prakashan,2021-12-20 17:16:04,1882,Device Type 1
User 1,Njan Prakashan,2021-12-20 17:10:03,294,Device Type 1
User 1,Trailer: After We Fell,2021-12-20 07:25:51,37,Device Type 1
User 1,One,2021-12-19 19:31:26,19,Device Type 1
User 1,No One Gets Out Alive,2021-12-19 19:31:10,8,Device Type 1
User 1,Kannum Kannum Kollaiyadithaal,2021-12-19 19:21:44,540,Device Type 1
User 1,Njan Prakashan,2021-12-19 19:06:05,470,Device Type 1
User 1,Don't Breathe 2_hook_01_16x9,2021-12-19 19:05:29,28,Device Type 1
User 1,Veronica,2021-12-19 19:04:45,23,Device Type 1
User 1,Veronica_hook_primary_16x9,2021-12-19 19:03:55,41,Device Type 1
User 1,Veronica_hook_primary_16x9,2021-12-19 18:59:24,8,Device Type 1
User 1,The Devil's Advocate_hook_primary_16x9,2021-12-19 18:58:48,14,Device Type 1
User 1,THESILENCE_CLIP_GENRE,2021-12-19 18:58:14,4,Device Type 1
User 1,Maniyarayile Ashokan,2021-12-19 17:14:36,5851,Device Type 1
User 1,Teaser: Don't Look Up,2021-12-19 14:10:42,10,Device Type 1
User 1,Kurup (Malayalam),2021-12-17 17:08:05,1071,Device Type 7
User 1,Kurup (Tamil),2021-12-17 17:06:46,2,Device Type 7
User 1,Kurup (Tamil),2021-12-17 17:06:32,6,Device Type 7
User 1,Kurup (Malayalam),2021-12-16 17:00:38,7613,Device Type 6
User 1,Kurup (Malayalam),2021-12-16 15:30:31,1101,Device Type 6
User 1,Spider-Man: Homecoming_hook_primary_16x9,2021-12-16 15:16:42,52,Device Type 6
User 1,Season 1 Trailer 2: Aranyak,2021-12-16 15:16:17,11,Device Type 6
User 1,Kurup (Malayalam),2021-12-16 15:14:43,1,Device Type 6
User 1,Kurup_hook_01_16x9,2021-12-16 15:14:31,8,Device Type 6
User 1,Season 1 Trailer: The Silent Sea,2021-12-15 15:40:31,5,Device Type 1
User 1,Marvel's Daredevil: Season 1_VAR2-RECIPE-3_AGENCY2,2021-12-14 10:59:39,18,Device Type 1
User 1,Red Notice,2021-12-11 17:16:29,4086,Device Type 1
User 1,Baahubali 2: The Conclusion (Tamil Version),2021-12-11 14:43:00,418,Device Type 7
User 1,Baahubali 2: The Conclusion (Tamil Version),2021-12-11 14:42:34,8,Device Type 7
User 1,Baahubali 2: The Conclusion (Tamil Version),2021-12-11 13:53:59,2366,Device Type 7
User 1,Kilometers and Kilometers_hook_primary_16x9,2021-12-11 13:52:36,7,Device Type 7
User 1,Volume 1 Trailer: Navarasa,2021-12-11 13:51:50,4,Device Type 7
User 1,Untitled Tentpole Title (Tamil)_hook_05_16x9,2021-12-11 13:51:22,5,Device Type 7
User 1,Part 5 Volume 2 Trailer: Money Heist,2021-12-11 13:51:00,17,Device Type 7
User 1,Red Notice,2021-12-09 17:23:38,2790,Device Type 1
User 1,Navarasa: Volume 1: Edhiri: Karuṇā (Episode 1),2021-12-09 17:20:29,177,Device Type 1
User 1,Volume 1 Trailer: Navarasa,2021-12-09 17:20:16,12,Device Type 1
User 1,Volume 1 Trailer: Navarasa,2021-12-09 17:20:02,4,Device Type 1
User 1,Red Notice,2021-12-09 17:19:16,5,Device Type 1
User 1,Doctor (Tamil),2021-12-08 18:01:16,8785,Device Type 1
User 1,Part 4 Bonus Video 1: Money Heist,2021-12-08 16:52:13,24,Device Type 1
User 1,"Volume 2 Trailer: Love, Death & Robots",2021-12-08 15:41:14,25,Device Type 1
User 1,Dark: Season 2 (Trailer),2021-12-08 15:22:53,7,Device Type 1
User 1,Season 1 Teaser: The Witcher,2021-12-08 15:21:28,17,Device Type 1
User 1,Volume 1 Trailer: Navarasa,2021-12-08 15:21:04,11,Device Type 1
User 1,Main Character Intro Clip: No One Gets Out Alive,2021-12-08 14:57:44,5,Device Type 1
User 1,Extinct: Clip: Genre Specific Moment,2021-12-08 14:53:51,29,Device Type 1
User 1,Extraction_VAR2-CLIP_CHARACTER,2021-12-08 14:50:34,9,Device Type 1
User 1,Thambi,2021-12-08 14:48:38,26,Device Type 1
User 1,Untitled Jeethu Joseph/Karthi Film_hook_primary_16x9,2021-12-08 14:48:25,12,Device Type 1
User 1,Super Deluxe_hook_02_16x9,2021-12-08 14:47:16,25,Device Type 1
User 1,Kannum Kannum Kollaiyadithaal,2021-12-08 14:46:26,31,Device Type 1
User 1,Kannum Kannum Kollaiyadithaal_hook_03_16x9,2021-12-08 14:45:37,46,Device Type 1
User 1,Mandela (Tamil)_hook_03_16x9,2021-12-08 14:45:10,7,Device Type 1
User 1,Maniyarayile Ashokan_hook_05_16x9,2021-12-08 14:43:23,17,Device Type 1
User 1,Trailer: Minnal Murali,2021-12-08 14:41:47,6,Device Type 1
User 1,Untitled Tentpole Title (Tamil)_hook_02_16x9,2021-12-08 14:39:57,6,Device Type 1
User 1,Untitled Tentpole Title (Tamil)_hook_02_16x9,2021-12-08 14:39:26,6,Device Type 1
User 3,Bullet Train - Fast Laughs - Clip 1,2022-11-07 12:57:43,27,Device Type 4
User 3,Thallumaala,2022-09-22 06:07:33,3891,Device Type 4
User 3,Thallumala_hook_primary_16x9,2022-09-18 15:36:03,34,Device Type 4
User 3,Season 1 Trailer: Jurassic World Camp Cretaceous,2022-09-14 16:21:24,19,Device Type 4
User 3,Thallumala_hook_03_16x9,2022-09-14 16:20:24,46,Device Type 4
User 3,Ek Villain Returns,2022-09-14 15:14:28,2905,Device Type 4
User 3,Ek Villain 2_hook_05_16x9,2022-09-14 15:13:45,35,Device Type 4
User 3,Ouija: Origin of Evil,2022-09-11 16:28:04,1178,Device Type 4
User 3,Ouija: Origin of Evil_hook_02_16x9,2022-09-11 16:26:46,28,Device Type 4
User 3,Season 3 Trailer: Jurassic World Camp Cretaceous,2022-09-11 16:25:39,7,Device Type 4
User 3,Katteri_hook_primary_16x9,2022-09-11 16:25:07,24,Device Type 4
User 3,Boomika (Malayalam),2022-08-26 16:04:27,3520,Device Type 4
User 3,Boomika (Malayalam)_hook_01_16x9,2022-08-26 16:04:15,9,Device Type 4
User 3,Boomika (Malayalam)_hook_01_16x9,2022-08-26 16:03:46,12,Device Type 4
User 3,Boomika (Malayalam)_hook_01_16x9,2022-08-26 16:02:28,7,Device Type 4
User 3,Boomika (Malayalam)_hook_01_16x9,2022-08-26 16:01:28,13,Device Type 4
User 3,Sherdil_hook_03_16x9,2022-08-23 16:22:49,14,Device Type 4
User 3,Kaaval,2022-08-19 15:04:49,2288,Device Type 4
User 3,Season 3 Trailer: Jurassic World Camp Cretaceous,2022-08-18 05:30:30,5,Device Type 4
User 3,Godse_hook_02_16x9,2022-08-15 15:40:46,13,Device Type 4
User 3,Gangubai Kathiawadi_hook_primary_16x9,2022-08-15 15:39:38,21,Device Type 4
User 3,All of Us Are Dead: Season 1: Episode 1,2022-08-13 13:33:26,14,Device Type 4
User 3,Season 1 Plot Clip: All of Us Are Dead,2022-08-13 13:33:17,7,Device Type 4
User 3,Season 3 Trailer: Jurassic World Camp Cretaceous,2022-08-13 13:29:03,17,Device Type 4
User 3,Season 1 Plot Clip: All of Us Are Dead,2022-08-13 13:27:24,18,Device Type 4
User 3,Shabaash Mithu,2022-08-12 15:14:59,1505,Device Type 4
User 3,Shabaash Mithu_hook_02_16x9,2022-08-12 15:14:50,7,Device Type 4
User 3,Shabaash Mithu_hook_02_16x9,2022-08-12 15:13:39,44,Device Type 4
User 3,Shyam Singha Roy_hook_05_16x9,2022-08-11 15:57:27,32,Device Type 4
User 3,Godse_hook_04_16x9,2022-08-11 15:56:53,9,Device Type 4
User 3,Vikruthi_hook_02_16x9,2022-08-11 15:55:06,5,Device Type 4
User 3,Season 1 Cinemagraph: The Sandman,2022-08-11 15:52:06,7,Device Type 4
User 3,Varane Avashyamund (Malayalam)_hook_04_16x9,2022-08-11 15:51:13,32,Device Type 4
User 3,Boomika (Malayalam)_hook_01_16x9,2022-08-11 15:50:40,12,Device Type 4
User 3,The Legend of Tarzan_hook_primary_16x9,2022-08-11 15:32:38,8,Device Type 4
User 3,Pukka Commercial_hook_05_16x9,2022-08-11 15:31:49,15,Device Type 4
User 3,Kaaval_hook_03_16x9,2022-08-11 15:30:53,23,Device Type 4
User 3,Boomika (Malayalam)_hook_01_16x9,2022-08-11 15:28:32,34,Device Type 4
User 3,Kurup_hook_05_16x9,2022-08-11 15:27:05,27,Device Type 4
User 3,Super Deluxe_hook_05_16x9,2022-08-11 15:26:09,26,Device Type 4
User 3,Darlings,2022-08-08 06:40:14,724,Device Type 4
User 3,Virata Parvam (Malayalam),2022-08-03 15:48:49,4402,Device Type 4
User 3,Virata Parwam (Malayalam)_hook_04_16x9,2022-08-03 15:47:41,63,Device Type 4
User 3,Thambi,2022-08-01 15:44:41,3046,Device Type 4
User 3,Untitled Jeethu Joseph/Karthi Film_hook_04_16x9,2022-08-01 15:44:34,6,Device Type 4
User 3,Kilometers and Kilometers,2022-07-28 16:16:30,1811,Device Type 4
User 3,Kilometers and Kilometers_hook_05_16x9,2022-07-28 16:15:58,30,Device Type 4
User 3,Ante Sundaraniki (Malayalam),2022-07-23 16:30:03,1302,Device Type 4
User 3,Ante Sundaraniki (Malayalam)_hook_05_16x9,2022-07-23 16:29:57,5,Device Type 4
User 3,Ante Sundaraniki (Malayalam),2022-07-23 15:11:03,3114,Device Type 4
User 3,Ante Sundaraniki (Malayalam)_hook_02_16x9,2022-07-23 15:10:53,7,Device Type 4
User 3,Vaashi,2022-07-22 16:59:47,765,Device Type 4
User 3,Vaashi,2022-07-22 15:49:56,3562,Device Type 4
User 3,CIA: Comrade in America,2022-07-12 17:30:09,628,Device Type 4
User 3,CIA: Comrade in America,2022-07-12 16:55:27,1758,Device Type 4
User 3,Lilli,2022-07-12 16:36:47,913,Device Type 4
User 3,Dear Friend,2022-07-12 15:23:39,4090,Device Type 4
User 3,Dear Friend_hook_primary_16x9,2022-07-12 15:23:29,8,Device Type 4
User 3,Kuttavum Shikshayum,2022-07-11 15:59:58,3895,Device Type 4
User 3,Kuttavum Shikshayum_hook_05_16x9,2022-07-11 15:59:48,7,Device Type 4
User 3,Major (Malayalam)_hook_05_16x9,2022-07-11 13:52:29,19,Device Type 4
User 3,Major (Malayalam),2022-07-09 15:44:07,3877,Device Type 4
User 3,RRR (Hindi),2022-05-29 15:34:34,3638,Device Type 4
User 3,RRR_hook_03_16x9,2022-05-29 15:34:12,21,Device Type 4
User 3,Season 1 Trailer: First Kill,2022-05-29 15:33:43,4,Device Type 4
User 3,Irul,2022-05-29 15:17:37,604,Device Type 4
User 3,Irul_hook_01_16x9,2022-05-29 15:17:32,4,Device Type 4
User 3,Etharkkum Thunindhavan,2022-05-22 16:27:48,3163,Device Type 4
User 3,Night Drive,2022-05-22 15:37:32,2716,Device Type 4
User 3,Night Drive_hook_primary_16x9,2022-05-22 15:37:18,13,Device Type 4
User 3,Hey Sinamika,2022-04-01 11:12:00,294,Device Type 4
User 3,Hey Sinamika,2022-04-01 09:35:52,3799,Device Type 4
User 3,Hey Sinamika,2022-04-01 09:33:53,55,Device Type 4
User 3,Hey Sinamika (Tamil)_hook_04_16x9,2022-04-01 09:32:16,31,Device Type 4
User 3,Love,2021-12-11 16:48:37,788,Device Type 0
User 3,Love,2021-12-11 16:17:06,1804,Device Type 0
User 3,Jurassic World,2021-12-01 17:15:00,192,Device Type 0
User 3,Jurassic World,2021-12-01 16:24:42,2768,Device Type 0
User 3,Mimi,2021-12-01 16:13:44,12,Device Type 0
User 3,Aiyaary,2021-12-01 16:02:12,16,Device Type 0
User 3,Aiyaary,2021-12-01 15:51:15,14,Device Type 0
User 3,Jumanji: Welcome to the Jungle,2021-11-26 09:32:15,589,Device Type 0
User 3,Jumanji: Welcome to the Jungle_hook_primary_16x9,2021-11-26 09:31:45,8,Device Type 0
User 3,Mowgli: Legend of the Jungle,2021-11-25 16:37:44,4667,Device Type 0
User 4,Moment of High Emotion Clip: Me Time,2022-09-30 14:54:39,7,Device Type 5
User 4,30 Minutes or Less_hook_01_16x9,2022-09-30 14:54:24,8,Device Type 5
User 4,Naruto Shippuden: Season 8: Big Adventure! The Quest for the Fourth Hokage's Legacy: Part 1 (Episode 170),2022-09-30 14:53:01,6,Device Type 5
User 4,Thallumaala,2022-09-22 08:50:17,3950,Device Type 5
User 4,Thallumaala,2022-09-22 04:30:50,2005,Device Type 5
User 4,Thallumaala,2022-09-21 15:19:34,1254,Device Type 5
User 4,Thallumaala,2022-09-20 14:55:48,951,Device Type 5
User 4,Season 1 Main Character Intro Clip: Cyberpunk: Edgerunners,2022-09-19 04:05:41,5,Device Type 5
User 4,Season 2 Teaser 2: Fate: The Winx Saga,2022-09-19 04:04:50,30,Device Type 5
User 4,Naruto Shippuden: Season 8: Big Adventure! The Quest for the Fourth Hokage's Legacy: Part 1 (Episode 170),2022-09-19 04:03:43,8,Device Type 5
User 4,Naruto Shippuden: Season 8: The Two Students (Episode 169),2022-09-19 04:01:24,97,Device Type 5
User 4,Naruto Shippuden: Season 8: Fourth Hokage (Episode 168),2022-09-18 15:33:30,916,Device Type 5
User 4,Naruto Shippuden: Season 8: Planetary Devastation (Episode 167),2022-09-18 15:12:35,1213,Device Type 5
User 4,Naruto Shippuden: Season 8: Confessions (Episode 166),2022-09-18 15:00:25,415,Device Type 5
User 4,"Naruto Shippuden: Season 8: Nine Tails, Captured! (Episode 165)",2022-09-18 14:44:43,923,Device Type 5
User 4,Naruto Shippuden: Season 8: Danger! Sage Mode Limit Reached (Episode 164),2022-09-18 14:40:28,247,Device Type 5
User 4,Season 1 Teaser: Narco-Saints,2022-09-18 14:40:18,4,Device Type 5
User 4,Attention Please_hook_01_16x9,2022-09-18 14:39:59,14,Device Type 5
User 4,Thallumaala,2022-09-17 16:22:43,5,Device Type 5
User 4,Thallumaala,2022-09-17 16:20:35,42,Device Type 5
User 4,Naruto Shippuden: Season 8: Danger! Sage Mode Limit Reached (Episode 164),2022-09-17 04:07:57,784,Device Type 5
User 4,Naruto Shippuden: Season 8: Explosion! Sage Mode (Episode 163),2022-09-16 15:57:34,1022,Device Type 5
User 4,Naruto Shippuden: Season 8: Pain to the World (Episode 162),2022-09-16 15:38:49,1002,Device Type 5
User 4,Naruto Shippuden: Season 8: Pain to the World (Episode 162),2022-09-16 15:16:13,137,Device Type 5
User 4,Naruto Shippuden: Season 8: Pain to the World (Episode 162),2022-09-16 15:07:31,104,Device Type 5
User 4,"Naruto Shippuden: Season 8: Surname Is Sarutobi! Given Name, Konohamaru! (Episode 161)",2022-09-16 14:48:23,1134,Device Type 5
User 4,Naruto Shippuden: Season 8: Mystery of Pain (Episode 160),2022-09-16 04:51:22,1011,Device Type 5
User 4,Naruto Shippuden: Season 8: Pain vs. Kakashi (Episode 159),2022-09-16 04:31:05,1211,Device Type 5
User 4,Naruto Shippuden: Season 8: Power to Believe (Episode 158),2022-09-16 04:09:15,1151,Device Type 5
User 4,Naruto Shippuden: Season 8: Assault on the Leaf Village! (Episode 157),2022-09-16 04:05:51,88,Device Type 5
User 4,Naruto Shippuden: Season 8: Assault on the Leaf Village! (Episode 157),2022-09-16 03:49:43,565,Device Type 5
User 4,Naruto Shippuden: Season 8: Assault on the Leaf Village! (Episode 157),2022-09-16 03:34:59,293,Device Type 5
User 4,Naruto Shippuden: Season 8: Surpassing the Master (Episode 156),2022-09-15 14:55:10,1061,Device Type 5
User 4,Naruto Shippuden: Season 8: Surpassing the Master (Episode 156),2022-09-15 08:10:29,4,Device Type 5
User 4,Naruto Shippuden: Season 8: The First Challenge (Episode 155),2022-09-15 07:57:11,761,Device Type 5
User 4,Naruto Shippuden: Season 8: Decryption (Episode 154),2022-09-15 07:48:11,499,Device Type 5
User 4,Naruto Shippuden: Season 7: Successor of the Forbidden Jutsu (Episode 145),2022-09-15 07:47:22,8,Device Type 5
User 4,Naruto Shippuden: Season 7: Wanderer (Episode 144),2022-09-15 07:45:27,99,Device Type 5
User 4,Naruto Shippuden: Season 7: Wanderer (Episode 144),2022-09-15 05:03:39,3,Device Type 5
User 4,Naruto Shippuden: Season 6: The Eight Tails vs Sasuke (Episode 143),2022-09-15 04:43:48,1188,Device Type 5
User 4,Naruto Shippuden: Season 6: Battle of Unraikyo (Episode 142),2022-09-15 04:24:31,1147,Device Type 5
User 4,Naruto Shippuden: Season 6: Truth (Episode 141),2022-09-15 04:04:42,1186,Device Type 5
User 4,Naruto Shippuden: Season 6: Fate (Episode 140),2022-09-15 03:42:59,1193,Device Type 5
User 4,Naruto Shippuden: Season 6: The Mystery of Tobi (Episode 139),2022-09-14 14:59:37,1214,Device Type 5
User 4,Naruto Shippuden: Season 6: The End (Episode 138),2022-09-14 14:42:35,976,Device Type 5
User 4,Naruto Shippuden: Season 6: Amaterasu! (Episode 137),2022-09-14 14:32:24,603,Device Type 5
User 4,Naruto Shippuden: Season 6: Amaterasu! (Episode 137),2022-09-14 08:03:48,460,Device Type 5
User 4,Naruto Shippuden: Season 6: The Light & Dark of the Mangekyo Sharingan (Episode 136),2022-09-14 07:53:14,612,Device Type 5
User 4,Naruto Shippuden: Season 6: The Light & Dark of the Mangekyo Sharingan (Episode 136),2022-09-14 04:38:46,63,Device Type 5
User 4,Naruto Shippuden: Season 6: The Longest Moment... (Episode 135),2022-09-14 04:30:47,302,Device Type 5
User 4,Naruto Shippuden: Season 6: Banquet Invitation (Episode 134),2022-09-14 04:15:31,816,Device Type 5
User 4,Naruto Shippuden: Season 6: Banquet Invitation (Episode 134),2022-09-13 15:46:49,347,Device Type 5
User 4,Naruto Shippuden: Season 6: The Tale of Jiraiya the Gallant (Episode 133),2022-09-13 15:28:29,1082,Device Type 5
User 4,"Naruto Shippuden: Season 6: In Attendance, The Six Paths of Pain (Episode 132)",2022-09-13 15:11:44,950,Device Type 5
User 4,"Naruto Shippuden: Season 6: In Attendance, The Six Paths of Pain (Episode 132)",2022-09-13 14:55:00,354,Device Type 5
User 4,Naruto Shippuden: Season 6: Honored Sage Mode! (Episode 131),2022-09-13 14:42:51,719,Device Type 5
User 4,Naruto Shippuden: Season 6: Honored Sage Mode! (Episode 131),2022-09-13 08:05:18,461,Device Type 5
User 4,Naruto Shippuden: Season 6: The Man Who Became God (Episode 130),2022-09-13 08:00:55,210,Device Type 5
User 4,Naruto Shippuden: Season 6: Infiltrate! The Village Hidden in the Rain (Episode 129),2022-09-13 08:00:07,13,Device Type 5
User 4,Naruto Shippuden: Season 6: Tales of a Gutsy Ninja: Jiraiya Ninja Scrolls Part 2 (Episode 128),2022-09-13 07:59:02,32,Device Type 5
User 4,Naruto Shippuden: Season 6: Tales of a Gutsy Ninja : Jiraiya Ninja Scrolls: Part 1 (Episode 127),2022-09-13 07:58:30,17,Device Type 5
User 4,Naruto Shippuden: Season 6: Twilight (Episode 126),2022-09-13 07:43:30,821,Device Type 5
User 4,Naruto Shippuden: Season 6: Disappearance (Episode 125),2022-09-13 07:37:41,328,Device Type 5
User 4,Naruto Shippuden: Season 6: Disappearance (Episode 125),2022-09-13 04:16:50,512,Device Type 5
User 4,Naruto Shippuden: Season 6: Art (Episode 124),2022-09-13 04:08:46,480,Device Type 5
User 4,Naruto Shippuden: Season 6: Art (Episode 124),2022-09-12 15:26:07,666,Device Type 5
User 4,Naruto Shippuden: Season 6: Clash! (Episode 123),2022-09-12 15:05:41,1221,Device Type 5
User 4,Naruto Shippuden: Season 1_hook_02_16x9,2022-09-12 15:05:16,13,Device Type 5
User 4,The Tuxedo_hook_01_16x9,2022-09-12 15:04:45,23,Device Type 5
User 4,Season 1 Teaser 1: The Midnight Club,2022-09-12 04:59:59,7,Device Type 1
User 4,Naruto Shippuden: Season 1_hook_01_16x9,2022-09-12 04:59:15,4,Device Type 1
User 4,Minions Compilation_hook_primary_16x9,2022-09-12 04:58:05,37,Device Type 1
User 4,Trailer: Fullmetal Alchemist The Final Alchemy,2022-09-12 04:57:39,14,Device Type 1
User 4,The Good Doctor: The Good Doctor: Season 1_hook_primary_16x9,2022-09-12 04:57:31,4,Device Type 1
User 4,Naruto Shippuden: Season 6: The Hunt (Episode 122),2022-09-12 04:56:20,5,Device Type 1
User 4,Naruto Shippuden: Season 6: Assemble (Episode 121),2022-09-12 04:55:29,44,Device Type 1
User 4,Naruto Shippuden: Season 6: Kakashi Chronicles: A Boy's Life on the Battlefield: Part 2 (Episode 120),2022-09-12 04:36:02,1059,Device Type 1
User 4,Naruto Shippuden: Season 6: Kakashi Chronicles: A Boy's Life on the Battlefield: Part 1 (Episode 119),2022-09-12 04:30:06,347,Device Type 1
User 4,Naruto Shippuden: Season 6: Zabuza's Blade (Episode 115),2022-09-12 04:26:15,200,Device Type 1
User 4,Naruto Shippuden: Season 5: Connecting Hearts (Episode 93),2022-09-12 04:25:40,5,Device Type 1
User 4,Naruto Shippuden: Season 5: Connecting Hearts (Episode 93),2022-09-12 04:24:21,2,Device Type 1
User 4,Naruto Shippuden: Season 5: Encounter (Episode 92),2022-09-12 04:24:13,5,Device Type 1
User 4,Naruto Shippuden: Season 5: Orochimaru's Hideout Discovered (Episode 91),2022-09-12 04:24:06,5,Device Type 1
User 4,Naruto Shippuden: Season 5: A Shinobi’s Determination (Episode 90),2022-09-12 04:23:54,8,Device Type 1
User 4,Naruto Shippuden: Season 5: The Price of Power (Episode 89),2022-09-12 04:12:35,675,Device Type 1
User 4,Naruto Shippuden: Season 4: Wind Style: Rasen Shuriken! (Episode 88),2022-09-11 16:14:22,503,Device Type 5
User 4,"Naruto Shippuden: Season 4: When You Curse Someone, You Dig Your Own Grave (Episode 87)",2022-09-11 16:07:15,396,Device Type 5
User 4,Naruto Shippuden: Season 4: Shikamaru's Genius (Episode 86),2022-09-11 16:04:27,123,Device Type 5
User 4,Naruto Shippuden: Season 4: The Terrifying Secret (Episode 85),2022-09-11 16:02:56,72,Device Type 5
User 4,Naruto Shippuden: Season 4: Kakuzu's Abilities (Episode 84),2022-09-11 15:59:13,165,Device Type 5
User 4,Naruto Shippuden: Season 4: Target: Locked On (Episode 83),2022-09-11 15:52:19,376,Device Type 5
User 4,Naruto Shippuden: Season 4: Team 10 (Episode 82),2022-09-11 15:51:46,9,Device Type 5
User 4,Naruto Shippuden: Season 4: Sad News (Episode 81),2022-09-11 15:43:38,421,Device Type 5
User 4,Naruto Shippuden: Season 4: Last Words (Episode 80),2022-09-11 15:43:01,7,Device Type 5
User 4,Naruto Shippuden: Season 4: Unfulfilled Scream (Episode 79),2022-09-11 15:42:39,6,Device Type 5
User 4,Naruto Shippuden: Season 4: The Judgment (Episode 78),2022-09-11 15:40:42,95,Device Type 5
User 4,Naruto Shippuden: Season 4: Climbing Silver (Episode 77),2022-09-11 15:35:23,281,Device Type 5
User 4,Naruto Shippuden: Season 4: The Next Step (Episode 76),2022-09-11 15:22:30,673,Device Type 5
User 4,Naruto Shippuden: Season 3: Everyone's Struggle to the Death (Episode 67),2022-09-11 15:22:02,4,Device Type 5
User 4,Naruto Shippuden: Season 3: Revived Souls (Episode 66),2022-09-11 15:17:15,270,Device Type 5
User 4,Naruto Shippuden: Season 3: Revived Souls (Episode 66),2022-09-11 15:11:09,34,Device Type 5
User 4,Naruto Shippuden: Season 3: Lockdown of Darkness (Episode 65),2022-09-11 15:10:32,11,Device Type 5
User 4,Naruto Shippuden: Season 3: Jet-Black Signal Fire (Episode 64),2022-09-11 15:08:59,38,Device Type 5
User 4,Naruto Shippuden: Season 3: The Two Kings (Episode 63),2022-09-11 15:08:02,17,Device Type 5
User 4,Naruto Shippuden: Season 3: Teammate (Episode 62),2022-09-11 15:07:18,30,Device Type 5
User 4,Naruto Shippuden: Season 3: Contact (Episode 61),2022-09-11 15:06:45,7,Device Type 5
User 4,Naruto Shippuden: Season 3: Impermanence (Episode 60),2022-09-11 15:06:21,10,Device Type 5
User 4,Naruto Shippuden: Season 3: A New Enemy (Episode 59),2022-09-11 15:05:50,12,Device Type 5
User 4,Naruto Shippuden: Season 3: Loneliness (Episode 58),2022-09-11 15:05:10,17,Device Type 5
User 4,Naruto Shippuden: Season 3: Deprived of Eternal Sleep (Episode 57),2022-09-11 15:03:20,81,Device Type 5
User 4,Naruto Shippuden: Season 3: Writhe (Episode 56),2022-09-11 14:58:15,262,Device Type 5
User 4,Naruto Shippuden: Season 3: Wind (Episode 55),2022-09-11 14:57:12,17,Device Type 5
User 4,Naruto Shippuden: Season 3: Nightmare (Episode 54),2022-09-11 14:56:38,15,Device Type 5
User 4,Naruto Shippuden: Season 2: Title (Episode 53),2022-09-11 14:48:07,489,Device Type 5
User 4,Naruto Shippuden: Season 2: The Power of Uchiha (Episode 52),2022-09-10 04:20:34,720,Device Type 5
User 4,Naruto Shippuden: Season 2: Reunion (Episode 51),2022-09-10 04:03:58,960,Device Type 5
User 4,Naruto Shippuden: Season 2: The Picture Book's Story (Episode 50),2022-09-10 03:58:46,305,Device Type 5
User 4,Supporting Character Clip: End of the Road,2022-09-10 03:57:54,44,Device Type 5
User 4,Naruto Shippuden: Season 2: The Picture Book's Story (Episode 50),2022-09-09 08:06:26,241,Device Type 5
User 4,Naruto Shippuden: Season 2: Something Important… (Episode 49),2022-09-09 07:55:41,619,Device Type 5
User 4,Naruto Shippuden: Season 2: Bonds (Episode 48),2022-09-09 07:53:06,144,Device Type 5
User 4,Naruto Shippuden: Season 2: Bonds (Episode 48),2022-09-08 15:19:57,20,Device Type 5
User 4,Naruto Shippuden: Season 2: Bonds (Episode 48),2022-09-08 14:58:31,813,Device Type 5
User 4,Naruto Shippuden: Season 2: Infiltration: The Den of the Snake! (Episode 47),2022-09-08 14:51:40,401,Device Type 5
User 4,Naruto Shippuden: Season 2: Infiltration: The Den of the Snake! (Episode 47),2022-09-07 15:13:23,724,Device Type 5
User 4,Naruto Shippuden: Season 2: The Unfinished Page (Episode 46),2022-09-07 15:06:35,397,Device Type 5
User 4,Trailer: Indian Predator: The Diary of a Serial Killer,2022-09-07 15:03:39,74,Device Type 5
User 4,Naruto Shippuden: Season 2: The Unfinished Page (Episode 46),2022-09-07 07:56:33,737,Device Type 5
User 4,Naruto Shippuden: Season 2: The Consequences of Betrayal (Episode 45),2022-09-07 07:44:25,722,Device Type 5
User 4,Naruto Shippuden: Season 2: The Consequences of Betrayal (Episode 45),2022-09-06 04:06:19,477,Device Type 5
User 4,Naruto Shippuden: Season 2: The Secret of the Battle! (Episode 44),2022-09-06 04:01:17,296,Device Type 5
User 4,Naruto Shippuden: Season 2: The Secret of the Battle! (Episode 44),2022-09-05 08:37:53,865,Device Type 5
User 4,Naruto Shippuden: Season 2: Sakura's Tears (Episode 43),2022-09-05 08:36:15,78,Device Type 5
User 4,Naruto Shippuden: Season 2: Sakura's Tears (Episode 43),2022-09-04 16:32:31,871,Device Type 4
User 4,Naruto Shippuden: Season 2: Orochimaru vs. Jinchuuriki (Episode 42),2022-09-04 16:03:51,492,Device Type 4
User 4,Naruto Shippuden: Season 2: Orochimaru vs. Jinchuuriki (Episode 42),2022-09-04 15:24:08,442,Device Type 4
User 4,Naruto Shippuden: Season 2: The Top-Secret Mission Begins (Episode 41),2022-09-04 15:16:48,394,Device Type 4
User 4,Naruto Shippuden: Season 2: The Nine Tails Unleashed (Episode 40),2022-09-04 15:05:21,673,Device Type 4
User 4,Naruto Shippuden: Season 2: The Tenchi Bridge (Episode 39),2022-09-04 15:05:04,7,Device Type 4
User 4,Naruto Shippuden: Season 2: The Nine Tails Unleashed (Episode 40),2022-09-04 15:02:48,51,Device Type 4
User 4,Naruto Shippuden: Season 2: The Tenchi Bridge (Episode 39),2022-09-04 14:57:21,293,Device Type 4
User 4,Naruto Shippuden: Season 2: Simulation (Episode 38),2022-09-04 14:56:28,38,Device Type 4
User 4,Naruto Shippuden: Season 2: Untitled (Episode 37),2022-09-04 14:55:04,47,Device Type 4
User 4,Naruto Shippuden: Season 2: The Fake Smile (Episode 36),2022-09-04 14:22:47,555,Device Type 4
User 4,Naruto Shippuden: Season 2: An Unnecessary Addition (Episode 35),2022-09-04 14:18:13,230,Device Type 4
User 4,Naruto Shippuden: Season 2: Formation! New Team Kakashi (Episode 34),2022-09-04 14:16:10,84,Device Type 4
User 4,Naruto Shippuden: Season 2: The New Target (Episode 33),2022-09-04 14:12:53,151,Device Type 4
User 4,Naruto Shippuden: Season 1: Return of the Kazekage (Episode 32),2022-09-04 14:07:59,258,Device Type 4
User 4,Naruto Shippuden: Season 1: The Legacy (Episode 31),2022-09-04 14:00:10,451,Device Type 4
User 4,Naruto Shippuden: Season 1: The Legacy (Episode 31),2022-09-04 12:45:27,414,Device Type 4
User 4,Naruto Shippuden: Season 1_hook_primary_16x9,2022-09-04 12:45:11,5,Device Type 4
User 4,Breaking Bad: Season 1_hook_05_16x9,2022-09-04 12:44:43,4,Device Type 4
User 4,Brooklyn Nine-Nine: Season 1_hook_primary_16x9,2022-09-04 12:44:34,6,Device Type 4
User 4,My Hero Academia: Season 1 - Upper Bound Clip 6,2022-09-04 12:41:50,70,Device Type 4
User 4,Naruto Shippuden: Season 1_hook_primary_16x9,2022-09-04 12:40:30,26,Device Type 4
User 4,The Departed - Clip 4,2022-09-04 12:40:20,6,Device Type 4
User 4,Not Another Teen Movie - Clip 2,2022-09-04 12:40:04,15,Device Type 4
User 4,Never Have I Ever: Season 1 - Clip 3,2022-09-04 12:39:08,22,Device Type 4
User 4,Season 2 Direct Lift Hook 5: Never Have I Ever,2022-09-04 12:38:37,30,Device Type 4
User 4,Naruto Shippuden: Season 1: The Legacy (Episode 31),2022-08-31 15:49:03,4,Device Type 5
User 4,Naruto Shippuden: Season 1: Aesthetics of an Instant (Episode 30),2022-08-31 15:30:53,990,Device Type 5
User 4,Naruto Shippuden: Season 1: Kakashi Enlightened! (Episode 29),2022-08-31 15:20:04,613,Device Type 5
User 4,Naruto Shippuden: Season 1: Kakashi Enlightened! (Episode 29),2022-08-31 08:07:50,263,Device Type 5
User 4,Naruto Shippuden: Season 1: Beasts: Alive Again! (Episode 28),2022-08-31 07:56:27,650,Device Type 5
User 4,Naruto Shippuden: Season 1: Impossible Dream (Episode 27),2022-08-31 07:47:23,507,Device Type 5
User 4,Naruto Shippuden: Season 1: Impossible Dream (Episode 27),2022-08-31 04:04:06,162,Device Type 5
User 4,Naruto Shippuden: Season 1: Puppet Fight: 10 vs. 100! (Episode 26),2022-08-31 03:50:58,541,Device Type 5
User 4,Naruto Shippuden: Season 1: Puppet Fight: 10 vs. 100! (Episode 26),2022-08-30 07:58:06,583,Device Type 5
User 4,Naruto Shippuden: Season 1: Three Minutes Between Life and Death (Episode 25),2022-08-30 07:47:52,607,Device Type 5
User 4,Naruto Shippuden: Season 1: Three Minutes Between Life and Death (Episode 25),2022-08-30 04:56:11,533,Device Type 5
User 4,Naruto Shippuden: Season 1: The Third Kazekage (Episode 24),2022-08-30 04:48:26,446,Device Type 5
User 4,Hunter X Hunter (2011): Season 1_hook_primary_16x9,2022-08-30 04:48:07,9,Device Type 5
User 4,Naruto Shippuden: Season 1: The Third Kazekage (Episode 24),2022-08-29 07:50:34,680,Device Type 5
User 4,Naruto Shippuden: Season 1: Father and Mother (Episode 23),2022-08-29 07:43:15,347,Device Type 5
User 4,Book 3 Genre Specific Moment Clip: DOTA: Dragon's Blood,2022-08-29 07:42:58,8,Device Type 5
User 4,Naruto Shippuden: Season 1: Father and Mother (Episode 23),2022-08-29 04:24:26,574,Device Type 1
User 4,Naruto Shippuden: Season 1: Chiyo's Secret Skills (Episode 22),2022-08-28 15:20:24,1014,Device Type 5
User 4,Naruto Shippuden: Season 1: Sasori's Real Face (Episode 21),2022-08-28 15:01:20,1130,Device Type 5
User 4,Season 1 High Context Clip: Mo,2022-08-28 14:14:04,8,Device Type 2
User 4,Naruto Shippuden: Season 1: Hiruko vs. Two Kunoichi! (Episode 20),2022-08-28 09:04:01,652,Device Type 5
User 4,Naruto Shippuden: Season 1: Traps Activate! Team Guy’s Enemies (Episode 19),2022-08-28 08:59:50,178,Device Type 5
User 4,Naruto Shippuden: Season 1: Charge Tactic! Button Hook Entry!! (Episode 18),2022-08-28 08:49:05,599,Device Type 5
User 4,Naruto Shippuden: Season 1: The Death of Gaara! (Episode 17),2022-08-28 08:36:14,711,Device Type 5
User 4,Naruto Shippuden: Season 1: The Secret of Jinchuriki (Episode 16),2022-08-28 08:18:32,1040,Device Type 5
User 4,Naruto Shippuden: Season 1: The Secret Weapon is Called…. (Episode 15),2022-08-28 08:00:14,899,Device Type 5
User 4,Naruto Shippuden: Season 1: Naruto's Growth (Episode 14),2022-08-28 07:51:54,472,Device Type 5
User 4,Naruto Shippuden: Season 1: Naruto's Growth (Episode 14),2022-08-27 15:05:25,674,Device Type 5
User 4,Naruto Shippuden: Season 1: A Meeting With Destiny (Episode 13),2022-08-27 14:51:47,811,Device Type 5
User 4,Naruto Shippuden: Season 1_hook_02_16x9,2022-08-27 14:51:34,10,Device Type 5
User 4,The Mummy_hook_primary_16x9,2022-08-27 14:51:08,13,Device Type 5
User 4,Season 2 Genre Specific Moment Clip: Delhi Crime,2022-08-27 08:10:28,31,Device Type 5
User 4,Naruto Shippuden: Season 1: A Meeting With Destiny (Episode 13),2022-08-26 15:23:20,327,Device Type 5
User 4,Naruto Shippuden: Season 1: The Retired Granny's Determination (Episode 12),2022-08-26 14:58:19,1221,Device Type 5
User 4,Naruto Shippuden: Season 1: The Medical Ninja’s Student (Episode 11),2022-08-26 14:54:54,176,Device Type 5
User 4,Genre Specific Moment Clip: Me Time,2022-08-26 14:54:42,6,Device Type 5
User 4,Naruto Shippuden: Season 1: The Medical Ninja’s Student (Episode 11),2022-08-26 04:30:51,1122,Device Type 5
User 4,Naruto Shippuden: Season 1: Sealing Jutsu: Nine Phantom Dragons (Episode 10),2022-08-26 04:24:45,339,Device Type 5
User 4,Naruto Shippuden: Season 1: The Jinchuriki's Tears (Episode 9),2022-08-25 15:10:24,1133,Device Type 5
User 4,"Naruto Shippuden: Season 1: Team Kakashi, Deployed (Episode 8)",2022-08-25 15:02:18,479,Device Type 5
User 4,"Naruto Shippuden: Season 1: Team Kakashi, Deployed (Episode 8)",2022-08-24 15:14:33,808,Device Type 5
User 4,"Naruto Shippuden: Season 1: Run, Kankuro (Episode 7)",2022-08-24 15:10:52,205,Device Type 5
User 4,Season 3 Genre Specific Moment Clip: Locke & Key,2022-08-24 15:10:12,8,Device Type 5
User 4,"Naruto Shippuden: Season 1: Run, Kankuro (Episode 7)",2022-08-24 07:54:47,688,Device Type 5
User 4,Naruto Shippuden: Season 1: Mission Cleared (Episode 6),2022-08-23 15:20:21,1133,Device Type 5
User 4,Naruto Shippuden: Season 1: The Kazekage Stands Tall (Episode 5),2022-08-23 15:01:03,1139,Device Type 5
User 4,Naruto Shippuden: Season 1: The Jinchuriki of the Sand (Episode 4),2022-08-23 14:56:21,149,Device Type 5
User 4,Naruto Shippuden: Season 1: The Jinchuriki of the Sand (Episode 4),2022-08-21 04:11:48,890,Device Type 1
User 4,Naruto Shippuden: Season 1: The Jinchuriki of the Sand (Episode 4),2022-08-20 04:08:36,149,Device Type 1
User 4,Naruto Shippuden: Season 1: The Results of Training (Episode 3),2022-08-20 04:00:48,466,Device Type 1
User 4,Season 3 Act 2 Conflict Clip: Never Have I Ever,2022-08-17 06:29:39,63,Device Type 2
User 4,Naruto Shippuden: Season 1: The Results of Training (Episode 3),2022-08-12 08:39:57,369,Device Type 1
User 4,Naruto Shippuden: Season 1: The Akatsuki Makes Its Move (Episode 2),2022-08-12 08:36:22,202,Device Type 1
User 4,Naruto Shippuden: Season 1: Homecoming (Episode 1),2022-08-12 08:32:39,213,Device Type 1
User 4,Car Masters: Rust to Riches: Season 4: Life of the Party Bus (Episode 4),2022-08-09 04:44:47,1309,Device Type 0
User 4,Car Masters: Rust to Riches: Season 4: Ready for Lift Off (Episode 3),2022-08-09 04:08:03,1676,Device Type 0
User 4,Trailer: Carter,2022-08-09 04:07:41,17,Device Type 0
User 4,The Sandman: Season 1: Lost Hearts (Episode 10),2022-08-09 04:06:15,83,Device Type 0
User 4,The Sandman: Season 1: Lost Hearts (Episode 10),2022-08-09 03:24:39,1564,Device Type 0
User 4,The Sandman: Season 1: Lost Hearts (Episode 10),2022-08-08 19:28:25,1158,Device Type 0
User 4,The Sandman: Season 1: Collectors (Episode 9),2022-08-08 19:20:54,451,Device Type 0
User 4,The Sandman: Season 1: Collectors (Episode 9),2022-08-08 12:17:27,1095,Device Type 0
User 4,The Sandman: Season 1: Collectors (Episode 9),2022-08-08 11:52:50,157,Device Type 0
User 4,The Sandman: Season 1: Collectors (Episode 9),2022-08-08 11:51:46,61,Device Type 0
User 4,The Sandman: Season 1: Collectors (Episode 9),2022-08-08 11:34:09,976,Device Type 0
User 4,The Sandman: Season 1: Collectors (Episode 9),2022-08-08 11:19:47,66,Device Type 0
User 4,The Sandman: Season 1: Playing House (Episode 8),2022-08-08 11:07:47,719,Device Type 0
User 4,The Sandman: Season 1: Playing House (Episode 8),2022-08-08 10:10:25,109,Device Type 0
User 4,The Sandman: Season 1: Playing House (Episode 8),2022-08-08 09:38:22,529,Device Type 0
User 4,The Sandman: Season 1: Playing House (Episode 8),2022-08-08 09:00:12,1428,Device Type 0
User 4,The Sandman: Season 1: The Doll's House (Episode 7),2022-08-08 08:54:00,372,Device Type 0
User 4,The Sandman: Season 1: The Doll's House (Episode 7),2022-08-08 08:53:13,43,Device Type 0
User 4,The Sandman: Season 1: The Doll's House (Episode 7),2022-08-08 08:11:27,1099,Device Type 0
User 4,The Sandman: Season 1: The Doll's House (Episode 7),2022-08-08 07:28:45,438,Device Type 0
User 4,The Sandman: Season 1: The Doll's House (Episode 7),2022-08-08 07:11:22,769,Device Type 0
User 4,The Sandman: Season 1: The Sound of Her Wings (Episode 6),2022-08-08 06:15:46,2968,Device Type 0
User 4,The Sandman: Season 1: 24/7 (Episode 5),2022-08-08 05:18:47,3081,Device Type 0
User 4,The Sandman: Season 1: A Hope in Hell (Episode 4),2022-08-08 05:14:24,256,Device Type 0
User 4,The Sandman: Season 1: A Hope in Hell (Episode 4),2022-08-08 04:25:38,2302,Device Type 0
User 4,The Sandman: Season 1: Dream a Little Dream of Me (Episode 3),2022-08-08 03:54:08,1883,Device Type 0
User 4,The Contractor_hook_03_16x9,2022-08-08 03:52:46,21,Device Type 0
User 4,The Sandman: Season 1: Dream a Little Dream of Me (Episode 3),2022-08-07 19:54:12,755,Device Type 0
User 4,The Sandman: Season 1: Imperfect Hosts (Episode 2),2022-08-07 19:18:31,2046,Device Type 0
User 4,The Sandman: Season 1: Sleep of the Just (Episode 1),2022-08-07 18:27:04,3087,Device Type 0
User 4,Darlings,2022-08-07 18:09:48,242,Device Type 0
User 4,Darlings,2022-08-07 15:32:11,6720,Device Type 0
User 4,Darlings,2022-08-07 14:57:30,982,Device Type 0
User 4,Car Masters: Rust to Riches: Season 4: Ready for Lift Off (Episode 3),2022-08-06 17:35:34,418,Device Type 0
User 4,Car Masters: Rust to Riches: Season 4: All in the Family Wagon (Episode 2),2022-08-06 17:31:04,262,Device Type 0
User 4,Manifest: Season 3: Mayday: Part 2 (Episode 13),2022-08-06 09:10:55,2546,Device Type 0
User 4,Manifest: Season 3: Mayday: Part 1 (Episode 12),2022-08-06 08:28:03,2458,Device Type 0
User 4,Car Masters: Rust to Riches: Season 4: All in the Family Wagon (Episode 2),2022-08-06 06:39:49,1010,Device Type 0
User 4,Manifest: Season 3: Mayday: Part 1 (Episode 12),2022-08-06 06:16:43,102,Device Type 0
User 4,Manifest: Season 3: Duty Free (Episode 11),2022-08-06 05:25:50,2327,Device Type 0
User 4,Manifest: Season 3: Duty Free (Episode 11),2022-08-06 05:24:53,51,Device Type 0
User 4,Manifest: Season 3: Duty Free (Episode 11),2022-08-06 05:15:48,99,Device Type 0
User 4,Manifest: Season 3: Duty Free (Episode 11),2022-08-06 05:15:06,20,Device Type 0
User 4,Manifest: Season 3: Compass Calibration (Episode 10),2022-08-06 05:04:00,662,Device Type 0
User 4,Manifest: Season 3: Compass Calibration (Episode 10),2022-08-06 04:17:04,650,Device Type 0
User 4,Manifest: Season 3: Compass Calibration (Episode 10),2022-08-06 03:14:11,1176,Device Type 0
User 4,Manifest: Season 3: Bogey (Episode 9),2022-08-06 02:51:34,1266,Device Type 0
User 4,Manifest: Season 3: Bogey (Episode 9),2022-08-06 02:21:31,1235,Device Type 0
User 4,Manifest: Season 3: Destination Unknown (Episode 8),2022-08-06 02:15:11,379,Device Type 0
User 4,Manifest: Season 3: Destination Unknown (Episode 8),2022-08-05 18:47:33,1644,Device Type 0
User 4,Manifest: Season 3: Destination Unknown (Episode 8),2022-08-05 18:23:28,660,Device Type 0
User 4,Manifest: Season 3: Precious Cargo (Episode 7),2022-08-05 17:40:54,2553,Device Type 0
User 4,Manifest: Season 3: Graveyard Spiral (Episode 6),2022-08-05 16:54:39,2563,Device Type 0
User 4,Manifest: Season 3: Water Landing (Episode 5),2022-08-05 16:30:59,1419,Device Type 0
User 4,Manifest: Season 3: Water Landing (Episode 5),2022-08-05 15:54:14,1110,Device Type 0
User 4,Manifest: Season 3: Tailspin (Episode 4),2022-08-05 15:52:21,113,Device Type 0
User 4,Manifest: Season 1_hook_03_16x9,2022-08-05 15:52:06,12,Device Type 0
User 4,Manifest: Season 3: Tailspin (Episode 4),2022-08-05 13:52:16,2386,Device Type 0
User 4,Manifest: Season 3: Wingman (Episode 3),2022-08-05 13:08:08,2493,Device Type 0
User 4,Manifest: Season 3: Deadhead (Episode 2),2022-08-05 12:17:57,2489,Device Type 0
User 4,Manifest: Season 3: Tailfin (Episode 1),2022-08-05 11:36:14,2450,Device Type 0
User 4,Manifest: Season 2: Icing Conditions (Episode 13),2022-08-05 10:53:28,2492,Device Type 0
User 4,Manifest: Season 2: Call Sign (Episode 12),2022-08-05 10:47:38,350,Device Type 0
User 4,Manifest: Season 2: Call Sign (Episode 12),2022-08-05 10:00:43,1858,Device Type 0
User 4,Manifest: Season 2: Call Sign (Episode 12),2022-08-05 09:53:01,337,Device Type 0
User 4,Manifest: Season 2: Unaccompanied Minors (Episode 11),2022-08-05 09:10:57,2509,Device Type 0
User 4,Manifest: Season 2: Unaccompanied Minors (Episode 11),2022-08-05 09:08:44,81,Device Type 0
User 4,Manifest: Season 2: Course Deviation (Episode 10),2022-08-05 08:51:57,1006,Device Type 0
User 4,Manifest: Season 2: Course Deviation (Episode 10),2022-08-05 08:21:36,1499,Device Type 0
User 4,Manifest: Season 2: Airplane Bottles (Episode 9),2022-08-05 07:56:50,1485,Device Type 0
User 4,Manifest: Season 2: Airplane Bottles (Episode 9),2022-08-05 07:20:54,1007,Device Type 0
User 4,Manifest: Season 2: Carry On (Episode 8),2022-08-05 07:11:26,558,Device Type 0
User 4,Manifest: Season 2: Airplane Bottles (Episode 9),2022-08-05 07:11:09,8,Device Type 0
User 4,Manifest: Season 2: Course Deviation (Episode 10),2022-08-05 07:10:46,11,Device Type 0
User 4,Manifest: Season 2: Return Trip (Episode 6),2022-08-05 07:10:33,1,Device Type 0
User 4,Manifest: Season 2: Return Trip (Episode 6),2022-08-05 07:10:19,7,Device Type 0
User 4,Manifest: Season 2: Return Trip (Episode 6),2022-08-04 19:13:00,153,Device Type 0
User 4,Manifest: Season 2: Coordinated Flight (Episode 5),2022-08-04 19:09:56,97,Device Type 0
User 4,Manifest: Season 2: Coordinated Flight (Episode 5),2022-08-04 19:00:38,554,Device Type 0
User 4,Car Masters: Rust to Riches: Season 4: All in the Family Wagon (Episode 2),2022-08-04 18:59:13,82,Device Type 0
User 4,Car Masters: Rust to Riches: Season 4: All in the Family Wagon (Episode 2),2022-08-04 18:48:48,316,Device Type 0
User 4,Car Masters: Rust to Riches: Season 4: Dumpster Divin' (Episode 1),2022-08-04 18:22:32,1512,Device Type 0
User 4,Car Masters: Rust to Riches: Season 4: Dumpster Divin' (Episode 1),2022-08-04 18:19:13,191,Device Type 0
User 4,Car Masters: Rust to Riches: Season 4: Dumpster Divin' (Episode 1),2022-08-04 18:05:25,578,Device Type 0
User 4,"Car Masters: Rust to Riches: Season 3: Going, Going... Gone? (Episode 8)",2022-08-04 17:57:01,503,Device Type 0
User 4,"Car Masters: Rust to Riches: Season 3: Going, Going... Gone? (Episode 8)",2022-08-04 17:33:37,1016,Device Type 0
User 4,"Car Masters: Rust to Riches: Season 3: Going, Going... Gone? (Episode 8)",2022-08-04 12:44:18,531,Device Type 0
User 4,Car Masters: Rust to Riches: Season 3: Proof of Concept (Episode 7),2022-08-04 12:32:39,698,Device Type 0
User 4,Car Masters: Rust to Riches: Season 3: Proof of Concept (Episode 7),2022-08-04 11:55:38,25,Device Type 0
User 4,Car Masters: Rust to Riches: Season 3: Proof of Concept (Episode 7),2022-08-04 11:48:52,116,Device Type 0
User 4,"Car Masters: Rust to Riches: Season 3: Going, Going... Gone? (Episode 8)",2022-08-04 11:47:34,55,Device Type 0
User 4,Manifest: Season 2: Coordinated Flight (Episode 5),2022-08-04 08:38:29,1853,Device Type 0
User 4,Manifest: Season 2: Black Box (Episode 4),2022-08-04 07:49:58,1878,Device Type 0
User 4,Manifest: Season 2: Black Box (Episode 4),2022-08-04 07:37:05,659,Device Type 0
User 4,Manifest: Season 2: False Horizon (Episode 3),2022-08-04 06:53:16,2518,Device Type 0
User 4,Manifest: Season 2: Grounded (Episode 2),2022-08-04 06:49:26,165,Device Type 0
User 4,Manifest: Season 2: Grounded (Episode 2),2022-08-04 06:11:15,1994,Device Type 0
User 4,Manifest: Season 2: Grounded (Episode 2),2022-08-04 04:37:17,362,Device Type 0
User 4,Manifest: Season 2: Fasten Your Seatbelts (Episode 1),2022-08-04 03:55:35,2261,Device Type 0
User 4,Manifest: Season 2: Fasten Your Seatbelts (Episode 1),2022-08-03 19:31:35,182,Device Type 2
User 4,Manifest: Season 2: Fasten Your Seatbelts (Episode 1),2022-08-03 19:31:35,179,Device Type 2
User 4,Manifest: Season 1: Estimated Time of Departure (Episode 16),2022-08-03 18:48:58,2544,Device Type 2
User 4,Manifest: Season 1: Hard Landing (Episode 15),2022-08-03 18:06:26,2489,Device Type 2
User 4,Manifest: Season 1: Upgrade (Episode 14),2022-08-03 17:32:28,1535,Device Type 2
User 4,"Car Masters: Rust to Riches: Season 3: Going, Going... Gone? (Episode 8)",2022-08-03 16:55:01,3,Device Type 0
User 4,Manifest: Season 1: Upgrade (Episode 14),2022-08-03 16:13:45,986,Device Type 2
User 4,Manifest: Season 1: Cleared for Approach (Episode 13),2022-08-03 15:49:20,1443,Device Type 2
User 4,Manifest: Season 1: Vanishing Point (Episode 12),2022-08-03 15:47:32,101,Device Type 2
User 4,Manifest: Season 1: Contrails (Episode 11),2022-08-03 15:47:04,19,Device Type 2
User 4,Manifest: Season 1: Crosswinds (Episode 10),2022-08-03 15:46:14,29,Device Type 2
User 4,Batman v Superman: Dawn of Justice_hook_primary_16x9,2022-08-03 15:45:14,5,Device Type 2
User 4,"Car Masters: Rust to Riches: Season 3: Going, Going... Gone? (Episode 8)",2022-08-03 11:57:29,1433,Device Type 0
User 4,Car Masters: Rust to Riches: Season 3: Proof of Concept (Episode 7),2022-08-03 11:36:12,1276,Device Type 0
User 4,Car Masters: Rust to Riches: Season 3: Proof of Concept (Episode 7),2022-08-03 11:24:20,709,Device Type 0
User 4,Car Masters: Rust to Riches: Season 3: Lowrider Long Shot (Episode 6),2022-08-03 11:02:46,1026,Device Type 0
User 4,Car Masters: Rust to Riches: Season 3: Lowrider Long Shot (Episode 6),2022-08-03 10:41:52,308,Device Type 0
User 4,Car Masters: Rust to Riches: Season 3: Lowrider Long Shot (Episode 6),2022-08-03 09:49:19,934,Device Type 0
User 4,Car Masters: Rust to Riches: Season 3: Hot Tub Time Machine (Episode 5),2022-08-03 09:11:37,2130,Device Type 0
User 4,Car Masters: Rust to Riches: Season 3: Wheels on the Bus (Episode 4),2022-08-03 08:47:52,1371,Device Type 0
User 4,Car Masters: Rust to Riches: Season 3: Wheels on the Bus (Episode 4),2022-08-03 07:50:23,1067,Device Type 0
User 4,Car Masters: Rust to Riches: Season 3: Ride from the Ashes (Episode 3),2022-08-03 07:12:33,2110,Device Type 0
User 4,Car Masters: Rust to Riches: Season 3: The Italian Job (Episode 2),2022-08-03 07:10:37,115,Device Type 0
User 4,Season 4 High Context Clip: Car Masters: Rust to Riches,2022-08-03 07:10:25,4,Device Type 0
User 4,Car Masters: Rust to Riches: Season 2: Deal with It (Episode 7),2022-08-03 07:10:11,2,Device Type 0
User 4,Car Masters: Rust to Riches: Season 3: The Italian Job (Episode 2),2022-08-03 05:52:22,2006,Device Type 0
User 4,Car Masters: Rust to Riches: Season 3: Taking the High-End Road (Episode 1),2022-08-03 04:50:00,2200,Device Type 0
User 4,Manifest: Season 2: Unaccompanied Minors (Episode 11),2022-08-03 04:24:53,617,Device Type 2
User 4,Car Masters: Rust to Riches: Season 2: Petersen Built (Episode 8),2022-08-03 04:17:31,1944,Device Type 0
User 4,Car Masters: Rust to Riches: Season 2: Deal with It (Episode 7),2022-08-03 03:50:22,1628,Device Type 0
User 4,Manifest: Season 2: Course Deviation (Episode 10),2022-08-03 03:42:13,2553,Device Type 2
User 4,Manifest: Season 2: Airplane Bottles (Episode 9),2022-08-03 02:59:33,2553,Device Type 2
User 4,Manifest: Season 2: Carry On (Episode 8),2022-08-03 02:16:52,2554,Device Type 2
User 4,Manifest: Season 2: Emergency Exit (Episode 7),2022-08-03 01:34:11,2554,Device Type 2
User 4,Manifest: Season 2: Return Trip (Episode 6),2022-08-03 00:51:33,2552,Device Type 2
User 4,Manifest: Season 2: Coordinated Flight (Episode 5),2022-08-03 00:09:21,2526,Device Type 2
User 4,Manifest: Season 2: Black Box (Episode 4),2022-08-02 23:26:42,2553,Device Type 2
User 4,Manifest: Season 2: False Horizon (Episode 3),2022-08-02 22:44:02,2554,Device Type 2
User 4,Manifest: Season 2: Grounded (Episode 2),2022-08-02 22:01:22,2554,Device Type 2
User 4,Manifest: Season 2: Fasten Your Seatbelts (Episode 1),2022-08-02 21:19:29,2507,Device Type 2
User 4,Manifest: Season 1: Estimated Time of Departure (Episode 16),2022-08-02 20:37:12,2532,Device Type 2
User 4,Manifest: Season 1: Hard Landing (Episode 15),2022-08-02 19:54:44,2542,Device Type 2
User 4,Manifest: Season 1: Upgrade (Episode 14),2022-08-02 19:12:24,2534,Device Type 2
User 4,Manifest: Season 1: Cleared for Approach (Episode 13),2022-08-02 18:25:09,2554,Device Type 2
User 4,Manifest: Season 1: Vanishing Point (Episode 12),2022-08-02 18:04:50,1211,Device Type 2
User 4,Just Like Heaven_hook_01_16x9,2022-08-02 18:03:06,72,Device Type 2
User 4,Manifest: Season 1: Vanishing Point (Episode 12),2022-08-02 17:01:08,1449,Device Type 2
User 4,Manifest: Season 1: Contrails (Episode 11),2022-08-02 16:22:16,2208,Device Type 2
User 4,Manifest: Season 1: Contrails (Episode 11),2022-08-02 16:14:59,274,Device Type 0
User 4,Manifest: Season 1: Crosswinds (Episode 10),2022-08-02 15:58:14,1005,Device Type 0
User 4,Manifest: Season 1: Crosswinds (Episode 10),2022-08-02 15:03:16,1093,Device Type 0
User 4,Manifest: Season 1: Crosswinds (Episode 10),2022-08-02 14:40:20,398,Device Type 0
User 4,Manifest: Season 1: Dead Reckoning (Episode 9),2022-08-02 13:56:53,2400,Device Type 0
User 4,Manifest: Season 1: Point of No Return (Episode 8),2022-08-02 13:15:22,2491,Device Type 0
User 4,Manifest: Season 1: S.N.A.F.U. (Episode 7),2022-08-02 12:33:04,2481,Device Type 0
User 4,Manifest: Season 1: Off Radar (Episode 6),2022-08-02 12:23:27,576,Device Type 0
User 4,Manifest: Season 1: Off Radar (Episode 6),2022-08-02 11:26:08,1936,Device Type 0
User 4,Manifest: Season 1: Connecting Flights (Episode 5),2022-08-02 10:44:18,2510,Device Type 0
User 4,Car Masters: Rust to Riches: Season 2: Deal with It (Episode 7),2022-08-02 10:38:31,306,Device Type 0
User 4,Car Masters: Rust to Riches: Season 2: The Crow (Episode 6),2022-08-02 10:00:37,1312,Device Type 0
User 4,Car Masters: Rust to Riches: Season 2: The Crow (Episode 6),2022-08-02 09:38:40,530,Device Type 0
User 4,"Car Masters: Rust to Riches: Season 2: Later, Vaydor (Episode 5)",2022-08-02 08:56:55,1917,Device Type 0
User 4,Car Masters: Rust to Riches: Season 2: Motorboatin’ (Episode 4),2022-08-02 08:31:52,1502,Device Type 0
User 4,Car Masters: Rust to Riches: Season 2: Motorboatin’ (Episode 4),2022-08-02 08:26:06,122,Device Type 0
User 4,Car Masters: Rust to Riches: Season 2: Motorboatin’ (Episode 4),2022-08-02 07:42:21,475,Device Type 0
User 4,"Car Masters: Rust to Riches: Season 2: Something Borrowed, Something Renewed (Episode 3)",2022-08-02 06:58:47,2258,Device Type 0
User 4,Car Masters: Rust to Riches: Season 2: Totaled Disaster (Episode 2),2022-08-02 06:19:36,2177,Device Type 0
User 4,Car Masters: Rust to Riches: Season 2: Electric Drag (Episode 1),2022-08-02 05:37:36,2326,Device Type 0
User 4,Car Masters: Rust to Riches: Season 1: Back to the Future (Episode 8),2022-08-02 05:03:12,1812,Device Type 0
User 4,Car Masters: Rust to Riches: Season 1: Two for the Money (Episode 7),2022-08-02 04:27:25,2118,Device Type 0
User 4,Car Masters: Rust to Riches: Season 1: Life-Size (Episode 6),2022-08-02 03:59:34,1671,Device Type 0
User 4,Car Masters: Rust to Riches: Season 1: Life-Size (Episode 6),2022-08-02 03:40:40,604,Device Type 0
User 4,Genre Specific Moment Clip: The Entitled,2022-08-02 02:25:34,37,Device Type 2
User 4,Manifest: Season 1: Connecting Flights (Episode 5),2022-08-01 18:44:05,5,Device Type 2
User 4,Manifest: Season 1: Unclaimed Baggage (Episode 4),2022-08-01 18:00:24,1732,Device Type 2
User 4,Manifest: Season 1: Unclaimed Baggage (Episode 4),2022-08-01 16:42:39,627,Device Type 2
User 4,Manifest: Season 1: Unclaimed Baggage (Episode 4),2022-08-01 16:33:59,155,Device Type 0
User 4,Manifest: Season 1: Turbulence (Episode 3),2022-08-01 15:51:59,2519,Device Type 0
User 4,Manifest: Season 1: Reentry (Episode 2),2022-08-01 15:18:40,1659,Device Type 0
User 4,Manifest: Season 1: Reentry (Episode 2),2022-08-01 14:49:33,838,Device Type 0
User 4,Manifest: Season 1: Pilot (Episode 1),2022-08-01 13:59:17,2535,Device Type 0
User 4,Manifest: Season 1: Pilot (Episode 1),2022-08-01 13:59:05,7,Device Type 0
User 4,Manifest: Season 1_hook_primary_16x9,2022-08-01 11:41:36,60,Device Type 2
User 4,Manifest: Season 1: Pilot (Episode 1),2022-08-01 11:38:48,3,Device Type 2
User 4,Manifest: Season 1_hook_primary_16x9,2022-08-01 11:37:48,23,Device Type 2
User 4,Car Masters: Rust to Riches: Season 1: Life-Size (Episode 6),2022-07-31 19:32:53,18,Device Type 2
User 4,Car Masters: Rust to Riches: Season 1: Frank'N'Bus (Episode 5),2022-07-31 18:57:14,2131,Device Type 2
User 4,Car Masters: Rust to Riches: Season 1: Junkyard Jewels (Episode 4),2022-07-31 18:18:33,2314,Device Type 2
User 4,Car Masters: Rust to Riches: Season 1: Buggin' Out (Episode 3),2022-07-31 17:37:20,2254,Device Type 2
User 4,Car Masters: Rust to Riches: Season 1: Green Is the New Black (Episode 2),2022-07-31 16:43:31,2361,Device Type 2
User 4,Car Masters: Rust to Riches: Season 1: Outsmarted (Episode 1),2022-07-31 16:42:34,49,Device Type 2
User 4,Car Masters: Rust to Riches: Season 1: Outsmarted (Episode 1),2022-07-31 08:32:27,2143,Device Type 0
User 4,Car Masters: Rust to Riches: Season 4: Dumpster Divin' (Episode 1),2022-07-31 08:32:16,5,Device Type 0
User 4,Car Masters: Rust to Riches: Season 4: Dumpster Divin' (Episode 1),2022-07-31 08:31:42,23,Device Type 0
User 4,Season 4 Moment of High Emotion Clip: Car Masters: Rust to Riches,2022-07-30 19:08:50,5,Device Type 0
User 4,Foot Fairy (Hindi),2022-07-30 05:21:11,6822,Device Type 0
User 4,Trailer: Day Shift,2022-07-30 05:05:48,4,Device Type 0
User 4,The Gray Man,2022-07-24 02:20:14,4468,Device Type 2
User 4,The Gray Man,2022-07-23 19:33:54,3966,Device Type 2
User 4,The Gray Man,2022-07-23 19:32:17,55,Device Type 2
User 4,F3_hook_04_16x9,2022-07-23 19:28:22,15,Device Type 2
User 4,Inciting Incident Clip: The Gray Man,2022-07-22 10:59:31,7,Device Type 0
User 4,Moment of High Emotion Clip: Jaadugar,2022-07-22 09:26:02,4,Device Type 2
User 4,Trailer: The Gray Man,2022-07-22 03:34:39,21,Device Type 0
User 4,POLAR_CLIP_PLOT,2022-07-20 15:18:29,8,Device Type 5
User 4,Tower Heist_hook_primary_16x9,2022-07-20 15:18:02,6,Device Type 5
User 4,Yu Yu Hakusho: Ghost Files: Season 1_hook_primary_16x9,2022-07-20 15:17:46,4,Device Type 5
User 4,Uncharted_hook_01_16x9,2022-07-20 15:17:20,11,Device Type 5
User 4,Season 2 (CJ) Cliffhanger Clip: Indian Predator,2022-07-20 15:17:06,6,Device Type 5
User 4,Resident Evil: Season 1: Welcome to New Raccoon City (Episode 1),2022-07-20 08:35:59,250,Device Type 0
User 4,Resident Evil: Season 1: Welcome to New Raccoon City (Episode 1),2022-07-20 08:31:43,88,Device Type 0
User 4,MI-5,2022-07-20 08:11:57,1028,Device Type 0
User 4,MI-5,2022-07-20 07:03:58,1002,Device Type 0
User 4,MI-5,2022-07-20 06:37:35,612,Device Type 0
User 4,MI-5,2022-07-19 16:39:47,1873,Device Type 2
User 4,2 Hearts_hook_01_16x9,2022-07-19 16:38:43,4,Device Type 2
User 4,MI-5,2022-07-19 16:17:34,1319,Device Type 0
User 4,Godse,2022-07-17 17:21:16,5615,Device Type 0
User 4,Trailer: The Gray Man,2022-07-17 13:59:20,6,Device Type 0
User 4,Godse,2022-07-17 10:51:37,1335,Device Type 0
User 4,Godse,2022-07-17 10:03:32,226,Device Type 0
User 4,Godse,2022-07-17 09:29:21,2026,Device Type 0
User 4,Black and Blue,2022-07-17 07:33:03,1859,Device Type 0
User 4,Black and Blue,2022-07-17 06:41:29,2225,Device Type 0
User 4,Black and Blue,2022-07-17 06:17:04,794,Device Type 0
User 4,Vaashi,2022-07-17 03:52:42,7338,Device Type 0
User 4,Yu Yu Hakusho: Ghost Files: Season 2: Episode 65,2022-07-17 03:29:24,20,Device Type 5
User 4,Ocean's Thirteen,2022-07-15 19:12:38,1305,Device Type 0
User 4,Trailer: Persuasion,2022-07-15 14:58:31,4,Device Type 5
User 4,Ocean's Thirteen,2022-07-15 09:31:40,2082,Device Type 0
User 4,Ghost Doctor: Season 1: Episode 1,2022-07-15 09:31:15,8,Device Type 0
User 4,Faster_hook_primary_16x9,2022-07-15 08:43:24,14,Device Type 5
User 4,Journey 2: The Mysterious Island_hook_primary_16x9,2022-07-15 08:43:06,7,Device Type 5
User 4,Season 1 Villain / Antagonist Clip: Vikings: Valhalla,2022-07-15 08:41:48,47,Device Type 5
User 4,The 100: Season 1_hook_primary_16x9,2022-07-15 08:41:34,5,Device Type 5
User 4,Blood of Zeus: Season 1_BREAKOUT-TALENT_DIRECT_LIFT_APOLLO,2022-07-15 08:41:26,5,Device Type 5
User 4,The Penthouse: War in Life: Season 1_hook_01_16x9,2022-07-15 08:41:00,8,Device Type 5
User 4,Chennai Express_hook_05_16x9,2022-07-15 08:40:34,4,Device Type 5
User 4,Season 3 Trailer: The Umbrella Academy,2022-07-15 08:40:21,4,Device Type 5
User 4,Manifest: Season 1_hook_03_16x9,2022-07-15 08:39:08,42,Device Type 5
User 4,All Hail King Julien: Season 5 (Trailer),2022-07-15 08:38:52,8,Device Type 5
User 4,Sherlock Holmes_hook_primary_16x9,2022-07-15 08:38:07,4,Device Type 5
User 4,The Lift Boy_hook_05_16x9,2022-07-15 08:37:56,6,Device Type 5
User 4,Season 1 Teaser: Kung Fu Panda: The Dragon Knight,2022-07-15 08:37:37,10,Device Type 5
User 4,My Hero Academia: Season 1_hook_03_16x9,2022-07-15 08:36:48,16,Device Type 5
User 4,Cowboy Bebop: Season 1_hook_primary_16x9,2022-07-15 08:36:36,5,Device Type 5
User 4,Kung Fu Panda_Autohook_7_16x9,2022-07-15 08:35:14,57,Device Type 5
User 4,Uncharted_hook_02_16x9,2022-07-15 08:34:16,10,Device Type 5
User 4,Genre Specific Moment Clip: Jaadugar,2022-07-15 08:33:40,4,Device Type 5
User 4,Yu Yu Hakusho: Ghost Files: Season 2: Episode 64,2022-07-15 04:35:37,821,Device Type 5
User 4,Yu Yu Hakusho: Ghost Files: Season 2: Episode 63,2022-07-15 04:13:38,1227,Device Type 5
User 4,The Good Place: Season 2: Everything Is Great! (Episode 1),2022-07-14 17:09:25,287,Device Type 0
User 4,The Good Place: Season 1: Michael's Gambit (Episode 13),2022-07-14 16:47:54,1290,Device Type 0
User 4,The Good Place: Season 1: Mindy St. Claire (Episode 12),2022-07-14 16:34:40,625,Device Type 0
User 4,The Good Place: Season 1: What's My Motivation (Episode 11),2022-07-14 16:34:25,12,Device Type 0
User 4,The Good Place: Season 1: Mindy St. Claire (Episode 12),2022-07-14 16:17:32,409,Device Type 0
User 4,The Good Place: Season 1: What's My Motivation (Episode 11),2022-07-14 16:07:55,527,Device Type 0
User 4,The Good Place: Season 1: What's My Motivation (Episode 11),2022-07-14 15:33:40,237,Device Type 0
User 4,The Good Place: Season 1: What's My Motivation (Episode 11),2022-07-14 15:23:22,569,Device Type 0
User 4,The Good Place: Season 1: Chidi's Choice (Episode 10),2022-07-14 15:21:28,114,Device Type 0
User 4,Yu Yu Hakusho: Ghost Files: Season 2: Episode 62,2022-07-14 15:07:50,1138,Device Type 5
User 4,The Good Place: Season 1: Chidi's Choice (Episode 10),2022-07-14 15:05:45,610,Device Type 0
User 4,Yu Yu Hakusho: Ghost Files: Season 2: Episode 61,2022-07-14 14:53:29,841,Device Type 5
User 4,Season 1 Teaser 2: Resident Evil,2022-07-14 14:52:56,8,Device Type 5
User 4,The Good Place: Season 1: Chidi's Choice (Episode 10),2022-07-14 10:28:22,571,Device Type 0
User 4,The Good Place: Season 1: ...Someone Like Me as a Member (Episode 9),2022-07-14 10:07:06,1276,Device Type 0
User 4,Yu Yu Hakusho: Ghost Files: Season 2: Episode 61,2022-07-14 08:49:39,460,Device Type 5
User 4,Yu Yu Hakusho: Ghost Files: Season 2: Episode 60,2022-07-14 08:42:43,412,Device Type 5
User 4,Season 1 Villain / Antagonist Clip: Kung Fu Panda: The Dragon Knight,2022-07-14 08:41:42,6,Device Type 5
User 4,The Good Place: Season 1: ...Someone Like Me as a Member (Episode 9),2022-07-14 07:59:38,16,Device Type 0
User 4,The Good Place: Season 1: Most Improved Player (Episode 8),2022-07-14 07:53:37,360,Device Type 0
User 4,The Good Place: Season 1: Most Improved Player (Episode 8),2022-07-14 07:36:42,995,Device Type 0
User 4,The Good Place: Season 1: The Eternal Shriek (Episode 7),2022-07-14 07:12:14,1332,Device Type 0
User 4,The Good Place: Season 1: What We Owe to Each Other (Episode 6),2022-07-14 06:49:35,1288,Device Type 0
User 4,The Good Place: Season 1: Category 55 Emergency Doomsday Crisis (Episode 5),2022-07-14 06:26:53,1160,Device Type 0
User 4,The Good Place: Season 1: Category 55 Emergency Doomsday Crisis (Episode 5),2022-07-14 06:23:34,147,Device Type 0
User 4,The Good Place: Season 1: Jason Mendoza (Episode 4),2022-07-14 06:19:28,245,Device Type 0
User 4,The Good Place: Season 1: Jason Mendoza (Episode 4),2022-07-14 06:04:48,603,Device Type 0
User 4,The Good Place: Season 1: Jason Mendoza (Episode 4),2022-07-14 05:29:34,375,Device Type 0
User 4,The Good Place: Season 1: Jason Mendoza (Episode 4),2022-07-14 04:58:58,97,Device Type 0
User 4,The Good Place: Season 1: Tahani Al-Jamil (Episode 3),2022-07-14 04:36:39,1338,Device Type 0
User 4,The Good Place: Season 1: Flying (Episode 2),2022-07-14 04:15:44,1254,Device Type 0
User 4,Yu Yu Hakusho: Ghost Files: Season 2: Episode 60,2022-07-14 03:56:31,787,Device Type 5
User 4,The Good Place: Season 1: Everything Is Fine (Episode 1),2022-07-14 03:52:57,1366,Device Type 0
User 4,Trailer: Vaashi,2022-07-14 03:51:56,21,Device Type 0
User 4,Creed_hook_03_16x9,2022-07-13 17:39:25,26,Device Type 2
User 4,Yu Yu Hakusho: Ghost Files: Season 2: Episode 60,2022-07-13 15:49:54,7,Device Type 5
User 4,Yu Yu Hakusho: Ghost Files: Season 2: Episode 59,2022-07-13 15:29:58,1193,Device Type 5
User 4,Just Mercy,2022-07-13 15:11:38,7718,Device Type 2
User 4,Yu Yu Hakusho: Ghost Files: Season 2: Episode 58,2022-07-13 15:10:34,1159,Device Type 5
User 4,Yu Yu Hakusho: Ghost Files: Season 2: Episode 57,2022-07-13 14:50:46,1185,Device Type 5
User 4,Yu Yu Hakusho: Ghost Files: Season 2: Episode 56,2022-07-13 14:46:07,271,Device Type 5
User 4,Blumhouse's Fantasy Island_hook_04_16x9,2022-07-13 14:44:53,10,Device Type 5
User 4,Yu Yu Hakusho: Ghost Files: Season 2: Episode 56,2022-07-13 07:53:36,1013,Device Type 5
User 4,Sensory Clip 2: D.B. Cooper: Where Are You?!,2022-07-13 07:52:59,6,Device Type 5
User 4,Yu Yu Hakusho: Ghost Files: Season 2: Episode 55,2022-07-13 04:37:02,1150,Device Type 5
User 4,Yu Yu Hakusho: Ghost Files: Season 2: Episode 54,2022-07-13 04:15:10,1308,Device Type 5
User 4,Charlie's Angels_hook_primary_16x9,2022-07-13 04:14:39,4,Device Type 5
User 4,Ocean's Thirteen,2022-07-13 04:07:02,3731,Device Type 0
User 4,The Brothers Grimsby,2022-07-12 18:00:31,2159,Device Type 2
User 4,The Sea Beast,2022-07-12 17:21:43,2281,Device Type 2
User 4,The Brothers Grimsby_hook_01_16x9,2022-07-12 17:20:36,47,Device Type 2
User 4,Yu Yu Hakusho: Ghost Files: Season 2: Episode 54,2022-07-12 15:36:23,8,Device Type 5
User 4,Yu Yu Hakusho: Ghost Files: Season 2: Episode 53,2022-07-12 15:16:28,1193,Device Type 5
User 4,Yu Yu Hakusho: Ghost Files: Season 2: Episode 52,2022-07-12 14:56:41,1184,Device Type 5
User 4,Yu Yu Hakusho: Ghost Files: Season 2: Episode 51,2022-07-12 14:53:45,174,Device Type 5
User 4,"I Love You, Man_hook_primary_16x9",2022-07-12 14:53:19,8,Device Type 5
User 4,Yu Yu Hakusho: Ghost Files: Season 2: Episode 51,2022-07-12 07:44:59,1026,Device Type 5
User 4,Tom and Jerry_hook_05_16x9,2022-07-12 07:44:22,16,Device Type 5
User 4,Yu Yu Hakusho: Ghost Files: Season 2: Episode 51,2022-07-12 05:04:26,2,Device Type 5
User 4,Yu Yu Hakusho: Ghost Files: Season 2: Episode 50,2022-07-12 04:42:31,1197,Device Type 5
User 4,The Sea Beast,2022-07-11 17:18:40,2266,Device Type 2
User 4,Yu Yu Hakusho: Ghost Files: Season 2: Episode 50,2022-07-11 15:38:27,3,Device Type 5
User 4,Yu Yu Hakusho: Ghost Files: Season 2: Episode 49,2022-07-11 15:14:45,1190,Device Type 5
User 4,Yu Yu Hakusho: Ghost Files: Season 2: Episode 48,2022-07-11 14:54:51,1190,Device Type 5
User 4,The Sea Beast,2022-07-11 11:10:42,3030,Device Type 2
User 4,Ante Sundaraniki (Malayalam)_hook_05_16x9,2022-07-11 11:09:11,6,Device Type 2
User 4,Bangistan,2022-07-11 08:45:38,8516,Device Type 2
User 4,Yu Yu Hakusho: Ghost Files: Season 2: Episode 47,2022-07-11 08:24:23,1189,Device Type 5
User 4,Yu Yu Hakusho: Ghost Files: Season 2: Episode 46,2022-07-11 08:06:19,1043,Device Type 5
User 4,Yu Yu Hakusho: Ghost Files: Season 2: Episode 46,2022-07-11 07:56:35,153,Device Type 5
User 4,Ocean's Twelve,2022-07-11 05:23:28,643,Device Type 2
User 4,Yu Yu Hakusho: Ghost Files: Season 2: Episode 45,2022-07-11 03:21:07,1150,Device Type 5
User 4,Ocean's Eleven,2022-07-11 03:19:32,7278,Device Type 2
User 4,Ante Sundaraniki (Malayalam)_hook_05_16x9,2022-07-11 03:18:32,12,Device Type 2
User 4,Dear Friend_hook_04_16x9,2022-07-11 03:18:07,8,Device Type 2
User 4,Yu Yu Hakusho: Ghost Files: Season 2: Episode 44,2022-07-11 02:59:02,1186,Device Type 5
User 4,Yu Yu Hakusho: Ghost Files: Season 2: Episode 43,2022-07-11 02:51:26,453,Device Type 5
User 4,Yu Yu Hakusho: Ghost Files: Season 2: Episode 43,2022-07-10 15:33:03,744,Device Type 5
User 4,Yu Yu Hakusho: Ghost Files: Season 2: Episode 42,2022-07-10 15:13:09,1192,Device Type 5
User 4,Yu Yu Hakusho: Ghost Files: Season 2: Episode 41,2022-07-10 14:52:23,1191,Device Type 5
User 4,Dear Friend,2022-07-10 14:51:10,6902,Device Type 2
User 4,Yu Yu Hakusho: Ghost Files: Season 2: Episode 40,2022-07-10 14:48:46,210,Device Type 5
User 4,Yu Yu Hakusho: Ghost Files: Season 2: Episode 40,2022-07-10 08:00:55,860,Device Type 5
User 4,Ante Sundaraniki_hook_02_16x9,2022-07-10 08:00:38,9,Device Type 5
User 4,Yu Yu Hakusho: Ghost Files: Season 2: Episode 40,2022-07-10 05:17:19,119,Device Type 5
User 4,Yu Yu Hakusho: Ghost Files: Season 2: Episode 39,2022-07-10 05:01:54,920,Device Type 5
User 4,Trailer: Cristela Alonzo: Middle Classy,2022-07-10 05:01:32,5,Device Type 5
User 4,Major (Malayalam),2022-07-09 15:39:17,119,Device Type 2
User 4,Like a Boss_hook_02_16x9,2022-07-09 15:39:03,5,Device Type 2
User 4,Major (Telugu),2022-07-09 15:38:25,33,Device Type 2
User 4,Yu Yu Hakusho: Ghost Files: Season 2: Episode 39,2022-07-09 15:25:03,275,Device Type 5
User 4,Yu Yu Hakusho: Ghost Files: Season 2: Episode 38,2022-07-09 15:01:06,1242,Device Type 5
User 4,Yu Yu Hakusho: Ghost Files: Season 1_hook_primary_16x9,2022-07-09 15:00:49,13,Device Type 5
User 4,JoJo's Bizarre Adventure: Season 1_hook_primary_16x9,2022-07-09 15:00:09,27,Device Type 5
User 4,Yu Yu Hakusho: Ghost Files: Season 2: Episode 37,2022-07-09 08:04:07,1091,Device Type 5
User 4,Season 3 Moment of High Emotion Clip: Control Z,2022-07-09 08:03:38,11,Device Type 5
User 4,Yu Yu Hakusho: Ghost Files: Season 2: Episode 37,2022-07-09 05:12:20,4,Device Type 1
User 4,Yu Yu Hakusho: Ghost Files: Season 2: Episode 36,2022-07-09 05:03:30,530,Device Type 1
User 4,Major (Malayalam),2022-07-08 14:51:04,7438,Device Type 5
User 4,Yu Yu Hakusho: Ghost Files: Season 2: Episode 36,2022-07-08 14:40:01,651,Device Type 5
User 4,Yu Yu Hakusho: Ghost Files: Season 2: Episode 35,2022-07-08 14:28:19,698,Device Type 5
User 4,Yu Yu Hakusho: Ghost Files: Season 2: Episode 35,2022-07-08 08:02:54,494,Device Type 5
User 4,Yu Yu Hakusho: Ghost Files: Season 2: Episode 34,2022-07-08 07:54:15,491,Device Type 5
User 4,Main Character Intro Clip: The Sea Beast,2022-07-08 07:53:50,11,Device Type 5
User 4,Yu Yu Hakusho: Ghost Files: Season 2: Episode 34,2022-07-08 05:04:44,701,Device Type 5
User 4,Yu Yu Hakusho: Ghost Files: Season 2: Episode 33,2022-07-08 05:02:47,114,Device Type 5
User 4,Yu Yu Hakusho: Ghost Files: Season 2: Episode 33,2022-07-07 14:57:22,1079,Device Type 5
User 4,Yu Yu Hakusho: Ghost Files: Season 2: Episode 32,2022-07-07 14:46:24,655,Device Type 5
User 4,Yu Yu Hakusho: Ghost Files: Season 2: Episode 32,2022-07-07 08:03:21,539,Device Type 5
User 4,Yu Yu Hakusho: Ghost Files: Season 2: Episode 31,2022-07-07 07:52:47,631,Device Type 5
User 4,The Dark Knight_hook_primary_16x9,2022-07-07 07:52:27,5,Device Type 5
User 4,Yu Yu Hakusho: Ghost Files: Season 2: Episode 31,2022-07-07 05:35:54,2,Device Type 1
User 4,Yu Yu Hakusho: Ghost Files: Season 2: Episode 31,2022-07-07 04:49:29,584,Device Type 5
User 4,Ocean's Eleven_primary_hook_16x9,2022-07-06 19:03:25,31,Device Type 2
User 4,Peaky Blinders: Season 2: Episode 2,2022-07-06 17:35:41,2810,Device Type 2
User 4,Yu Yu Hakusho: Ghost Files: Season 2: Episode 30,2022-07-06 15:40:14,1192,Device Type 5
User 4,Yu Yu Hakusho: Ghost Files: Season 2: Episode 29,2022-07-06 15:20:22,1190,Device Type 5
User 4,Yu Yu Hakusho: Ghost Files: Season 2: Episode 28,2022-07-06 15:10:39,580,Device Type 5
User 4,Yu Yu Hakusho: Ghost Files: Season 1_hook_05_16x9,2022-07-06 15:10:32,4,Device Type 5
User 4,"Trailer: Hello, Goodbye, and Everything in Between",2022-07-06 15:10:04,16,Device Type 5
User 4,Yu Yu Hakusho: Ghost Files: Season 2: Episode 28,2022-07-06 05:01:01,613,Device Type 5
User 4,Yu Yu Hakusho: Ghost Files: Season 2: Episode 27,2022-07-06 04:52:38,499,Device Type 5
User 4,The Dark Knight Rises_hook_primary_16x9,2022-07-06 04:52:25,5,Device Type 5
User 4,Peaky Blinders: Season 2: Episode 2,2022-07-05 19:24:03,412,Device Type 2
User 4,Peaky Blinders: Season 2: Episode 1,2022-07-05 18:40:59,1750,Device Type 2
User 4,Peaky Blinders: Season 2: Episode 1,2022-07-05 18:00:36,993,Device Type 2
User 4,Peaky Blinders: Season 2: Episode 1,2022-07-05 17:10:13,793,Device Type 2
User 4,Peaky Blinders: Season 1: Episode 6,2022-07-05 16:21:53,2333,Device Type 2
User 4,The Legend of Tarzan_hook_primary_16x9,2022-07-05 16:12:49,51,Device Type 2
User 4,Peaky Blinders: Season 1: Episode 6,2022-07-05 04:56:27,879,Device Type 2
User 4,Peaky Blinders: Season 1: Episode 5,2022-07-05 04:56:11,10,Device Type 2
User 4,Peaky Blinders: Season 1: Episode 5,2022-07-05 04:45:21,643,Device Type 2
User 4,Virata Parwam (Malayalam)_hook_02_16x9,2022-07-05 04:45:08,7,Device Type 2
User 4,Peaky Blinders: Season 1: Episode 5,2022-07-04 18:50:30,2715,Device Type 2
User 4,Peaky Blinders: Season 1: Episode 4,2022-07-04 18:02:49,2855,Device Type 2
User 4,Peaky Blinders: Season 1: Episode 4,2022-07-04 17:27:16,639,Device Type 2
User 4,Peaky Blinders: Season 1: Episode 3,2022-07-04 17:20:28,402,Device Type 2
User 4,Ishq Remake_hook_02_16x9,2022-07-04 17:19:29,41,Device Type 2
User 4,Yu Yu Hakusho: Ghost Files: Season 2: Episode 27,2022-07-04 15:02:31,691,Device Type 5
User 4,Yu Yu Hakusho: Ghost Files: Season 1: Episode 26,2022-07-04 14:42:35,1193,Device Type 5
User 4,Yu Yu Hakusho: Ghost Files: Season 1: Episode 25,2022-07-04 14:38:52,220,Device Type 5
User 4,Yu Yu Hakusho: Ghost Files: Season 1: Episode 25,2022-07-04 07:48:08,974,Device Type 5
User 4,Yu Yu Hakusho: Ghost Files: Season 1: Episode 24,2022-07-04 07:44:04,241,Device Type 5
User 4,Friends: Season 1_hook_primary_16x9,2022-07-04 07:43:20,32,Device Type 5
User 4,Yu Yu Hakusho: Ghost Files: Season 1: Episode 24,2022-07-04 04:52:29,958,Device Type 5
User 4,Friends: Season 1_hook_primary_16x9,2022-07-04 04:51:44,32,Device Type 5
User 4,Peaky Blinders: Season 1: Episode 3,2022-07-04 04:37:51,1605,Device Type 2
User 4,Peaky Blinders: Season 1: Episode 3,2022-07-03 18:41:04,1363,Device Type 2
User 4,Peaky Blinders: Season 1: Episode 2,2022-07-03 18:18:25,1354,Device Type 2
User 4,Peaky Blinders: Season 1: Episode 2,2022-07-03 17:01:41,2134,Device Type 2
User 4,Peaky Blinders: Season 1: Episode 1,2022-07-03 16:35:01,1405,Device Type 2
User 4,Peaky Blinders: Season 1: Episode 1,2022-07-03 14:02:36,2044,Device Type 2
User 4,Major (Hindi Version)_hook_primary_16x9,2022-07-03 13:59:57,7,Device Type 2
User 4,Brothers,2022-07-03 13:02:16,3344,Device Type 2
User 4,Brothers,2022-07-03 11:59:38,2029,Device Type 2
User 4,Major (Hindi),2022-07-03 11:37:27,789,Device Type 2
User 4,Major (Hindi),2022-07-03 10:54:01,2138,Device Type 2
User 4,Yu Yu Hakusho: Ghost Files: Season 1: Episode 23,2022-07-03 08:20:44,1172,Device Type 5
User 4,Yu Yu Hakusho: Ghost Files: Season 1: Episode 22,2022-07-03 08:16:04,276,Device Type 5
User 4,Major (Hindi),2022-07-03 08:10:08,5343,Device Type 2
User 4,Major (Hindi Version)_hook_primary_16x9,2022-07-03 08:09:12,6,Device Type 2
User 4,Yu Yu Hakusho: Ghost Files: Season 1: Episode 22,2022-07-03 05:07:44,920,Device Type 5
User 4,Yu Yu Hakusho: Ghost Files: Season 1: Episode 21,2022-07-03 05:05:26,131,Device Type 5
User 4,Blue Streak_hook_primary_16x9,2022-07-02 14:57:28,6,Device Type 5
User 4,Beyblade: Season 1_hook_01_16x9,2022-07-02 14:55:50,12,Device Type 5
User 4,Beyblade: Season 1_hook_01_16x9,2022-07-02 14:55:39,6,Device Type 5
User 4,Hunter X Hunter (2011): Season 1_hook_01_16x9,2022-07-02 14:55:28,5,Device Type 5
User 4,She: Season 1: Devil's Share (Episode 7),2022-07-02 14:47:42,1039,Device Type 2
User 4,She: Season 1: The Promise (Episode 6),2022-07-02 14:16:49,1846,Device Type 2
User 4,She: Season 1: It's Time (Episode 5),2022-07-02 13:48:10,1709,Device Type 2
User 4,She: Season 1: Night Walk (Episode 4),2022-07-02 13:07:50,2412,Device Type 2
User 4,She: Season 1: The Pawn's Move (Episode 3),2022-07-02 12:19:04,2015,Device Type 2
User 4,She: Season 1: The Proposal (Episode 2),2022-07-02 12:17:42,74,Device Type 2
User 4,She: Season 1: The Pawn's Move (Episode 3),2022-07-02 11:55:33,1309,Device Type 2
User 4,She: Season 1: The Proposal (Episode 2),2022-07-02 11:12:13,2108,Device Type 2
User 4,She: Season 1: The Pickup (Episode 1),2022-07-02 10:50:13,1110,Device Type 2
User 4,She: Season 1: The Pickup (Episode 1),2022-07-02 10:34:10,728,Device Type 2
User 4,Theeya Velai Seyyanum Kumaru,2022-07-02 10:23:02,227,Device Type 2
User 4,Theeya Velai Seyyanum Kumaru,2022-07-02 08:39:03,2330,Device Type 2
User 4,Yu Yu Hakusho: Ghost Files: Season 1: Episode 21,2022-07-02 08:01:55,1018,Device Type 5
User 4,GTO: Great Teacher Onizuka: Season 1_hook_01_16x9,2022-07-02 08:00:11,45,Device Type 5
User 4,Theeya Velai Seyyanum Kumaru,2022-07-02 07:09:27,4920,Device Type 2
User 4,Yu Yu Hakusho: Ghost Files: Season 1: Episode 20,2022-07-02 04:58:55,1165,Device Type 5
User 4,Stranger Things: Stranger Things 4: Chapter Nine: The Piggyback (Episode 9),2022-07-01 17:39:31,292,Device Type 0
User 4,Stranger Things: Stranger Things 4: Chapter Nine: The Piggyback (Episode 9),2022-07-01 17:29:56,549,Device Type 0
User 4,Stranger Things: Stranger Things 4: Chapter Eight: Papa (Episode 8),2022-07-01 17:16:35,800,Device Type 0
User 4,Stranger Things: Stranger Things 4: Chapter Eight: Papa (Episode 8),2022-07-01 17:15:21,32,Device Type 0
User 4,Stranger Things: Stranger Things 4: Chapter Eight: Papa (Episode 8),2022-07-01 17:04:53,609,Device Type 0
User 4,Stranger Things: Stranger Things 4: Chapter Eight: Papa (Episode 8),2022-07-01 15:45:42,311,Device Type 0
User 4,Stranger Things: Stranger Things 4: Chapter Eight: Papa (Episode 8),2022-07-01 15:25:14,936,Device Type 0
User 4,Yu Yu Hakusho: Ghost Files: Season 1: Episode 19,2022-07-01 15:03:02,1167,Device Type 5
User 4,Yu Yu Hakusho: Ghost Files: Season 1: Episode 18,2022-07-01 15:01:15,104,Device Type 5
User 4,The Craigslist Killer_hook_03_16x9,2022-07-01 15:00:42,4,Device Type 5
User 4,Stranger Things: Stranger Things 4: Chapter Eight: Papa (Episode 8),2022-07-01 14:28:02,1428,Device Type 0
User 4,Stranger Things: Stranger Things 4: Chapter Eight: Papa (Episode 8),2022-07-01 14:12:59,812,Device Type 0
User 4,Stranger Things: Stranger Things 4: Chapter Eight: Papa (Episode 8),2022-07-01 14:10:07,8,Device Type 0
User 4,Friends: Season 1: The One Where the Monkey Gets Away (Episode 19),2022-07-01 12:52:04,1345,Device Type 0
User 4,Friends: Season 1: The One with All the Poker (Episode 18),2022-07-01 12:29:38,1345,Device Type 0
User 4,Friends: Season 1: The One with All the Poker (Episode 18),2022-07-01 12:23:14,14,Device Type 0
User 4,Friends: Season 1: The One with the Two Parts: Part 2 (Episode 17),2022-07-01 12:06:10,1022,Device Type 0
User 4,Roohi,2022-07-01 10:48:22,2692,Device Type 0
User 4,Roohi,2022-07-01 10:33:39,715,Device Type 0
User 4,Roohi,2022-07-01 10:13:22,677,Device Type 0
User 4,Roohi,2022-07-01 10:08:22,222,Device Type 0
User 4,Roohi,2022-07-01 09:22:32,2557,Device Type 0
User 4,Roohi,2022-07-01 08:59:31,1313,Device Type 0
User 4,Faster,2022-07-01 08:50:39,347,Device Type 0
User 4,Faster,2022-07-01 07:59:48,890,Device Type 0
User 4,Yu Yu Hakusho: Ghost Files: Season 1: Episode 18,2022-07-01 07:49:01,1094,Device Type 5
User 4,Faster,2022-07-01 07:08:52,2142,Device Type 0
User 4,Faster,2022-07-01 06:53:18,598,Device Type 0
User 4,Faster,2022-07-01 06:24:34,1672,Device Type 0
User 4,The Do-Over,2022-07-01 05:46:14,2230,Device Type 0
User 4,The Do-Over,2022-07-01 05:38:53,25,Device Type 0
User 4,The Do-Over,2022-07-01 05:26:33,109,Device Type 0
User 4,The Do-Over,2022-07-01 05:13:46,760,Device Type 0
User 4,Yu Yu Hakusho: Ghost Files: Season 1: Episode 18,2022-07-01 05:04:13,6,Device Type 5
User 4,Yu Yu Hakusho: Ghost Files: Season 1: Episode 17,2022-07-01 04:39:27,1189,Device Type 5
User 4,Yu Yu Hakusho: Ghost Files: Season 1: Episode 16,2022-07-01 04:30:06,556,Device Type 5
User 4,The Do-Over,2022-07-01 04:26:46,2709,Device Type 0
User 4,Yu Yu Hakusho: Ghost Files: Season 1: Episode 16,2022-06-30 15:26:30,117,Device Type 5
User 4,Yu Yu Hakusho: Ghost Files: Season 1: Episode 16,2022-06-30 15:08:39,517,Device Type 5
User 4,Yu Yu Hakusho: Ghost Files: Season 1: Episode 15,2022-06-30 14:58:49,588,Device Type 5
User 4,Season 1 Trailer: Baki Hanma,2022-06-30 14:58:10,30,Device Type 5
User 4,Friends: Season 1: The One with the Two Parts: Part 2 (Episode 17),2022-06-30 10:56:36,24,Device Type 0
User 4,Friends: Season 1: The One with the Two Parts: Part 2 (Episode 17),2022-06-30 09:52:37,291,Device Type 0
User 4,Friends: Season 1: The One with the Two Parts: Part 1 (Episode 16),2022-06-30 09:33:51,1125,Device Type 0
User 4,Friends: Season 1: The One with the Two Parts: Part 1 (Episode 16),2022-06-30 09:25:10,104,Device Type 0
User 4,Friends: Season 1: The One with the Two Parts: Part 1 (Episode 16),2022-06-30 09:21:15,130,Device Type 0
User 4,Yu Yu Hakusho: Ghost Files: Season 1: Episode 15,2022-06-30 09:17:35,604,Device Type 5
User 4,Yu Yu Hakusho: Ghost Files: Season 1: Episode 14,2022-06-30 09:03:37,834,Device Type 5
User 4,"Season 1 Cliffhanger Clip 1: BASTARD‼ -Heavy Metal, Dark Fantasy-",2022-06-30 09:02:38,33,Device Type 5
User 4,Friends: Season 1: The One with the Two Parts: Part 1 (Episode 16),2022-06-30 08:17:56,32,Device Type 0
User 4,Friends: Season 1: The One with the Stoned Guy (Episode 15),2022-06-30 08:13:04,289,Device Type 0
User 4,Downsizing,2022-06-30 07:20:36,1103,Device Type 0
User 4,Downsizing,2022-06-30 07:15:40,127,Device Type 0
User 4,Downsizing,2022-06-30 07:06:23,471,Device Type 0
User 4,Downsizing,2022-06-30 07:03:31,73,Device Type 0
User 4,Downsizing,2022-06-30 06:42:39,7,Device Type 0
User 4,Downsizing,2022-06-30 06:19:11,739,Device Type 0
User 4,Downsizing,2022-06-30 05:59:07,184,Device Type 0
User 4,Yu Yu Hakusho: Ghost Files: Season 1: Episode 14,2022-06-30 03:47:51,359,Device Type 5
User 4,Yu Yu Hakusho: Ghost Files: Season 1: Episode 13,2022-06-30 03:43:53,182,Device Type 5
User 4,Chopsticks (Trailer),2022-06-30 03:41:33,4,Device Type 5
User 4,Downsizing,2022-06-29 17:43:18,2850,Device Type 0
User 4,Downsizing,2022-06-29 17:39:57,169,Device Type 0
User 4,Downsizing,2022-06-29 17:33:14,321,Device Type 0
User 4,Downsizing,2022-06-29 17:30:39,130,Device Type 0
User 4,Downsizing,2022-06-29 17:28:54,26,Device Type 0
User 4,Downsizing,2022-06-29 17:25:51,108,Device Type 0
User 4,Downsizing,2022-06-29 17:22:47,28,Device Type 0
User 4,Downsizing,2022-06-29 17:17:03,189,Device Type 0
User 4,Downsizing,2022-06-29 17:10:00,115,Device Type 0
User 4,Downsizing,2022-06-29 17:03:22,230,Device Type 0
User 4,Downsizing,2022-06-29 16:37:00,781,Device Type 0
User 4,Downsizing,2022-06-29 16:14:12,11,Device Type 0
User 4,Downsizing,2022-06-29 16:12:29,24,Device Type 0
User 4,Downsizing,2022-06-29 16:10:05,111,Device Type 0
User 4,Yu Yu Hakusho: Ghost Files: Season 1: Episode 13,2022-06-29 15:17:20,89,Device Type 5
User 4,Yu Yu Hakusho: Ghost Files: Season 1: Episode 13,2022-06-29 14:56:28,929,Device Type 5
User 4,Yu Yu Hakusho: Ghost Files: Season 1: Episode 12,2022-06-29 14:49:37,408,Device Type 5
User 4,Season 1 Trailer: Blood of Zeus,2022-06-29 14:49:12,17,Device Type 5
User 4,Friends: Season 1: The One with the Stoned Guy (Episode 15),2022-06-29 13:10:28,403,Device Type 0
User 4,Friends: Season 1: The One with the Stoned Guy (Episode 15),2022-06-29 10:21:42,60,Device Type 0
User 4,Friends: Season 1: The One with the Stoned Guy (Episode 15),2022-06-29 10:20:06,57,Device Type 0
User 4,Friends: Season 1: The One with the Stoned Guy (Episode 15),2022-06-29 10:17:34,69,Device Type 0
User 4,Friends: Season 1: The One with the Stoned Guy (Episode 15),2022-06-29 10:16:13,20,Device Type 0
User 4,Friends: Season 1: The One with the Stoned Guy (Episode 15),2022-06-29 10:14:33,14,Device Type 0
User 4,Friends: Season 1: The One with the Stoned Guy (Episode 15),2022-06-29 10:11:58,26,Device Type 0
User 4,Friends: Season 1: The One with the Stoned Guy (Episode 15),2022-06-29 09:55:33,472,Device Type 0
User 4,Friends: Season 1: The One with the Stoned Guy (Episode 15),2022-06-29 09:51:42,15,Device Type 0
User 4,Friends: Season 1: The One with the Candy Hearts (Episode 14),2022-06-29 09:49:50,109,Device Type 0
User 4,Friends: Season 1: The One with the Candy Hearts (Episode 14),2022-06-29 09:33:51,63,Device Type 0
User 4,Friends: Season 1: The One with the Candy Hearts (Episode 14),2022-06-29 09:27:46,230,Device Type 0
User 4,Friends: Season 1: The One with the Candy Hearts (Episode 14),2022-06-29 09:06:18,592,Device Type 0
User 4,Yu Yu Hakusho: Ghost Files: Season 1: Episode 12,2022-06-29 08:50:51,786,Device Type 5
User 4,Yu Yu Hakusho: Ghost Files: Season 1: Episode 11,2022-06-29 08:45:49,299,Device Type 5
User 4,Season 2 Main Character Clip 2: The Upshaws,2022-06-29 08:45:27,4,Device Type 5
User 4,Friends: Season 1: The One with the Candy Hearts (Episode 14),2022-06-29 08:45:02,47,Device Type 0
User 4,Friends: Season 1: The One with the Candy Hearts (Episode 14),2022-06-29 08:38:31,337,Device Type 0
User 4,Friends: Season 1: The One with the Boobies (Episode 13),2022-06-29 08:15:46,1363,Device Type 0
User 4,Friends: Season 1: The One with the Dozen Lasagnas (Episode 12),2022-06-29 08:02:13,812,Device Type 0
User 4,Malang,2022-06-29 07:49:20,750,Device Type 0
User 4,Malang,2022-06-29 07:42:56,357,Device Type 0
User 4,Malang,2022-06-29 07:35:58,206,Device Type 0
User 4,Malang,2022-06-29 07:12:49,1359,Device Type 0
User 4,Malang,2022-06-29 07:07:53,138,Device Type 0
User 4,Malang,2022-06-29 07:00:58,40,Device Type 0
User 4,Malang,2022-06-29 06:40:54,62,Device Type 0
User 4,Malang,2022-06-29 06:39:49,23,Device Type 0
User 4,Malang,2022-06-29 06:19:52,894,Device Type 0
User 4,Malang,2022-06-29 06:13:03,323,Device Type 0
User 4,Malang,2022-06-29 05:09:13,448,Device Type 0
User 4,Malang,2022-06-29 05:04:18,120,Device Type 0
User 4,Malang,2022-06-29 05:03:28,34,Device Type 0
User 4,Malang,2022-06-29 05:02:21,28,Device Type 0
User 4,Malang,2022-06-29 05:00:52,51,Device Type 0
User 4,Malang,2022-06-29 04:56:28,205,Device Type 0
User 4,Yu Yu Hakusho: Ghost Files: Season 1: Episode 11,2022-06-29 04:32:09,896,Device Type 5
User 4,Malang,2022-06-29 04:31:17,733,Device Type 0
User 4,Yu Yu Hakusho: Ghost Files: Season 1: Episode 10,2022-06-29 04:12:26,1178,Device Type 5
User 4,Aiyaary_hook_primary_16x9,2022-06-29 04:11:59,6,Device Type 5
User 4,Malang,2022-06-29 04:00:26,1843,Device Type 0
User 4,Yu Yu Hakusho: Ghost Files: Season 1: Episode 10,2022-06-28 15:32:10,15,Device Type 5
User 4,Yu Yu Hakusho: Ghost Files: Season 1: Episode 9,2022-06-28 15:12:16,1192,Device Type 5
User 4,Yu Yu Hakusho: Ghost Files: Season 1: Episode 8,2022-06-28 15:07:52,229,Device Type 5
User 4,Season 1 Trailer: Man Vs Bee,2022-06-28 15:06:52,24,Device Type 5
User 4,Trailer: Hustle,2022-06-28 15:06:17,32,Device Type 5
User 4,Yu Yu Hakusho: Ghost Files: Season 1_hook_primary_16x9,2022-06-28 15:06:09,4,Device Type 5
User 4,Ungli,2022-06-28 14:30:21,914,Device Type 0
User 4,Ungli,2022-06-28 14:09:36,1234,Device Type 0
User 4,Ungli,2022-06-28 13:58:44,608,Device Type 0
User 4,Ungli,2022-06-28 13:35:02,1182,Device Type 0
User 4,Ungli,2022-06-28 12:51:03,2469,Device Type 0
User 4,The Accountant,2022-06-28 11:51:45,3431,Device Type 0
User 4,The Accountant,2022-06-28 11:27:24,916,Device Type 0
User 4,The Accountant,2022-06-28 11:26:46,6,Device Type 0
User 4,The Accountant,2022-06-28 10:11:54,1059,Device Type 0
User 4,The Accountant,2022-06-28 09:51:42,1143,Device Type 0
User 4,The Accountant,2022-06-28 09:42:53,368,Device Type 0
User 4,The Accountant,2022-06-28 09:39:35,163,Device Type 0
User 4,The Accountant,2022-06-28 09:38:15,18,Device Type 0
User 4,The Accountant,2022-06-28 09:36:34,24,Device Type 0
User 4,The Accountant,2022-06-28 09:30:37,304,Device Type 0
User 4,Blended,2022-06-28 09:24:25,280,Device Type 0
User 4,Blended,2022-06-28 09:14:14,592,Device Type 0
User 4,Blended,2022-06-28 08:49:41,402,Device Type 0
User 4,Blended,2022-06-28 08:40:06,473,Device Type 0
User 4,Yu Yu Hakusho: Ghost Files: Season 1: Episode 8,2022-06-28 07:49:37,959,Device Type 5
User 4,Genre Specific Moment Clip: Blasted,2022-06-28 07:48:56,32,Device Type 5
User 4,Blended,2022-06-28 07:17:34,2229,Device Type 0
User 4,Blended,2022-06-28 05:38:08,1178,Device Type 0
User 4,Yu Yu Hakusho: Ghost Files: Season 1: Episode 8,2022-06-28 04:52:30,11,Device Type 5
User 4,Blended,2022-06-28 04:38:40,1665,Device Type 0
User 4,Yu Yu Hakusho: Ghost Files: Season 1: Episode 7,2022-06-28 04:32:32,1193,Device Type 5
User 4,Ginny Weds Sunny,2022-06-27 17:36:53,2273,Device Type 2
User 4,Ginny Weds Sunny,2022-06-27 16:08:40,2273,Device Type 2
User 4,Inciting Incident Clip: Glamour Girls,2022-06-27 16:01:51,53,Device Type 2
User 4,B.A. Pass 2,2022-06-27 16:01:45,3,Device Type 2
User 4,Inciting Incident Clip: Glamour Girls,2022-06-27 15:58:17,4,Device Type 2
User 4,Yu Yu Hakusho: Ghost Files: Season 1: Episode 6,2022-06-27 15:27:36,1187,Device Type 5
User 4,Ginny Weds Sunny,2022-06-27 15:09:13,2928,Device Type 2
User 4,Yu Yu Hakusho: Ghost Files: Season 1: Episode 5,2022-06-27 15:05:09,1191,Device Type 5
User 4,Man Vs Bee: Season 1: Chapter 3 (Episode 3),2022-06-27 14:59:58,323,Device Type 2
User 4,Yu Yu Hakusho: Ghost Files: Season 1: Episode 4,2022-06-27 14:54:56,609,Device Type 5
User 4,Man Vs Bee: Season 1: Chapter 2 (Episode 2),2022-06-27 14:51:13,518,Device Type 2
User 4,Man Vs Bee: Season 1: Chapter 1 (Episode 1),2022-06-27 14:47:26,222,Device Type 2
User 4,Yu Yu Hakusho: Ghost Files: Season 1: Episode 4,2022-06-27 07:56:58,605,Device Type 5
User 4,Anek_hook_primary_16x9,2022-06-27 07:56:48,5,Device Type 5
User 4,Thaandavam_hook_primary_16x9,2022-06-27 07:56:24,5,Device Type 5
User 4,Asura Guru,2022-06-27 07:49:00,168,Device Type 0
User 4,Asura Guru,2022-06-27 07:33:06,887,Device Type 0
User 4,Asura Guru,2022-06-27 07:21:00,323,Device Type 0
User 4,Asura Guru,2022-06-27 06:49:43,1752,Device Type 0
User 4,Asura Guru,2022-06-27 06:46:47,159,Device Type 0
User 4,Asura Guru,2022-06-27 06:46:11,5,Device Type 0
User 4,Asura Guru,2022-06-27 06:15:07,1167,Device Type 0
User 4,Asura Guru,2022-06-27 05:43:47,656,Device Type 0
User 4,Asura Guru,2022-06-27 05:19:14,114,Device Type 0
User 4,Asura Guru,2022-06-27 05:10:57,304,Device Type 0
User 4,InuYasha: Season 3: The Stone Flower and Shippo's First Love (Episode 1),2022-06-27 04:49:05,1246,Device Type 5
User 4,InuYasha: Season 2: The Backlash Wave: Tetsusaiga's Ultimate Technique (Episode 27),2022-06-27 04:45:49,192,Device Type 5
User 4,Asura Guru,2022-06-27 04:34:08,1590,Device Type 2
User 4,Asura Guru_hook_primary_16x9,2022-06-27 04:15:41,98,Device Type 2
User 4,Kuttavum Shikshayum,2022-06-26 14:51:04,8023,Device Type 5
User 4,InuYasha: Season 2: The Backlash Wave: Tetsusaiga's Ultimate Technique (Episode 27),2022-06-26 14:32:41,973,Device Type 5
User 4,InuYasha: Season 1_hook_primary_16x9,2022-06-26 14:31:49,49,Device Type 5
User 4,The Order: Season 1 Trailer 1,2022-06-26 14:31:07,16,Device Type 5
User 4,Friends: Season 1: The One with the Dozen Lasagnas (Episode 12),2022-06-26 14:02:52,591,Device Type 2
User 4,Friends: Season 1: The One with Mrs. Bing (Episode 11),2022-06-26 13:32:05,1360,Device Type 2
User 4,Jane The Virgin: Season 1: Chapter Sixteen (Episode 16),2022-06-26 13:18:30,801,Device Type 2
User 4,Jane The Virgin: Season 1: Chapter Fifteen (Episode 15),2022-06-26 11:49:22,2529,Device Type 2
User 4,Jane The Virgin: Season 1: Chapter Fourteen (Episode 14),2022-06-26 10:48:31,2460,Device Type 2
User 4,Jane The Virgin: Season 1: Chapter Thirteen (Episode 13),2022-06-26 09:51:12,2466,Device Type 2
User 4,Jane The Virgin: Season 1: Chapter Twelve (Episode 12),2022-06-26 08:57:03,2412,Device Type 2
User 4,InuYasha: Season 2: Father's Old Enemy: Ryukotsusei (Episode 26),2022-06-26 08:18:12,1241,Device Type 5
User 4,Kuttavum Shikshayum_hook_primary_16x9,2022-06-26 08:16:57,51,Device Type 5
User 4,InuYasha: Season 2: Father's Old Enemy: Ryukotsusei (Episode 26),2022-06-26 04:48:21,3,Device Type 5
User 4,InuYasha: Season 2: The Demon's True Nature (Episode 25),2022-06-26 04:24:11,1206,Device Type 5
User 4,Jane The Virgin: Season 1: Chapter Twelve (Episode 12),2022-06-25 19:39:24,109,Device Type 2
User 4,Jane The Virgin: Season 1: Chapter Eleven (Episode 11),2022-06-25 18:54:56,2494,Device Type 2
User 4,Jane The Virgin: Season 1: Chapter Ten (Episode 10),2022-06-25 18:11:16,2500,Device Type 2
User 4,Jane The Virgin: Season 1: Chapter Nine (Episode 9),2022-06-25 17:29:17,2509,Device Type 2
User 4,Jane The Virgin: Season 1: Chapter Eight (Episode 8),2022-06-25 16:30:19,2610,Device Type 2
User 4,Jane The Virgin: Season 1: Chapter Seven (Episode 7),2022-06-25 15:48:48,2456,Device Type 2
User 4,Jane The Virgin: Season 1: Chapter Six (Episode 6),2022-06-25 15:02:38,2510,Device Type 2
User 4,The Man from Toronto,2022-06-25 14:56:03,5797,Device Type 5
User 4,Cliffhanger Clip: The Man from Toronto,2022-06-25 14:55:55,5,Device Type 5
User 4,Jane The Virgin: Season 1: Chapter Five (Episode 5),2022-06-25 13:44:36,3026,Device Type 2
User 4,Jane The Virgin: Season 1: Chapter Four (Episode 4),2022-06-25 12:53:26,2918,Device Type 2
User 4,Jane The Virgin: Season 1: Chapter Three (Episode 3),2022-06-25 11:22:45,5020,Device Type 2
User 4,Jane The Virgin: Season 1: Chapter Two (Episode 2),2022-06-25 10:34:18,2661,Device Type 2
User 4,Jane The Virgin: Season 1: Chapter One: Pilot (Episode 1),2022-06-25 09:52:33,2491,Device Type 2
User 4,Friends: Season 1: The One with Mrs. Bing (Episode 11),2022-06-25 09:47:06,58,Device Type 2
User 4,Friends: Season 1: The One with the Monkey (Episode 10),2022-06-25 09:23:17,1401,Device Type 2
User 4,Yu Yu Hakusho: Ghost Files: Season 1: Episode 4,2022-06-25 09:05:12,59,Device Type 5
User 4,Yu Yu Hakusho: Ghost Files: Season 1: Episode 3,2022-06-25 08:45:16,1194,Device Type 5
User 4,Friends: Season 1: The One Where Underdog Gets Away (Episode 9),2022-06-25 08:29:40,1395,Device Type 2
User 4,Yu Yu Hakusho: Ghost Files: Season 1: Episode 2,2022-06-25 08:28:37,995,Device Type 5
User 4,Season 1 Supporting Character Clip: Money Heist: Korea - Joint Economic Area,2022-06-25 08:27:07,55,Device Type 5
User 4,Friends: Season 1: The One Where Nana Dies Twice (Episode 8),2022-06-25 07:47:50,1324,Device Type 2
User 4,Friends: Season 1: The One with the Blackout (Episode 7),2022-06-25 07:15:47,1320,Device Type 2
User 4,Friends: Season 1: The One with the Butt (Episode 6),2022-06-25 07:00:55,885,Device Type 2
User 4,Friends: Season 1: The One with the East German Laundry Detergent (Episode 5),2022-06-25 06:59:07,98,Device Type 2
User 4,Friends: Season 1: The One with George Stephanopoulos (Episode 4),2022-06-25 06:31:13,1376,Device Type 2
User 4,Friends: Season 1: The One with the Thumb (Episode 3),2022-06-25 06:08:00,1328,Device Type 2
User 4,Man Vs Bee: Season 1: Chapter 1 (Episode 1),2022-06-25 05:49:30,810,Device Type 2
User 4,Yu Yu Hakusho: Ghost Files: Season 1: Episode 2,2022-06-25 04:23:46,200,Device Type 5
User 4,Yu Yu Hakusho: Ghost Files: Season 1: Episode 1,2022-06-25 04:21:23,140,Device Type 5
User 4,S.W.A.T.: Firefight,2022-06-25 04:12:54,5139,Device Type 2
User 4,Friends: Season 1: The One with the Thumb (Episode 3),2022-06-25 04:06:43,22,Device Type 2
User 4,Friends: Season 1: The One with the Sonogram at the End (Episode 2),2022-06-25 03:30:06,1306,Device Type 2
User 4,Season 1 Teaser 2: Man Vs Bee,2022-06-25 03:20:11,49,Device Type 2
User 4,Jack Reacher: Never Go Back,2022-06-25 01:19:01,6613,Device Type 2
User 4,Jack Reacher: Never Go Back,2022-06-24 19:37:44,2250,Device Type 2
User 4,The Man from Toronto,2022-06-24 17:49:07,5310,Device Type 2
User 4,The Umbrella Academy: Season 3: Oblivion (Episode 10),2022-06-24 16:56:37,1649,Device Type 2
User 4,Cliffhanger Clip: The Man from Toronto,2022-06-24 16:55:44,45,Device Type 2
User 4,The Man from Toronto,2022-06-24 16:25:12,1056,Device Type 2
User 4,The Umbrella Academy: Season 3: Oblivion (Episode 10),2022-06-24 15:30:27,1175,Device Type 2
User 4,Yu Yu Hakusho: Ghost Files: Season 1: Episode 1,2022-06-24 15:13:47,653,Device Type 5
User 4,Season 1 Main Character Intro Clip: Man Vs Bee,2022-06-24 15:12:54,44,Device Type 5
User 4,The Umbrella Academy: Season 3: Seven Bells (Episode 9),2022-06-24 14:44:19,2190,Device Type 2
User 4,The Umbrella Academy: Season 3: Seven Bells (Episode 9),2022-06-24 14:42:58,21,Device Type 2
User 4,The Umbrella Academy: Season 3: Wedding at the End of the World (Episode 8),2022-06-24 13:47:40,2339,Device Type 2
User 4,The Umbrella Academy: Season 3: Wedding at the End of the World (Episode 8),2022-06-24 05:29:31,378,Device Type 2
User 4,Yu Yu Hakusho: Ghost Files: Season 1: Episode 1,2022-06-24 04:32:23,438,Device Type 5
User 4,Yu Yu Hakusho: Ghost Files: Season 1_hook_03_16x9,2022-06-24 04:32:16,4,Device Type 5
User 4,Beyblade: Season 1_hook_01_16x9,2022-06-24 04:31:25,4,Device Type 5
User 4,Inuyasha: The Final Act: Season 1: Naraku's Heart (Episode 1),2022-06-24 04:31:00,3,Device Type 5
User 4,The Umbrella Academy: Season 3: Auf Wiedersehen (Episode 7),2022-06-24 04:07:06,2859,Device Type 2
User 4,The Umbrella Academy: Season 3: Marigold (Episode 6),2022-06-24 03:23:17,2623,Device Type 2
User 4,The Umbrella Academy: Season 3: Kindest Cut (Episode 5),2022-06-24 03:19:50,198,Device Type 2
User 4,The Umbrella Academy: Season 3: Kindest Cut (Episode 5),2022-06-23 20:18:17,2181,Device Type 2
User 4,The Umbrella Academy: Season 3: Kugelblitz (Episode 4),2022-06-23 20:01:42,968,Device Type 2
User 4,The Umbrella Academy: Season 3: Kindest Cut (Episode 5),2022-06-23 18:56:19,1005,Device Type 2
User 4,The Umbrella Academy: Season 3: Kugelblitz (Episode 4),2022-06-23 18:08:47,2843,Device Type 2
User 4,The Umbrella Academy: Season 3: Pocket Full of Lightning (Episode 3),2022-06-23 17:23:32,2707,Device Type 2
User 4,The Umbrella Academy: Season 3: World's Biggest Ball of Twine (Episode 2),2022-06-23 16:52:00,1873,Device Type 2
User 4,The Umbrella Academy: Season 3: World's Biggest Ball of Twine (Episode 2),2022-06-23 16:30:45,1096,Device Type 2
User 4,The Umbrella Academy: Season 3: Meet the Family (Episode 1),2022-06-23 15:38:53,3023,Device Type 2
User 4,Season 1 Moment of High Emotion Clip: You Don't Know Me,2022-06-23 15:35:57,7,Device Type 2
User 4,Bhool Bhulaiyaa 2,2022-06-23 13:16:40,8054,Device Type 2
User 4,Friends: Season 1: The One with the Sonogram at the End (Episode 2),2022-06-23 12:38:33,61,Device Type 2
User 4,Friends: Season 1: The One Where Monica Gets a Roommate (Pilot) (Episode 1),2022-06-23 12:23:03,811,Device Type 2
User 4,Friends: Season 1: The One Where Monica Gets a Roommate (Pilot) (Episode 1),2022-06-23 12:08:56,522,Device Type 2
User 4,"InuYasha: Season 2: Inuyasha's Soul, Devoured (Episode 24)",2022-06-23 04:49:03,1155,Device Type 5
User 4,InuYasha: Season 2: That Unforgettable Face! (Episode 23),2022-06-23 04:41:06,473,Device Type 5
User 4,Plot Clip: Love & Gelato,2022-06-23 04:40:40,12,Device Type 5
User 4,InuYasha: Season 2: That Unforgettable Face! (Episode 23),2022-06-22 15:01:19,643,Device Type 5
User 4,InuYasha: Season 2: Kohaku's Lost Memory (Episode 22),2022-06-22 14:51:44,541,Device Type 5
User 4,The Way Back,2022-06-22 14:51:28,6,Device Type 5
User 4,The Way Back,2022-06-22 07:55:08,1001,Device Type 5
User 4,The Way Back,2022-06-22 04:52:25,2006,Device Type 5
User 4,The Way Back_hook_02_16x9,2022-06-22 04:51:39,33,Device Type 5
User 4,InuYasha: Season 2: Kohaku's Lost Memory (Episode 22),2022-06-21 15:05:56,689,Device Type 5
User 4,InuYasha: Season 2: Return to the Place Where We First Met (Episode 21),2022-06-21 14:56:18,571,Device Type 5
User 4,SPRIGGAN: Season 1: Flame Serpent (Episode 1),2022-06-21 08:25:39,1369,Device Type 5
User 4,SPRIGGAN: Season 1: Flame Serpent (Episode 1),2022-06-21 07:57:14,1122,Device Type 5
User 4,SPRIGGAN: Season 1: Flame Serpent (Episode 1),2022-06-21 07:57:00,8,Device Type 5
User 4,Season 1 Teaser 2: Spriggan,2022-06-21 07:56:23,26,Device Type 5
User 4,InuYasha: Season 2: Return to the Place Where We First Met (Episode 21),2022-06-21 05:19:26,639,Device Type 5
User 4,InuYasha: Season 2: Onigumo's Heart Still Beats Within Naraku (Episode 20),2022-06-21 05:15:47,213,Device Type 5
User 4,InuYasha: Season 2: Onigumo's Heart Still Beats Within Naraku (Episode 20),2022-06-20 15:14:30,1116,Device Type 5
User 4,InuYasha: Season 2: Juromaru and Kageromaru (Episode 19),2022-06-20 14:56:48,1059,Device Type 5
User 4,Season 1 Moment of High Emotion Clip: You Don't Know Me,2022-06-20 14:56:28,5,Device Type 5
User 4,InuYasha: Season 2: Juromaru and Kageromaru (Episode 19),2022-06-20 08:14:51,276,Device Type 5
User 4,InuYasha: Season 2: Sesshomaru Wields Tokijin (Episode 18),2022-06-20 08:01:27,801,Device Type 5
User 4,Friends: Season 1: The One with the Butt (Episode 6),2022-06-20 05:35:22,360,Device Type 0
User 4,Friends: Season 1: The One with the East German Laundry Detergent (Episode 5),2022-06-20 05:20:55,866,Device Type 0
User 4,InuYasha: Season 2: Sesshomaru Wields Tokijin (Episode 18),2022-06-20 04:55:56,411,Device Type 5
User 4,InuYasha: Season 2: Kaijinbo's Evil Sword (Episode 17),2022-06-20 04:33:42,1333,Device Type 5
User 4,InuYasha: Season 2: Tetsusaiga Breaks (Episode 16),2022-06-20 04:12:46,1252,Device Type 5
User 4,Season 1 Moment of High Emotion Clip 2: Iron Chef: Quest for an Iron Legend,2022-06-20 04:12:32,4,Device Type 5
User 4,InuYasha: Season 2: Tetsusaiga Breaks (Episode 16),2022-06-19 15:40:35,4,Device Type 5
User 4,InuYasha: Season 2: The Wind Scar Fails (Episode 15),2022-06-19 15:19:11,1176,Device Type 5
User 4,InuYasha: Season 2: Kagura's Dance and Kanna's Mirror (Episode 14),2022-06-19 15:05:30,817,Device Type 5
User 4,Fairy Tail: Season 1_hook_primary_16x9,2022-06-19 15:03:59,4,Device Type 5
User 4,Season 1 Trailer: Decoupled,2022-06-19 12:04:22,7,Device Type 6
User 4,Don't Look Up,2022-06-19 12:02:51,7,Device Type 6
User 4,Trailer: Don't Look Up,2022-06-19 12:01:51,19,Device Type 6
User 4,CBI 5: The Brain,2022-06-19 09:03:58,9589,Device Type 6
User 4,CBI 5: The Brain (Malayalam)_hook_primary_16x9,2022-06-19 09:03:07,47,Device Type 6
User 4,Friends: Season 8 - Clip 1,2022-06-19 09:03:02,13,Device Type 1
User 4,Paddleton - Clip 1,2022-06-19 09:02:31,30,Device Type 1
User 4,Trailer: Persuasion,2022-06-19 09:02:14,9,Device Type 1
User 4,Season 1 Trailer: Man Vs Bee,2022-06-19 09:02:02,9,Device Type 1
User 4,CBI 5: The Brain (Malayalam)_hook_primary_16x9,2022-06-19 09:01:49,57,Device Type 6
User 4,Bhool Bhulaiya 2_hook_04_16x9,2022-06-19 09:01:35,8,Device Type 6
User 4,InuYasha: Season 2: Kagura's Dance and Kanna's Mirror (Episode 14),2022-06-19 08:31:24,356,Device Type 5
User 4,InuYasha: Season 2: The Deadly Trap of Kagura the Wind Sorceress! (Episode 13),2022-06-19 08:11:54,1163,Device Type 5
User 4,The Little Things_hook_02_16x9,2022-06-19 08:10:43,36,Device Type 5
User 4,The Little Things_hook_02_16x9,2022-06-19 08:10:24,15,Device Type 5
User 4,Blue Streak_hook_primary_16x9,2022-06-19 03:32:33,6,Device Type 0
User 4,Angel Has Fallen,2022-06-19 03:31:53,15,Device Type 0
User 4,A Journal for Jordan_hook_primary_16x9,2022-06-17 17:38:57,4,Device Type 4
User 4,Bad Boys for Life_hook_primary_16x9,2022-06-17 17:38:11,40,Device Type 4
User 4,Season 1 Trailer: Resident Evil,2022-06-17 17:38:02,5,Device Type 4
User 4,Season 1 Teaser: Money Heist: Korea - Joint Economic Area,2022-06-17 17:36:48,66,Device Type 4
User 4,Season 1 Teaser 1: Man Vs Bee,2022-06-17 17:36:26,20,Device Type 4
User 4,Trailer: The Man from Toronto,2022-06-17 17:34:03,141,Device Type 4
User 4,Wanda Sykes: Not Normal - Clip 4,2022-06-17 17:33:34,27,Device Type 4
User 4,CBI 5: The Brain,2022-06-17 17:15:41,1041,Device Type 4
User 4,Settai_hook_01_16x9,2022-06-17 17:03:21,7,Device Type 0
User 4,She: Season 1 PVS Clip 2,2022-06-17 16:31:42,36,Device Type 0
User 4,CBI 5: The Brain,2022-06-17 16:23:08,2015,Device Type 4
User 4,CBI 5: The Brain,2022-06-17 15:20:04,945,Device Type 4
User 4,Friends: Season 1: The One with the East German Laundry Detergent (Episode 5),2022-06-17 03:52:21,247,Device Type 0
User 4,Indoo Ki Jawani,2022-06-17 03:32:41,1155,Device Type 0
User 4,Indoo Ki Jawani,2022-06-17 02:19:36,4142,Device Type 0
User 4,Indoo Ki Jawani,2022-06-17 01:54:58,1253,Device Type 0
User 4,Jab Harry Met Sejal,2022-06-16 04:08:25,2455,Device Type 0
User 4,Jab Harry Met Sejal,2022-06-16 03:29:59,2267,Device Type 0
User 4,Jab Harry Met Sejal,2022-06-15 22:43:21,2808,Device Type 0
User 4,Jab Harry Met Sejal,2022-06-15 22:25:32,1063,Device Type 0
User 4,Friends: Season 1: The One with the East German Laundry Detergent (Episode 5),2022-06-15 22:14:20,236,Device Type 0
User 4,Friends: Season 1: The One with George Stephanopoulos (Episode 4),2022-06-15 21:47:36,1319,Device Type 0
User 4,Friends: Season 1: The One with the Thumb (Episode 3),2022-06-15 21:45:49,101,Device Type 0
User 4,Friends: Season 1: The One with the Thumb (Episode 3),2022-06-15 19:45:08,220,Device Type 0
User 4,Friends: Season 1: The One with the Thumb (Episode 3),2022-06-15 18:49:49,1048,Device Type 0
User 4,Friends: Season 1: The One with the Sonogram at the End (Episode 2),2022-06-15 18:27:39,1327,Device Type 0
User 4,Friends: Season 1: The One Where Monica Gets a Roommate (Pilot) (Episode 1),2022-06-15 18:26:34,65,Device Type 0
User 4,Friends: Season 1: The One with the Sonogram at the End (Episode 2),2022-06-15 18:26:15,14,Device Type 0
User 4,Friends: Season 1: The One Where Monica Gets a Roommate (Pilot) (Episode 1),2022-06-15 17:52:22,1276,Device Type 0
User 4,Friends: Season 10: The Last One: Part 1 & Part 2 (Episode 17),2022-06-15 17:52:09,3,Device Type 0
User 4,Arrow: Season 4: Legends of Yesterday (Episode 8),2022-06-15 17:52:00,3,Device Type 0
User 4,Season 1 Trailer: First Kill,2022-06-15 17:49:47,118,Device Type 0
User 4,Season 1 Teaser 2: First Kill,2022-06-15 17:48:43,60,Device Type 0
User 4,Season 1 Teaser 1: First Kill,2022-06-15 17:47:33,65,Device Type 0
User 4,Season 1 Plot Clip: First Kill,2022-06-15 17:46:57,15,Device Type 0
User 4,Motichoor Chaknachoor,2022-06-15 15:24:05,7960,Device Type 0
User 4,Anbe Sivam,2022-06-15 14:03:36,2590,Device Type 0
User 4,Anbe Sivam,2022-06-15 12:11:51,3388,Device Type 0
User 4,Tamasha,2022-06-15 10:40:28,4916,Device Type 0
User 4,Tamasha,2022-06-15 10:03:48,997,Device Type 0
User 4,Tamasha,2022-06-15 09:38:26,511,Device Type 0
User 4,Tamasha,2022-06-15 09:34:02,217,Device Type 0
User 4,Tamasha,2022-06-15 09:30:09,102,Device Type 0
User 4,Tamasha,2022-06-15 09:06:59,1222,Device Type 0
User 4,Anbe Sivam,2022-06-15 07:26:29,3121,Device Type 0
User 4,Arrow: Season 4: Legends of Yesterday (Episode 8),2022-06-15 07:06:55,331,Device Type 0
User 4,Arrow: Season 4: Legends of Yesterday (Episode 8),2022-06-15 06:55:27,71,Device Type 0
User 4,Arrow: Season 4: Brotherhood (Episode 7),2022-06-15 06:46:27,540,Device Type 0
User 4,Arrow: Season 4: Brotherhood (Episode 7),2022-06-15 05:40:19,1997,Device Type 0
User 4,Arrow: Season 4: Lost Souls (Episode 6),2022-06-15 04:44:47,2479,Device Type 0
User 4,Arrow: Season 4: Haunted (Episode 5),2022-06-15 03:57:04,2375,Device Type 0
User 4,Arrow: Season 4: Haunted (Episode 5),2022-06-14 20:09:14,112,Device Type 0
User 4,Arrow: Season 4: Beyond Redemption (Episode 4),2022-06-14 19:20:22,2527,Device Type 0
User 4,Arrow: Season 4: Restoration (Episode 3),2022-06-14 18:22:06,2630,Device Type 0
User 4,Arrow: Season 4: The Candidate (Episode 2),2022-06-14 17:35:39,2704,Device Type 0
User 4,Arrow: Season 4: Green Arrow (Episode 1),2022-06-14 17:23:41,633,Device Type 0
User 4,Arrow: Season 4: Green Arrow (Episode 1),2022-06-14 17:08:23,406,Device Type 0
User 4,Arrow: Season 4: Green Arrow (Episode 1),2022-06-14 16:41:41,1459,Device Type 0
User 4,Arrow: Season 4: Green Arrow (Episode 1),2022-06-14 16:41:27,4,Device Type 0
User 4,Arrow: Season 3: My Name is Oliver Queen (Episode 23),2022-06-14 15:40:33,3062,Device Type 0
User 4,Arrow: Season 3: My Name is Oliver Queen (Episode 23),2022-06-14 15:21:51,1111,Device Type 0
User 4,Arrow: Season 3: This Is Your Sword (Episode 22),2022-06-14 14:31:53,2526,Device Type 0
User 4,Arrow: Season 3: Al Sah-him (Episode 21),2022-06-14 14:28:42,191,Device Type 0
User 4,Arrow: Season 3: Al Sah-him (Episode 21),2022-06-14 13:51:22,1024,Device Type 0
User 4,Arrow: Season 3: Al Sah-him (Episode 21),2022-06-14 10:29:02,179,Device Type 0
User 4,Arrow: Season 3: Al Sah-him (Episode 21),2022-06-14 08:26:03,442,Device Type 0
User 4,Arrow: Season 3: Al Sah-him (Episode 21),2022-06-14 08:06:29,123,Device Type 0
User 4,Arrow: Season 3: Al Sah-him (Episode 21),2022-06-14 07:51:11,911,Device Type 0
User 4,Arrow: Season 3: The Fallen (Episode 20),2022-06-14 07:40:22,648,Device Type 0
User 4,Arrow: Season 3: The Fallen (Episode 20),2022-06-14 07:32:45,292,Device Type 0
User 4,Arrow: Season 3: The Fallen (Episode 20),2022-06-14 07:02:54,1587,Device Type 0
User 4,Arrow: Season 3: Broken Arrow (Episode 19),2022-06-14 07:00:59,114,Device Type 0
User 4,Arrow: Season 3: Broken Arrow (Episode 19),2022-06-14 05:48:46,1937,Device Type 0
User 4,Arrow: Season 3: Broken Arrow (Episode 19),2022-06-14 05:07:58,496,Device Type 0
User 4,Arrow: Season 3: Public Enemy (Episode 18),2022-06-14 04:59:28,509,Device Type 0
User 4,Arrow: Season 3: Public Enemy (Episode 18),2022-06-14 03:56:40,1980,Device Type 0
User 4,Arrow: Season 3: Suicidal Tendencies (Episode 17),2022-06-14 03:40:15,981,Device Type 0
User 4,Arrow: Season 3: Suicidal Tendencies (Episode 17),2022-06-13 22:02:48,515,Device Type 0
User 4,Arrow: Season 3: Suicidal Tendencies (Episode 17),2022-06-13 21:44:03,1086,Device Type 0
User 4,Arrow: Season 3: The Offer (Episode 16),2022-06-13 21:19:37,1420,Device Type 0
User 4,Arrow: Season 3: The Offer (Episode 16),2022-06-13 21:01:34,1062,Device Type 0
User 4,Arrow: Season 3: Nanda Parbat (Episode 15),2022-06-13 20:34:41,1611,Device Type 0
User 4,Arrow: Season 3: Nanda Parbat (Episode 15),2022-06-13 20:18:33,960,Device Type 0
User 4,Arrow: Season 3: The Return (Episode 14),2022-06-13 20:18:19,10,Device Type 0
User 4,Arrow: Season 3: The Return (Episode 14),2022-06-13 20:14:36,148,Device Type 0
User 4,Arrow: Season 3: The Return (Episode 14),2022-06-13 19:57:28,1017,Device Type 0
User 4,Arrow: Season 3: The Return (Episode 14),2022-06-13 19:33:50,1379,Device Type 0
User 4,Arrow: Season 3: Canaries (Episode 13),2022-06-13 19:15:27,889,Device Type 0
User 4,Arrow: Season 3: Canaries (Episode 13),2022-06-13 19:06:48,501,Device Type 0
User 4,Arrow: Season 3: Canaries (Episode 13),2022-06-13 18:42:02,1103,Device Type 0
User 4,Arrow: Season 3: Uprising (Episode 12),2022-06-13 18:09:49,1932,Device Type 0
User 4,Arrow: Season 3: Midnight City (Episode 11),2022-06-13 18:09:34,9,Device Type 0
User 4,Arrow: Season 3: Uprising (Episode 12),2022-06-13 17:58:55,548,Device Type 0
User 4,Arrow: Season 3: Midnight City (Episode 11),2022-06-13 17:13:47,2497,Device Type 0
User 4,Arrow: Season 3: Left Behind (Episode 10),2022-06-13 16:59:10,570,Device Type 0
User 4,Arrow: Season 3: Left Behind (Episode 10),2022-06-13 16:43:54,864,Device Type 0
User 4,Arrow: Season 3: Left Behind (Episode 10),2022-06-13 16:28:56,887,Device Type 0
User 4,CBI 5: The Brain,2022-06-13 16:11:50,5435,Device Type 4
User 4,Arrow: Season 3: Left Behind (Episode 10),2022-06-13 16:10:32,146,Device Type 0
User 4,Arrow: Season 3: The Climb (Episode 9),2022-06-13 15:12:38,2507,Device Type 0
User 4,InuYasha: Season 2: Trapped in a Duel to the Death! (Episode 12),2022-06-13 15:00:04,1237,Device Type 5
User 4,"InuYasha: Season 2: Two Hearts, One Mind (Episode 11)",2022-06-13 14:54:45,314,Device Type 5
User 4,Anger Management_hook_primary_16x9,2022-06-13 14:54:23,5,Device Type 5
User 4,Arrow: Season 3: The Brave and the Bold (Episode 8),2022-06-13 14:43:05,1648,Device Type 0
User 4,Arrow: Season 3: The Brave and the Bold (Episode 8),2022-06-13 14:35:49,430,Device Type 0
User 4,Arrow: Season 3: The Brave and the Bold (Episode 8),2022-06-13 13:31:50,425,Device Type 0
User 4,Arrow: Season 3: Draw Back Your Bow (Episode 7),2022-06-13 13:26:14,336,Device Type 0
User 4,Arrow: Season 3: Draw Back Your Bow (Episode 7),2022-06-13 13:22:50,194,Device Type 0
User 4,Arrow: Season 3: Draw Back Your Bow (Episode 7),2022-06-13 13:06:09,734,Device Type 0
User 4,Arrow: Season 3: Draw Back Your Bow (Episode 7),2022-06-13 13:04:06,27,Device Type 0
User 4,Arrow: Season 3: Draw Back Your Bow (Episode 7),2022-06-13 13:00:02,13,Device Type 0
User 4,Arrow: Season 3: Draw Back Your Bow (Episode 7),2022-06-13 12:53:04,342,Device Type 0
User 4,Arrow: Season 3: Draw Back Your Bow (Episode 7),2022-06-13 12:32:09,862,Device Type 0
User 4,Arrow: Season 3: Guilty (Episode 6),2022-06-13 12:18:39,809,Device Type 0
User 4,Arrow: Season 3: Guilty (Episode 6),2022-06-13 11:54:20,880,Device Type 0
User 4,Arrow: Season 3: Guilty (Episode 6),2022-06-13 11:44:35,581,Device Type 0
User 4,Arrow: Season 3: Guilty (Episode 6),2022-06-13 11:14:09,344,Device Type 0
User 4,Arrow: Season 3: The Secret Origin of Felicity Smoak (Episode 5),2022-06-13 11:11:04,184,Device Type 0
User 4,Arrow: Season 3: The Secret Origin of Felicity Smoak (Episode 5),2022-06-13 08:40:34,944,Device Type 0
User 4,"InuYasha: Season 2: Two Hearts, One Mind (Episode 11)",2022-06-13 07:49:17,721,Device Type 5
User 4,Arrow: Season 3: The Secret Origin of Felicity Smoak (Episode 5),2022-06-13 07:37:37,265,Device Type 0
User 4,Arrow: Season 3: The Secret Origin of Felicity Smoak (Episode 5),2022-06-13 06:56:51,823,Device Type 0
User 4,Arrow: Season 3: The Secret Origin of Felicity Smoak (Episode 5),2022-06-13 06:48:51,259,Device Type 0
User 4,Arrow: Season 3: The Magician (Episode 4),2022-06-13 06:40:14,491,Device Type 0
User 4,Arrow: Season 3: The Magician (Episode 4),2022-06-13 05:37:10,1543,Device Type 0
User 4,Arrow: Season 3: The Magician (Episode 4),2022-06-13 04:51:23,488,Device Type 0
User 4,Arrow: Season 3: Corto Maltese (Episode 3),2022-06-13 04:40:48,634,Device Type 0
User 4,"InuYasha: Season 2: Two Hearts, One Mind (Episode 11)",2022-06-13 04:01:00,211,Device Type 5
User 4,Arrow: Season 3: Corto Maltese (Episode 3),2022-06-13 03:53:04,1822,Device Type 0
User 4,InuYasha: Season 2: The Man Who Fell in Love with Kagome! (Episode 10),2022-06-13 03:50:46,611,Device Type 5
User 4,Arrow: Season 3: Sara (Episode 2),2022-06-13 03:12:09,2454,Device Type 0
User 4,Arrow: Season 3: The Calm (Episode 1),2022-06-13 02:24:23,2302,Device Type 0
User 4,Arrow: Season 3: Sara (Episode 2),2022-06-13 02:24:14,4,Device Type 0
User 4,Arrow: Season 3: The Calm (Episode 1),2022-06-12 21:09:26,2486,Device Type 0
User 4,Arrow: Season 2: Unthinkable (Episode 23),2022-06-12 20:29:07,2418,Device Type 0
User 4,Unthinkable,2022-06-12 20:27:08,17,Device Type 0
User 4,Arrow: Season 2: Streets of Fire (Episode 22),2022-06-12 19:45:49,2478,Device Type 0
User 4,Arrow: Season 2: City of Blood (Episode 21),2022-06-12 19:35:15,633,Device Type 0
User 4,Arrow: Season 2: City of Blood (Episode 21),2022-06-12 19:00:21,1861,Device Type 0
User 4,Arrow: Season 2: Seeing Red (Episode 20),2022-06-12 18:25:14,2107,Device Type 0
User 4,Arrow: Season 2: Seeing Red (Episode 20),2022-06-12 18:00:20,434,Device Type 0
User 4,Arrow: Season 2: The Man Under the Hood (Episode 19),2022-06-12 17:14:01,2488,Device Type 0
User 4,Arrow: Season 2: Deathstroke (Episode 18),2022-06-12 17:11:19,161,Device Type 0
User 4,Arrow: Season 2: The Man Under the Hood (Episode 19),2022-06-12 17:10:05,68,Device Type 0
User 4,Arrow: Season 2: Deathstroke (Episode 18),2022-06-12 16:27:49,2406,Device Type 0
User 4,Orange Is the New Black: Season 2: Low Self Esteem City (Episode 5),2022-06-12 16:27:36,1,Device Type 0
User 4,Arrow: Season 2: Deathstroke (Episode 18),2022-06-12 16:12:00,197,Device Type 0
User 4,CBI 5: The Brain,2022-06-12 15:39:00,5,Device Type 2
User 4,Arrow: Season 2: Birds of Prey (Episode 17),2022-06-12 15:30:29,2491,Device Type 0
User 4,Arrow: Season 2: Suicide Squad (Episode 16),2022-06-12 15:18:13,734,Device Type 0
User 4,InuYasha: Season 2: The Man Who Fell in Love with Kagome! (Episode 10),2022-06-12 15:14:15,720,Device Type 5
User 4,"InuYasha: Season 2: Kagome Kidnapped by Koga, the Wolf Demon! (Episode 9)",2022-06-12 14:54:08,1203,Device Type 5
User 4,InuYasha: Season 2: The True Owner of the Great Sword! (Episode 8),2022-06-12 14:45:35,509,Device Type 5
User 4,Arrow: Season 2: Suicide Squad (Episode 16),2022-06-12 14:35:21,1809,Device Type 0
User 4,Arrow: Season 2: The Promise (Episode 15),2022-06-12 14:27:00,499,Device Type 0
User 4,Arrow: Season 2: Suicide Squad (Episode 16),2022-06-12 14:26:55,1,Device Type 0
User 4,Arrow: Season 2: Suicide Squad (Episode 16),2022-06-12 14:19:37,421,Device Type 0
User 4,Arrow: Season 2: The Promise (Episode 15),2022-06-12 13:39:52,1955,Device Type 0
User 4,Arrow: Season 2: The Promise (Episode 15),2022-06-12 08:10:01,495,Device Type 0
User 4,Arrow: Season 2: Time of Death (Episode 14),2022-06-12 07:28:48,2473,Device Type 0
User 4,Arrow: Season 2: Heir to the Demon (Episode 13),2022-06-12 06:45:50,2490,Device Type 0
User 4,Arrow: Season 2: Tremors (Episode 12),2022-06-12 06:06:58,1575,Device Type 0
User 4,Arrow: Season 2: Tremors (Episode 12),2022-06-12 05:49:01,793,Device Type 0
User 4,Arrow: Season 2: Blind Spot (Episode 11),2022-06-12 05:04:02,1813,Device Type 0
User 4,Arrow: Season 2: Blind Spot (Episode 11),2022-06-12 05:00:41,162,Device Type 0
User 4,Arrow: Season 2: Blind Spot (Episode 11),2022-06-12 04:50:37,501,Device Type 0
User 4,Arrow: Season 2: Blast Radius (Episode 10),2022-06-12 04:09:28,2468,Device Type 0
User 4,Arrow: Season 2: Three Ghosts (Episode 9),2022-06-12 03:32:14,2231,Device Type 0
User 4,CBI 5: The Brain,2022-06-12 02:18:52,3392,Device Type 0
User 4,CBI 5: The Brain,2022-06-12 01:50:55,1291,Device Type 0
User 4,CBI 5: The Brain,2022-06-11 21:33:32,5205,Device Type 0
User 4,CBI 5: The Brain,2022-06-11 20:39:18,2144,Device Type 0
User 4,Arrow: Season 2: Three Ghosts (Episode 9),2022-06-11 20:12:46,710,Device Type 0
User 4,Arrow: Season 2: The Scientist (Episode 8),2022-06-11 19:20:54,2157,Device Type 0
User 4,Arrow: Season 2: The Scientist (Episode 8),2022-06-11 19:14:36,310,Device Type 0
User 4,Arrow: Season 2: State v. Queen (Episode 7),2022-06-11 18:30:12,2467,Device Type 0
User 4,Arrow: Season 2: Keep Your Enemies Closer (Episode 6),2022-06-11 18:07:21,937,Device Type 0
User 4,Arrow: Season 2: Keep Your Enemies Closer (Episode 6),2022-06-11 18:03:41,207,Device Type 0
User 4,Arrow: Season 2: Keep Your Enemies Closer (Episode 6),2022-06-11 17:40:07,1361,Device Type 0
User 4,Arrow: Season 2: League of Assassins (Episode 5),2022-06-11 17:30:11,568,Device Type 0
User 4,Arrow: Season 2: League of Assassins (Episode 5),2022-06-11 16:26:14,1275,Device Type 0
User 4,Arrow: Season 2: League of Assassins (Episode 5),2022-06-11 16:13:14,637,Device Type 0
User 4,Arrow: Season 2: Crucible (Episode 4),2022-06-11 15:42:59,1740,Device Type 0
User 4,Arrow: Season 2: Crucible (Episode 4),2022-06-11 15:35:09,188,Device Type 0
User 4,Arrow: Season 2: Crucible (Episode 4),2022-06-11 15:25:54,536,Device Type 0
User 4,Arrow: Season 2: Broken Dolls (Episode 3),2022-06-11 09:55:09,2422,Device Type 0
User 4,Arrow: Season 2: Identity (Episode 2),2022-06-11 09:12:15,2474,Device Type 0
User 4,Arrow: Season 2: City of Heroes (Episode 1),2022-06-11 09:08:03,251,Device Type 0
User 4,Arrow: Season 2: City of Heroes (Episode 1),2022-06-11 08:57:08,583,Device Type 0
User 4,Arrow: Season 2: City of Heroes (Episode 1),2022-06-11 08:53:57,185,Device Type 0
User 4,Arrow: Season 2: City of Heroes (Episode 1),2022-06-11 08:53:21,21,Device Type 0
User 4,Arrow: Season 2: City of Heroes (Episode 1),2022-06-11 08:25:15,1654,Device Type 0
User 4,Arrow: Season 1: Sacrifice (Episode 23),2022-06-11 07:33:39,2492,Device Type 0
User 4,Arrow: Season 1: Darkness on the Edge of Town (Episode 22),2022-06-11 06:50:40,2577,Device Type 0
User 4,Arrow: Season 1: The Undertaking (Episode 21),2022-06-11 06:40:51,589,Device Type 0
User 4,Arrow: Season 1: The Undertaking (Episode 21),2022-06-11 06:12:43,1260,Device Type 0
User 4,Arrow: Season 1: The Undertaking (Episode 21),2022-06-11 06:02:05,615,Device Type 0
User 4,Arrow: Season 1: Home Invasion (Episode 20),2022-06-11 06:00:00,124,Device Type 0
User 4,Arrow: Season 1: Home Invasion (Episode 20),2022-06-11 05:44:15,2,Device Type 0
User 4,Arrow: Season 1: Home Invasion (Episode 20),2022-06-11 05:04:40,2338,Device Type 0
User 4,Arrow: Season 1: Unfinished Business (Episode 19),2022-06-11 04:24:56,1589,Device Type 0
User 4,Arrow: Season 1: Unfinished Business (Episode 19),2022-06-11 03:57:51,1033,Device Type 0
User 4,Arrow: Season 1: Salvation (Episode 18),2022-06-11 03:51:48,362,Device Type 0
User 4,Arrow: Season 1: Salvation (Episode 18),2022-06-11 03:20:09,1540,Device Type 0
User 4,Arrow: Season 1: Unfinished Business (Episode 19),2022-06-11 03:18:45,75,Device Type 0
User 4,Arrow: Season 1: Unfinished Business (Episode 19),2022-06-10 20:20:06,845,Device Type 0
User 4,Arrow: Season 1: Salvation (Episode 18),2022-06-10 19:38:53,2472,Device Type 0
User 4,Arrow: Season 1: The Huntress Returns (Episode 17),2022-06-10 19:34:21,271,Device Type 0
User 4,Arrow: Season 1: The Huntress Returns (Episode 17),2022-06-10 18:32:25,2185,Device Type 0
User 4,Arrow: Season 1: Dead to Rights (Episode 16),2022-06-10 18:32:17,5,Device Type 0
User 4,Arrow: Season 1: Dead to Rights (Episode 16),2022-06-10 17:47:46,2511,Device Type 0
User 4,Arrow: Season 1: Dodger (Episode 15),2022-06-10 17:37:26,243,Device Type 0
User 4,Arrow: Season 1: Dodger (Episode 15),2022-06-10 16:46:43,2228,Device Type 0
User 4,Arrow: Season 1: The Odyssey (Episode 14),2022-06-10 16:46:31,9,Device Type 0
User 4,Arrow: Season 1: The Odyssey (Episode 14),2022-06-10 16:31:34,480,Device Type 0
User 4,Arrow: Season 1: The Odyssey (Episode 14),2022-06-10 16:18:33,772,Device Type 0
User 4,Arrow: Season 1: The Odyssey (Episode 14),2022-06-10 15:48:12,1263,Device Type 0
User 4,Arrow: Season 1: Betrayal (Episode 13),2022-06-10 15:38:29,583,Device Type 0
User 4,Arrow: Season 1: Betrayal (Episode 13),2022-06-10 14:56:31,1888,Device Type 0
User 4,Arrow: Season 1: Vertigo (Episode 12),2022-06-10 14:12:26,2608,Device Type 0
User 4,Arrow: Season 1: Trust but Verify (Episode 11),2022-06-10 14:07:54,270,Device Type 0
User 4,Arrow: Season 1: Trust but Verify (Episode 11),2022-06-10 12:43:59,1850,Device Type 0
User 4,Arrow: Season 1: Trust but Verify (Episode 11),2022-06-10 12:37:07,341,Device Type 0
User 4,Arrow: Season 1: Burned (Episode 10),2022-06-10 11:43:25,2512,Device Type 0
User 4,Arrow: Season 1: Year's End (Episode 9),2022-06-10 11:31:52,693,Device Type 0
User 4,Arrow: Season 1: Year's End (Episode 9),2022-06-10 10:44:26,1952,Device Type 0
User 4,Arrow: Season 1: Vendetta (Episode 8),2022-06-10 10:02:29,2221,Device Type 0
User 4,Arrow: Season 1: Vendetta (Episode 8),2022-06-10 09:37:46,182,Device Type 0
User 4,Arrow: Season 1: Vendetta (Episode 8),2022-06-10 09:32:04,99,Device Type 0
User 4,Arrow: Season 1: Muse of Fire (Episode 7),2022-06-10 09:01:49,1680,Device Type 0
User 4,Don,2022-06-10 08:42:20,1048,Device Type 0
User 4,InuYasha: Season 2: The True Owner of the Great Sword! (Episode 8),2022-06-10 08:41:27,732,Device Type 5
User 4,InuYasha: Season 2: Tetsusaiga and Tenseiga (Episode 7),2022-06-10 08:39:53,91,Device Type 5
User 4,Don,2022-06-10 08:12:52,259,Device Type 0
User 4,Don,2022-06-10 05:30:19,8535,Device Type 0
User 4,Arrow: Season 1: Muse of Fire (Episode 7),2022-06-10 04:45:34,754,Device Type 0
User 4,Arrow: Season 1: Legacies (Episode 6),2022-06-10 04:23:07,1347,Device Type 0
User 4,InuYasha: Season 2: Tetsusaiga and Tenseiga (Episode 7),2022-06-10 04:06:05,1182,Device Type 5
User 4,Don (Tamil)_hook_primary_16x9,2022-06-10 04:05:16,6,Device Type 5
User 4,Arrow: Season 1: Legacies (Episode 6),2022-06-10 03:57:51,606,Device Type 0
User 4,Arrow: Season 1: Legacies (Episode 6),2022-06-09 19:56:24,636,Device Type 0
User 4,Arrow: Season 1: Damaged (Episode 5),2022-06-09 19:23:38,1959,Device Type 0
User 4,Arrow: Season 1: Damaged (Episode 5),2022-06-09 18:48:16,692,Device Type 0
User 4,Arrow: Season 1: An Innocent Man (Episode 4),2022-06-09 18:01:39,2493,Device Type 0
User 4,Arrow: Season 1: Lone Gunmen (Episode 3),2022-06-09 17:15:42,2583,Device Type 0
User 4,Arrow: Season 1: Honor Thy Father (Episode 2),2022-06-09 16:44:35,1619,Device Type 0
User 4,Arrow: Season 1: Honor Thy Father (Episode 2),2022-06-09 16:28:57,924,Device Type 0
User 4,Arrow: Season 1: Pilot (Episode 1),2022-06-09 15:40:42,2545,Device Type 0
User 4,Shadowhunters (Trailer),2022-06-09 15:39:02,12,Device Type 0
User 4,"InuYasha: Season 2: Kikyo, Captured by Naraku (Episode 6)",2022-06-09 15:00:40,1246,Device Type 5
User 4,Close (Trailer),2022-06-09 14:59:21,11,Device Type 5
User 4,Hustle,2022-06-09 14:52:55,2648,Device Type 0
User 4,Hustle,2022-06-09 13:35:21,4017,Device Type 0
User 4,"InuYasha: Season 2: Kikyo, Captured by Naraku (Episode 6)",2022-06-09 08:10:59,60,Device Type 5
User 4,"InuYasha: Season 2: Kikyo and Inuyasha, Into the Miasma (Episode 5)",2022-06-09 07:50:11,1241,Device Type 5
User 4,Season 2 Teaser 2: She,2022-06-09 02:46:11,30,Device Type 0
User 4,Season 1 Trailer: She,2022-06-09 02:44:55,70,Device Type 0
User 4,She: Season 1 PVS Clip 1,2022-06-09 02:43:41,62,Device Type 0
User 4,"InuYasha: Season 2: Kikyo and Inuyasha, Into the Miasma (Episode 5)",2022-06-08 15:47:33,7,Device Type 5
User 4,"InuYasha: Season 2: Jinenji, Kind Yet Sad (Episode 4)",2022-06-08 15:25:01,1242,Device Type 5
User 4,InuYasha: Season 2: Tetsusaiga Is Stolen! Showdown at Naraku's Castle! (Episode 3),2022-06-08 15:03:09,1311,Device Type 5
User 4,InuYasha: Season 2: Sango's Suffering and Kohaku's Life (Episode 2),2022-06-08 14:47:12,942,Device Type 5
User 4,InuYasha: Season 2: Sango's Suffering and Kohaku's Life (Episode 2),2022-06-08 07:59:57,190,Device Type 5
User 4,InuYasha: Season 2: Miroku Falls into a Dangerous Trap (Episode 1),2022-06-08 07:39:26,1215,Device Type 5
User 4,InuYasha: Season 2: Miroku Falls into a Dangerous Trap (Episode 1),2022-06-08 04:36:09,56,Device Type 5
User 4,InuYasha: Season 1: The Lake of the Evil Water God (Episode 27),2022-06-08 04:13:01,1236,Device Type 5
User 4,InuYasha: Season 1: Secret of the Jewel of Four Souls Revealed (Episode 26),2022-06-08 04:01:19,698,Device Type 5
User 4,Lucifer: Season 6: Partners 'Til the End (Episode 10),2022-06-07 19:35:30,559,Device Type 0
User 4,"Lucifer: Season 6: Goodbye, Lucifer (Episode 9)",2022-06-07 18:45:38,2991,Device Type 0
User 4,"Lucifer: Season 6: Goodbye, Lucifer (Episode 9)",2022-06-07 18:29:48,933,Device Type 0
User 4,"Lucifer: Season 6: Save the Devil, Save the World (Episode 8)",2022-06-07 17:34:25,1974,Device Type 0
User 4,"Lucifer: Season 6: Save the Devil, Save the World (Episode 8)",2022-06-07 17:03:02,1242,Device Type 0
User 4,Lucifer: Season 6: My Best Fiend's Wedding (Episode 7),2022-06-07 16:43:53,1031,Device Type 0
User 4,InuYasha: Season 1: Secret of the Jewel of Four Souls Revealed (Episode 26),2022-06-07 15:38:26,541,Device Type 5
User 4,InuYasha: Season 1: Naraku's Insidious Plot (Episode 25),2022-06-07 15:19:44,1120,Device Type 5
User 4,"InuYasha: Season 1: Enter Sango, the Demon Slayer (Episode 24)",2022-06-07 15:16:14,207,Device Type 5
User 4,Lucifer: Season 6: My Best Fiend's Wedding (Episode 7),2022-06-07 12:05:39,2407,Device Type 0
User 4,Lucifer: Season 6: A Lot Dirtier Than That (Episode 6),2022-06-07 11:09:13,3184,Device Type 0
User 4,Lucifer: Season 6: The Murder of Lucifer Morningstar (Episode 5),2022-06-07 10:49:53,1158,Device Type 0
User 4,"InuYasha: Season 1: Enter Sango, the Demon Slayer (Episode 24)",2022-06-07 07:49:15,1033,Device Type 5
User 4,InuYasha: Season 1: Kagome's Voice and Kikyo's Kiss (Episode 23),2022-06-07 07:43:01,370,Device Type 5
User 4,InuYasha: Season 1_hook_primary_16x9,2022-06-07 07:42:51,6,Device Type 5
User 4,Lucifer: Season 6: The Murder of Lucifer Morningstar (Episode 5),2022-06-07 07:10:59,2268,Device Type 0
User 4,Lucifer: Season 6: Pin the Tail on the Daddy (Episode 4),2022-06-07 06:53:39,1039,Device Type 0
User 4,Lucifer: Season 6: Pin the Tail on the Daddy (Episode 4),2022-06-07 06:20:26,1292,Device Type 0
User 4,Lucifer: Season 6: Pin the Tail on the Daddy (Episode 4),2022-06-07 06:09:43,245,Device Type 0
User 4,Lucifer: Season 6: Yabba Dabba Do Me (Episode 3),2022-06-07 05:35:23,1849,Device Type 0
User 4,Lucifer: Season 6: Yabba Dabba Do Me (Episode 3),2022-06-07 05:14:25,754,Device Type 0
User 4,Lucifer: Season 6: Buckets of Baggage (Episode 2),2022-06-07 03:56:04,2913,Device Type 0
User 4,Lucifer: Season 6: Buckets of Baggage (Episode 2),2022-06-07 03:48:34,445,Device Type 0
User 4,Lucifer: Season 6: Nothing Ever Changes Around Here (Episode 1),2022-06-07 03:47:26,68,Device Type 0
User 4,InuYasha: Season 1: Kagome's Voice and Kikyo's Kiss (Episode 23),2022-06-07 03:34:55,700,Device Type 5
User 4,Lucifer: Season 6: Nothing Ever Changes Around Here (Episode 1),2022-06-07 03:13:13,1118,Device Type 0
User 4,InuYasha: Season 1: Kagome's Voice and Kikyo's Kiss (Episode 23),2022-06-06 15:29:18,240,Device Type 5
User 4,InuYasha: Season 1: A Wicked Smile; Kikyo's Wandering Soul (Episode 22),2022-06-06 15:17:06,728,Device Type 5
User 4,Lucifer: Season 6: Nothing Ever Changes Around Here (Episode 1),2022-06-06 13:17:36,1596,Device Type 0
User 4,Lucifer: Season 5: A Chance at a Happy Ending (Episode 16),2022-06-06 12:39:11,2283,Device Type 0
User 4,Interceptor,2022-06-06 10:49:41,1094,Device Type 0
User 4,Interceptor,2022-06-06 09:59:59,1652,Device Type 0
User 4,InuYasha: Season 1: A Wicked Smile; Kikyo's Wandering Soul (Episode 22),2022-06-06 08:03:40,490,Device Type 5
User 4,InuYasha: Season 1: Naraku's True Identity Unveiled (Episode 21),2022-06-06 08:02:09,86,Device Type 5
User 4,The Witches_hook_primary_16x9,2022-06-06 08:01:33,27,Device Type 5
User 4,Interceptor,2022-06-06 07:11:23,683,Device Type 0
User 4,Interceptor,2022-06-06 06:35:51,1100,Device Type 0
User 4,Interceptor,2022-06-06 05:43:27,1401,Device Type 0
User 4,Lucifer: Season 5: A Chance at a Happy Ending (Episode 16),2022-06-06 05:24:28,539,Device Type 0
User 4,Lucifer: Season 5: A Chance at a Happy Ending (Episode 16),2022-06-06 05:19:21,293,Device Type 0
User 4,InuYasha: Season 1: Naraku's True Identity Unveiled (Episode 21),2022-06-06 04:24:59,1152,Device Type 5
User 4,Lucifer: Season 5: Is This Really How It's Going to End?! (Episode 15),2022-06-06 04:22:29,2557,Device Type 0
User 4,InuYasha: Season 1: Despicable Villain: The Mystery of Onigumo! (Episode 20),2022-06-06 03:58:29,1307,Device Type 5
User 4,"InuYasha: Season 1: Go Home to Your Own Time, Kagome! (Episode 19)",2022-06-06 03:57:02,72,Device Type 5
User 4,Lucifer: Season 5: Is This Really How It's Going to End?! (Episode 15),2022-06-06 03:47:25,1162,Device Type 0
User 4,Lucifer: Season 5: Nothing Lasts Forever (Episode 14),2022-06-06 03:40:48,397,Device Type 0
User 4,Lucifer: Season 5: Nothing Lasts Forever (Episode 14),2022-06-06 03:19:23,1270,Device Type 0
User 4,Lucifer: Season 5: Nothing Lasts Forever (Episode 14),2022-06-06 01:22:07,475,Device Type 0
User 4,Lucifer: Season 5: Nothing Lasts Forever (Episode 14),2022-06-05 19:22:52,1301,Device Type 0
User 4,Lucifer: Season 5: A Little Harmless Stalking (Episode 13),2022-06-05 18:40:12,2559,Device Type 0
User 4,Lucifer: Season 5: A Little Harmless Stalking (Episode 13),2022-06-05 16:18:31,679,Device Type 0
User 4,Lucifer: Season 5: A Little Harmless Stalking (Episode 13),2022-06-05 16:11:32,415,Device Type 0
User 4,Lucifer: Season 5: Daniel Espinoza: Naked and Afraid (Episode 12),2022-06-05 15:50:55,1236,Device Type 0
User 4,Jana Gana Mana,2022-06-05 15:07:22,2279,Device Type 5
User 4,Lucifer: Season 5: Daniel Espinoza: Naked and Afraid (Episode 12),2022-06-05 14:29:10,2179,Device Type 0
User 4,Beyond Stranger Things: Beyond 2: Mind Blown (Episode 1),2022-06-05 13:59:56,1,Device Type 0
User 4,Lucifer: Season 5: Resting Devil Face (Episode 11),2022-06-05 13:27:33,3096,Device Type 0
User 4,Jana Gana Mana,2022-06-05 13:04:14,7078,Device Type 5
User 4,Jana Gana Mana,2022-06-05 13:00:07,135,Device Type 5
User 4,Jana Gana Mana,2022-06-05 12:59:45,4,Device Type 5
User 4,Jana 2022 (Telugu)_hook_03_16x9,2022-06-05 12:57:58,23,Device Type 5
User 4,Lucifer: Season 5: Bloody Celestial Karaoke Jam (Episode 10),2022-06-05 12:22:02,3928,Device Type 0
User 4,Lucifer: Season 5: Family Dinner (Episode 9),2022-06-05 11:10:42,3212,Device Type 0
User 4,Lucifer: Season 5: Spoiler Alert (Episode 8),2022-06-05 10:08:25,3721,Device Type 0
User 4,Lucifer: Season 5: Our Mojo (Episode 7),2022-06-05 09:41:46,1530,Device Type 0
User 4,Lucifer: Season 5: Our Mojo (Episode 7),2022-06-05 09:32:06,18,Device Type 0
User 4,Lucifer: Season 5: Our Mojo (Episode 7),2022-06-05 08:56:42,1705,Device Type 0
User 4,"InuYasha: Season 1: Go Home to Your Own Time, Kagome! (Episode 19)",2022-06-05 08:21:38,1059,Device Type 5
User 4,InuYasha: Season 1: Naraku and Sesshomaru Join Forces (Episode 18),2022-06-05 07:59:49,1307,Device Type 5
User 4,InuYasha: Season 1: The Cursed Ink of the Hell-Painter (Episode 17),2022-06-05 07:56:54,173,Device Type 5
User 4,Sonic the Hedgehog_hook_03_16x9,2022-06-05 07:56:34,5,Device Type 5
User 4,Lucifer: Season 5: BlueBallz (Episode 6),2022-06-05 07:02:52,3248,Device Type 0
User 4,Lucifer: Season 5: Detective Amenadiel (Episode 5),2022-06-05 06:38:27,1464,Device Type 0
User 4,Lucifer: Season 5: Detective Amenadiel (Episode 5),2022-06-05 05:44:26,1784,Device Type 0
User 4,Lucifer: Season 5: It Never Ends Well for the Chicken (Episode 4),2022-06-05 04:42:20,3245,Device Type 0
User 4,Lucifer: Season 5: ¡Diablo! (Episode 3),2022-06-05 04:30:50,690,Device Type 0
User 4,Lucifer: Season 5: ¡Diablo! (Episode 3),2022-06-04 19:22:57,1328,Device Type 0
User 4,Lucifer: Season 5: ¡Diablo! (Episode 3),2022-06-04 12:11:59,1544,Device Type 0
User 4,Lucifer: Season 5: Lucifer! Lucifer! Lucifer! (Episode 2),2022-06-04 11:04:24,3376,Device Type 0
User 4,Lucifer: Season 5: Really Sad Devil Guy (Episode 1),2022-06-04 09:57:55,2991,Device Type 0
User 4,Lucifer: Season 4: Who's da New King of Hell? (Episode 10),2022-06-04 09:01:35,3309,Device Type 0
User 4,Lucifer: Season 4: Save Lucifer (Episode 9),2022-06-04 08:36:34,1298,Device Type 0
User 4,Lucifer: Season 4: Save Lucifer (Episode 9),2022-06-04 07:59:22,1667,Device Type 0
User 4,Lucifer: Season 4: Super Bad Boyfriend (Episode 8),2022-06-04 07:46:20,550,Device Type 0
User 4,Lucifer: Season 4: Super Bad Boyfriend (Episode 8),2022-06-04 06:52:35,2566,Device Type 0
User 4,Lucifer: Season 4: Devil Is as Devil Does (Episode 7),2022-06-04 05:59:13,2826,Device Type 0
User 4,Lucifer: Season 4: Orgy Pants to Work (Episode 6),2022-06-04 05:57:23,108,Device Type 0
User 4,Lucifer: Season 4: Orgy Pants to Work (Episode 6),2022-06-04 05:26:53,1567,Device Type 0
User 4,Lucifer: Season 4: Orgy Pants to Work (Episode 6),2022-06-04 04:52:21,1255,Device Type 0
User 4,Lucifer: Season 4: Expire Erect (Episode 5),2022-06-04 03:56:23,2946,Device Type 0
User 4,Lucifer: Season 4: All About Eve (Episode 4),2022-06-04 03:49:20,421,Device Type 0
User 4,Lucifer: Season 4: All About Eve (Episode 4),2022-06-03 23:39:36,1293,Device Type 0
User 4,Lucifer: Season 4: All About Eve (Episode 4),2022-06-03 22:30:35,1727,Device Type 0
User 4,Jana Gana Mana,2022-06-03 19:36:34,9850,Device Type 0
User 4,Lucifer: Season 4: All About Eve (Episode 4),2022-06-03 19:12:35,1432,Device Type 0
User 4,"Lucifer: Season 4: O, Ye of Little Faith, Father (Episode 3)",2022-06-03 18:29:44,2570,Device Type 0
User 4,"Lucifer: Season 4: O, Ye of Little Faith, Father (Episode 3)",2022-06-03 18:24:29,302,Device Type 0
User 4,Lucifer: Season 4: Somebody’s Been Reading Dante’s Inferno (Episode 2),2022-06-03 18:17:30,419,Device Type 0
User 4,Lucifer: Season 4: Somebody’s Been Reading Dante’s Inferno (Episode 2),2022-06-03 17:27:30,2476,Device Type 0
User 4,Lucifer: Season 4: Everything's Okay (Episode 1),2022-06-03 17:24:02,207,Device Type 0
User 4,Lucifer: Season 4: Everything's Okay (Episode 1),2022-06-03 17:15:14,523,Device Type 0
User 4,Lucifer: Season 4: Everything's Okay (Episode 1),2022-06-03 16:47:39,1619,Device Type 0
User 4,Lucifer: Season 4: Everything's Okay (Episode 1),2022-06-03 16:37:46,513,Device Type 0
User 4,Lucifer: Season 3: Once Upon a Time (Episode 26),2022-06-03 16:28:06,579,Device Type 0
User 4,Lucifer: Season 3: Once Upon a Time (Episode 26),2022-06-03 15:51:32,2069,Device Type 0
User 4,Lucifer: Season 3: Boo Normal (Episode 25),2022-06-03 15:36:44,865,Device Type 0
User 4,InuYasha: Season 1: The Cursed Ink of the Hell-Painter (Episode 17),2022-06-03 15:28:40,1063,Device Type 5
User 4,Lucifer: Season 3: Boo Normal (Episode 25),2022-06-03 15:24:49,521,Device Type 0
User 4,"InuYasha: Season 1: Mystical Hand of the Amorous Monk, Miroku (Episode 16)",2022-06-03 15:24:10,267,Device Type 5
User 4,Lucifer: Season 3: Boo Normal (Episode 25),2022-06-03 14:45:57,1215,Device Type 0
User 4,Lucifer: Season 3: A Devil of My Word (Episode 24),2022-06-03 14:09:18,2114,Device Type 0
User 4,Lucifer: Season 3: A Devil of My Word (Episode 24),2022-06-03 13:59:47,425,Device Type 0
User 4,Lucifer: Season 3: Quintessential Deckerstar (Episode 23),2022-06-03 13:59:45,1,Device Type 0
User 4,Lucifer: Season 3: All Hands on Decker (Episode 22),2022-06-03 13:59:41,2,Device Type 0
User 4,Lucifer: Season 3: Anything Pierce Can Do I Can Do Better (Episode 21),2022-06-03 13:59:39,1,Device Type 0
User 4,Lucifer: Season 3: The Angel of San Bernardino (Episode 20),2022-06-03 13:59:37,1,Device Type 0
User 4,Lucifer: Season 3: Orange Is the New Maze (Episode 19),2022-06-03 13:59:34,2,Device Type 0
User 4,Lucifer: Season 3: Let Pinhead Sing! (Episode 17),2022-06-03 13:59:25,4,Device Type 0
User 4,Lucifer: Season 3: Let Pinhead Sing! (Episode 17),2022-06-03 13:58:12,2,Device Type 0
User 4,Lucifer: Season 3: Infernal Guinea Pig (Episode 16),2022-06-03 13:58:10,1,Device Type 0
User 4,Lucifer: Season 3: Infernal Guinea Pig (Episode 16),2022-06-03 13:58:06,1,Device Type 0
User 4,Lucifer: Season 3: Infernal Guinea Pig (Episode 16),2022-06-03 13:57:38,3,Device Type 0
User 4,Lucifer: Season 3: Quintessential Deckerstar (Episode 23),2022-06-03 13:27:07,1830,Device Type 0
User 4,Lucifer: Season 3: Quintessential Deckerstar (Episode 23),2022-06-03 13:27:02,1,Device Type 0
User 4,Lucifer: Season 3: Quintessential Deckerstar (Episode 23),2022-06-03 12:44:33,779,Device Type 0
User 4,Lucifer: Season 3: Infernal Guinea Pig (Episode 16),2022-06-03 12:43:49,23,Device Type 0
User 4,Lucifer: Season 3: All Hands on Decker (Episode 22),2022-06-03 12:03:27,2322,Device Type 0
User 4,Lucifer: Season 3: All Hands on Decker (Episode 22),2022-06-03 11:59:03,258,Device Type 0
User 4,Lucifer: Season 5 - Clip 2,2022-06-03 11:58:49,13,Device Type 0
User 4,Lucifer: Season 1_hook_primary_16x9,2022-06-03 11:55:01,30,Device Type 0
User 4,Lucifer: Season 3: Infernal Guinea Pig (Episode 16),2022-06-03 11:53:39,73,Device Type 0
User 4,Lucifer: Season 3: Anything Pierce Can Do I Can Do Better (Episode 21),2022-06-03 11:15:58,2260,Device Type 0
User 4,Lucifer: Season 3: Anything Pierce Can Do I Can Do Better (Episode 21),2022-06-03 11:03:32,140,Device Type 0
User 4,Lucifer: Season 3: Anything Pierce Can Do I Can Do Better (Episode 21),2022-06-03 10:00:46,227,Device Type 0
User 4,Lucifer: Season 3: Infernal Guinea Pig (Episode 16),2022-06-03 10:00:37,2,Device Type 0
User 4,Lucifer: Season 3: Infernal Guinea Pig (Episode 16),2022-06-03 10:00:28,6,Device Type 0
User 4,Lucifer: Season 3: The Angel of San Bernardino (Episode 20),2022-06-03 09:08:23,2346,Device Type 0
User 4,"InuYasha: Season 1: Mystical Hand of the Amorous Monk, Miroku (Episode 16)",2022-06-03 08:07:48,445,Device Type 5
User 4,"InuYasha: Season 1: Mystical Hand of the Amorous Monk, Miroku (Episode 16)",2022-06-03 07:48:58,536,Device Type 5
User 4,"InuYasha: Season 1: Return of the Tragic Priestess, Kikyo (Episode 15)",2022-06-03 07:47:26,86,Device Type 5
User 4,Lucifer: Season 3: The Angel of San Bernardino (Episode 20),2022-06-03 06:23:17,258,Device Type 0
User 4,Lucifer: Season 3: Orange Is the New Maze (Episode 19),2022-06-03 06:09:03,716,Device Type 0
User 4,Lucifer: Season 3: Orange Is the New Maze (Episode 19),2022-06-03 05:24:39,1927,Device Type 0
User 4,Lucifer: Season 3: The Last Heartbreak (Episode 18),2022-06-03 05:07:09,1050,Device Type 0
User 4,Lucifer: Season 3: The Last Heartbreak (Episode 18),2022-06-03 04:34:14,810,Device Type 0
User 4,"InuYasha: Season 1: Return of the Tragic Priestess, Kikyo (Episode 15)",2022-06-03 04:24:16,1145,Device Type 5
User 4,InuYasha: Season 1: Kikyo's Stolen Ashes (Episode 14),2022-06-03 04:12:28,704,Device Type 5
User 4,You Got Served_hook_primary_16x9,2022-06-03 04:10:42,4,Device Type 5
User 4,Lucifer: Season 3: The Last Heartbreak (Episode 18),2022-06-03 03:27:34,3064,Device Type 0
User 4,Lucifer: Season 3: Let Pinhead Sing! (Episode 17),2022-06-03 02:55:14,1939,Device Type 0
User 4,Lucifer: Season 3: Let Pinhead Sing! (Episode 17),2022-06-03 02:28:08,727,Device Type 0
User 4,Lucifer: Season 3: Infernal Guinea Pig (Episode 16),2022-06-03 02:11:28,1000,Device Type 0
User 4,Lucifer: Season 3: Infernal Guinea Pig (Episode 16),2022-06-02 17:43:26,1918,Device Type 0
User 4,Lucifer: Season 3: High School Poppycock (Episode 15),2022-06-02 17:43:19,6,Device Type 0
User 4,Lucifer: Season 3: High School Poppycock (Episode 15),2022-06-02 16:36:00,2356,Device Type 0
User 4,Lucifer: Season 3: High School Poppycock (Episode 15),2022-06-02 16:06:08,188,Device Type 0
User 4,InuYasha: Season 1: Kikyo's Stolen Ashes (Episode 14),2022-06-02 15:26:56,540,Device Type 5
User 4,InuYasha: Season 1: Kikyo's Stolen Ashes (Episode 14),2022-06-02 15:20:27,74,Device Type 5
User 4,Lucifer: Season 3: My Brother's Keeper (Episode 14),2022-06-02 15:11:53,2615,Device Type 0
User 4,InuYasha: Season 1: The Mystery of the New Moon and the Black-Haired Inuyasha (Episode 13),2022-06-02 14:59:43,1241,Device Type 5
User 4,InuYasha: Season 1: The Soul Piper and the Mischievous Little Soul (Episode 12),2022-06-02 14:56:08,213,Device Type 5
User 4,Inciting Incident Clip: F*ck Love Too,2022-06-02 14:55:36,17,Device Type 5
User 4,Lucifer: Season 3: 'Til Death Do Us Part (Episode 13),2022-06-02 14:52:37,929,Device Type 0
User 4,Lucifer: Season 3: 'Til Death Do Us Part (Episode 13),2022-06-02 14:15:26,1661,Device Type 0
User 4,Lucifer: Season 3: All About Her (Episode 12),2022-06-02 14:05:03,622,Device Type 0
User 4,Lucifer: Season 3: All About Her (Episode 12),2022-06-02 12:31:49,1982,Device Type 0
User 4,Lucifer: Season 3: City of Angels? (Episode 11),2022-06-02 12:07:12,1052,Device Type 0
User 4,Lucifer: Season 3: City of Angels? (Episode 11),2022-06-02 11:25:59,1603,Device Type 0
User 4,Lucifer: Season 3: The Sin Bin (Episode 10),2022-06-02 10:42:11,2541,Device Type 0
User 4,Lucifer: Season 3: The Sinnerman (Episode 9),2022-06-02 10:27:31,879,Device Type 0
User 4,Lucifer: Season 3: The Sinnerman (Episode 9),2022-06-02 09:56:18,516,Device Type 0
User 4,Lucifer: Season 3: The Sinnerman (Episode 9),2022-06-02 09:40:17,27,Device Type 0
User 4,Lucifer: Season 3: The Sinnerman (Episode 9),2022-06-02 09:18:43,1147,Device Type 0
User 4,Jana 2022 (Telugu),2022-06-02 08:54:54,2,Device Type 0
User 4,InuYasha: Season 1: The Soul Piper and the Mischievous Little Soul (Episode 12),2022-06-02 07:56:41,1065,Device Type 5
User 4,Lucifer: Season 3: Chloe Does Lucifer (Episode 8),2022-06-02 05:21:52,615,Device Type 0
User 4,InuYasha: Season 1: The Terror of the Ancient Noh Mask (Episode 11),2022-06-02 04:21:55,1196,Device Type 5
User 4,Lucifer: Season 3: Chloe Does Lucifer (Episode 8),2022-06-02 04:04:50,1271,Device Type 0
User 4,InuYasha: Season 1: Phantom Showdown: The Thunder Brothers vs. Tetsusaiga (Episode 10),2022-06-02 03:58:11,1306,Device Type 5
User 4,"InuYasha: Season 1: Enter Shippo Plus, the Amazing Thunder Brothers! (Episode 9)",2022-06-02 03:52:59,224,Device Type 5
User 4,The Huntsman: Winter's War_hook_primary_16x9,2022-06-02 03:52:42,5,Device Type 5
User 4,Lucifer: Season 3: Chloe Does Lucifer (Episode 8),2022-06-02 03:20:14,629,Device Type 0
User 4,Lucifer: Season 3: Off the Record (Episode 7),2022-06-02 02:56:16,1086,Device Type 0
User 4,Lucifer: Season 3: Off the Record (Episode 7),2022-06-02 02:29:14,1122,Device Type 0
User 4,Lucifer: Season 3: Off the Record (Episode 7),2022-06-01 19:43:33,404,Device Type 0
User 4,Can You Keep a Secret?,2022-06-01 17:31:22,4988,Device Type 0
User 4,Lucifer: Season 3: Vegas with Some Radish (Episode 6),2022-06-01 16:41:13,2527,Device Type 0
User 4,Lucifer: Season 3: Vegas with Some Radish (Episode 6),2022-06-01 16:38:17,59,Device Type 0
User 4,Lucifer: Season 3: The One with the Baby Carrot (Episode 2),2022-06-01 16:37:06,61,Device Type 0
User 4,"Lucifer: Season 3: Welcome Back, Charlotte Richards (Episode 5)",2022-06-01 16:34:20,165,Device Type 0
User 4,"Lucifer: Season 3: Welcome Back, Charlotte Richards (Episode 5)",2022-06-01 15:14:01,2377,Device Type 0
User 4,"InuYasha: Season 1: Enter Shippo Plus, the Amazing Thunder Brothers! (Episode 9)",2022-06-01 15:10:51,1036,Device Type 5
User 4,Lucifer: Season 3: What Would Lucifer Do? (Episode 4),2022-06-01 14:53:47,1039,Device Type 0
User 4,Lucifer: Season 3: The One with the Baby Carrot (Episode 2),2022-06-01 14:53:27,12,Device Type 0
User 4,InuYasha: Season 1: The Toad Who Would Be Prince (Episode 8),2022-06-01 14:47:29,1220,Device Type 5
User 4,Lucifer: Season 3: What Would Lucifer Do? (Episode 4),2022-06-01 14:16:10,2236,Device Type 0
User 4,Lucifer: Season 3: What Would Lucifer Do? (Episode 4),2022-06-01 14:08:47,331,Device Type 0
User 4,Lucifer: Season 3: What Would Lucifer Do? (Episode 4),2022-06-01 14:08:18,7,Device Type 0
User 4,Lucifer: Season 3: The One with the Baby Carrot (Episode 2),2022-06-01 14:08:02,3,Device Type 0
User 4,Lucifer: Season 3: Mr. and Mrs. Mazikeen Smith (Episode 3),2022-06-01 13:39:34,1666,Device Type 0
User 4,Lucifer: Season 3: Mr. and Mrs. Mazikeen Smith (Episode 3),2022-06-01 13:09:54,300,Device Type 0
User 4,Lucifer: Season 3: Mr. and Mrs. Mazikeen Smith (Episode 3),2022-06-01 12:06:50,261,Device Type 0
User 4,InuYasha: Season 1: Showdown! Inuyasha vs. Sesshomaru (Episode 7),2022-06-01 07:46:56,954,Device Type 5
User 4,Can You Keep a Secret?,2022-06-01 06:12:02,102,Device Type 0
User 4,Lucifer: Season 3: Mr. and Mrs. Mazikeen Smith (Episode 3),2022-06-01 05:56:00,475,Device Type 0
User 4,Lucifer: Season 3: The One with the Baby Carrot (Episode 2),2022-06-01 05:37:40,478,Device Type 0
User 4,Lucifer: Season 3: The One with the Baby Carrot (Episode 2),2022-06-01 05:32:06,305,Device Type 0
User 4,Lucifer: Season 3: The One with the Baby Carrot (Episode 2),2022-06-01 05:20:08,318,Device Type 0
User 4,Lucifer: Season 3: The One with the Baby Carrot (Episode 2),2022-06-01 04:53:10,1500,Device Type 0
User 4,"Lucifer: Season 3: They're Back, Aren't They? (Episode 1)",2022-06-01 04:41:40,689,Device Type 0
User 4,InuYasha: Season 1: Showdown! Inuyasha vs. Sesshomaru (Episode 7),2022-06-01 04:27:41,138,Device Type 5
User 4,"InuYasha: Season 1: Tetsusaiga, the Phantom Sword (Episode 6)",2022-06-01 04:08:41,1136,Device Type 5
User 4,"InuYasha: Season 1: Aristocratic Assassin, Sesshomaru (Episode 5)",2022-06-01 03:54:51,826,Device Type 5
User 4,"Lucifer: Season 3: They're Back, Aren't They? (Episode 1)",2022-06-01 03:12:16,1885,Device Type 0
User 4,"Lucifer: Season 2: The Good, The Bad and The Crispy (Episode 18)",2022-06-01 02:33:16,2334,Device Type 0
User 4,"Lucifer: Season 2: The Good, The Bad and The Crispy (Episode 18)",2022-05-31 20:22:33,203,Device Type 0
User 4,Lucifer: Season 2: Sympathy for the Goddess (Episode 17),2022-05-31 19:53:08,1204,Device Type 0
User 4,Can You Keep a Secret?_hook_02_16x9,2022-05-31 19:51:44,65,Device Type 0
User 4,Lucifer: Season 2: Sympathy for the Goddess (Episode 17),2022-05-31 19:47:19,248,Device Type 0
User 4,Lucifer: Season 2: Sympathy for the Goddess (Episode 17),2022-05-31 17:24:43,384,Device Type 0
User 4,Lucifer: Season 2: Sympathy for the Goddess (Episode 17),2022-05-31 16:59:33,203,Device Type 0
User 4,Lucifer: Season 2: Sympathy for the Goddess (Episode 17),2022-05-31 16:48:27,629,Device Type 0
User 4,Lucifer: Season 2: God Johnson (Episode 16),2022-05-31 16:05:50,2557,Device Type 0
User 4,Lucifer: Season 2: Deceptive Little Parasite (Episode 15),2022-05-31 15:23:30,2539,Device Type 0
User 4,"InuYasha: Season 1: Aristocratic Assassin, Sesshomaru (Episode 5)",2022-05-31 15:19:32,491,Device Type 5
User 4,InuYasha: Season 1: Yura of the Demon-Hair (Episode 4),2022-05-31 14:59:24,1204,Device Type 5
User 4,InuYasha: Season 1: Down the Rabbit Hole and Back Again (Episode 3),2022-05-31 14:56:22,174,Device Type 5
User 4,Lucifer: Season 2: Candy Morningstar (Episode 14),2022-05-31 14:41:27,2522,Device Type 0
User 4,Lucifer: Season 2: A Good Day to Die (Episode 13),2022-05-31 14:06:41,2065,Device Type 0
User 4,Lucifer: Season 2: A Good Day to Die (Episode 13),2022-05-31 13:25:52,522,Device Type 0
User 4,Lucifer: Season 2: Love Handles (Episode 12),2022-05-31 12:35:41,2562,Device Type 0
User 4,Lucifer: Season 2: Stewardess Interruptus (Episode 11),2022-05-31 12:26:50,478,Device Type 0
User 4,Lucifer: Season 2: Stewardess Interruptus (Episode 11),2022-05-31 11:48:38,2099,Device Type 0
User 4,Lucifer: Season 2: Homewrecker (Episode 9),2022-05-31 11:47:34,58,Device Type 0
User 4,Lucifer: Season 2: Quid Pro Ho (Episode 10),2022-05-31 11:34:20,616,Device Type 0
User 4,Lucifer: Season 2: Stewardess Interruptus (Episode 11),2022-05-31 11:33:14,63,Device Type 0
User 4,Lucifer: Season 2: Homewrecker (Episode 9),2022-05-31 11:20:22,57,Device Type 0
User 4,Lucifer: Season 2: Quid Pro Ho (Episode 10),2022-05-31 10:49:57,1824,Device Type 0
User 4,InuYasha: Season 1: Down the Rabbit Hole and Back Again (Episode 3),2022-05-31 07:54:13,879,Device Type 5
User 4,Sherlock Holmes: A Game of Shadows_hook_primary_16x9,2022-05-31 07:53:28,4,Device Type 5
User 4,Lucifer: Season 2: Homewrecker (Episode 9),2022-05-31 05:46:18,395,Device Type 0
User 4,Lucifer: Season 2: Homewrecker (Episode 9),2022-05-31 05:13:09,753,Device Type 0
User 4,Lucifer: Season 2: Homewrecker (Episode 9),2022-05-31 05:01:30,692,Device Type 0
User 4,Lucifer: Season 2: Homewrecker (Episode 9),2022-05-31 04:32:52,624,Device Type 0
User 4,Lucifer: Season 2: Trip to Stabby Town (Episode 8),2022-05-31 03:57:11,1718,Device Type 0
User 4,Lucifer: Season 2: Trip to Stabby Town (Episode 8),2022-05-31 03:21:48,953,Device Type 0
User 4,Lucifer: Season 2: My Little Monkey (Episode 7),2022-05-31 02:46:07,1800,Device Type 0
User 4,Lucifer: Season 2: My Little Monkey (Episode 7),2022-05-30 19:23:08,646,Device Type 0
User 4,Lucifer: Season 2: My Little Monkey (Episode 7),2022-05-30 19:19:55,170,Device Type 0
User 4,Lucifer: Season 2: Monster (Episode 6),2022-05-30 18:37:05,2569,Device Type 0
User 4,Lucifer: Season 2: Sin-Eater (Episode 3),2022-05-30 18:35:59,54,Device Type 0
User 4,Lucifer: Season 2: The Weaponizer (Episode 5),2022-05-30 18:05:52,1806,Device Type 0
User 4,Lucifer: Season 2: The Weaponizer (Episode 5),2022-05-30 17:37:21,762,Device Type 0
User 4,Lucifer: Season 2: Lady Parts (Episode 4),2022-05-30 17:31:29,327,Device Type 0
User 4,Lucifer: Season 2: Lady Parts (Episode 4),2022-05-30 16:30:53,100,Device Type 0
User 4,Lucifer: Season 2: Lady Parts (Episode 4),2022-05-30 15:39:52,221,Device Type 0
User 4,InuYasha: Season 1: Seekers of the Sacred Jewel (Episode 2),2022-05-30 15:03:02,1164,Device Type 5
User 4,InuYasha: Season 1: The Girl Who Overcame Time... and the Boy Who Was Just Overcome (Episode 1),2022-05-30 14:52:41,617,Device Type 5
User 4,Sword Art Online_hook_primary_16x9,2022-05-30 14:52:14,13,Device Type 5
User 4,InuYasha: Season 1: The Girl Who Overcame Time... and the Boy Who Was Just Overcome (Episode 1),2022-05-30 07:58:56,672,Device Type 5
User 4,Kung Fu Panda 3_hook_05_16x9,2022-05-30 07:55:47,47,Device Type 5
User 4,Gotham: Season 1_hook_primary_16x9,2022-05-30 07:55:20,12,Device Type 5
User 4,Lucifer: Season 2: Lady Parts (Episode 4),2022-05-30 05:20:50,1565,Device Type 0
User 4,Lucifer: Season 2: Sin-Eater (Episode 3),2022-05-30 04:35:24,2570,Device Type 0
User 4,"Lucifer: Season 2: Liar, Liar, Slutty Dress on Fire (Episode 2)",2022-05-30 03:20:22,2588,Device Type 0
User 4,Lucifer: Season 2: Everything's Coming Up Lucifer (Episode 1),2022-05-30 03:15:12,308,Device Type 0
User 4,Lucifer: Season 2: Everything's Coming Up Lucifer (Episode 1),2022-05-30 02:21:27,2241,Device Type 0
User 4,Lucifer: Season 1: Take Me Back to Hell (Episode 13),2022-05-29 20:15:22,473,Device Type 0
User 4,Lucifer: Season 1: Take Me Back to Hell (Episode 13),2022-05-29 19:14:36,2797,Device Type 0
User 4,Lucifer: Season 1: #TeamLucifer (Episode 12),2022-05-29 18:48:28,1032,Device Type 0
User 4,Lucifer: Season 1: Take Me Back to Hell (Episode 13),2022-05-29 18:48:17,5,Device Type 0
User 4,Trailer: Hustle,2022-05-29 18:45:52,27,Device Type 0
User 4,Lucifer: Season 1: Take Me Back to Hell (Episode 13),2022-05-29 18:27:36,1084,Device Type 0
User 4,Lucifer: Season 1: #TeamLucifer (Episode 12),2022-05-29 17:44:23,2580,Device Type 0
User 4,Lucifer: Season 1: St. Lucifer (Episode 11),2022-05-29 17:29:37,763,Device Type 0
User 4,Lucifer: Season 1: St. Lucifer (Episode 11),2022-05-29 16:28:50,950,Device Type 0
User 4,Lucifer: Season 1: A Priest Walks into a Bar (Episode 9),2022-05-29 16:28:40,7,Device Type 0
User 4,Lucifer: Season 1: St. Lucifer (Episode 11),2022-05-29 15:53:05,875,Device Type 0
User 4,Lucifer: Season 1: Pops (Episode 10),2022-05-29 14:35:13,2578,Device Type 0
User 4,Lucifer: Season 1: A Priest Walks into a Bar (Episode 9),2022-05-29 14:16:43,1100,Device Type 0
User 4,"The Originals: Season 1: Après Moi, Le Déluge (Episode 11)",2022-05-29 14:12:12,246,Device Type 0
User 4,The Originals: Season 1: The Casket Girls (Episode 10),2022-05-29 13:50:35,1296,Device Type 0
User 4,The Originals: Season 1: The Casket Girls (Episode 10),2022-05-29 12:48:29,1176,Device Type 0
User 4,The Originals: Season 1: The Casket Girls (Episode 10),2022-05-29 12:48:20,6,Device Type 0
User 4,The Originals: Season 1: Reigning Pain in New Orleans (Episode 9),2022-05-29 12:27:25,1187,Device Type 0
User 4,The Originals: Season 1: Reigning Pain in New Orleans (Episode 9),2022-05-29 11:35:17,1381,Device Type 0
User 4,The Originals: Season 1: The River in Reverse (Episode 8),2022-05-29 10:35:11,1754,Device Type 0
User 4,Naruto: Season 9: The Village of Artisans: Departure (Episode 8),2022-05-29 08:17:26,303,Device Type 5
User 4,Shazam!_hook_04_16x9,2022-05-29 08:08:20,6,Device Type 5
User 4,RRR_hook_02_16x9,2022-05-29 08:07:57,6,Device Type 5
User 4,Yeh Jawaani Hai Deewani_hook_02_16x9,2022-05-29 08:07:13,19,Device Type 5
User 4,The Originals: Season 1: The River in Reverse (Episode 8),2022-05-29 08:02:00,882,Device Type 0
User 4,The Originals: Season 1: Bloodletting (Episode 7),2022-05-29 07:55:15,192,Device Type 0
User 4,The Originals: Season 1: Bloodletting (Episode 7),2022-05-29 07:40:12,211,Device Type 0
User 4,The Originals: Season 1: Bloodletting (Episode 7),2022-05-29 04:36:48,340,Device Type 0
User 4,Don't Look Up,2022-05-29 04:36:20,11,Device Type 0
User 4,The Originals: Season 1: Bloodletting (Episode 7),2022-05-29 03:43:51,1822,Device Type 0
User 4,The Originals: Season 1: Fruit of the Poisoned Tree (Episode 6),2022-05-29 03:40:56,173,Device Type 0
User 4,The Originals: Season 1: Bloodletting (Episode 7),2022-05-29 03:40:50,1,Device Type 0
User 4,The Originals: Season 1: Bloodletting (Episode 7),2022-05-29 03:39:47,4,Device Type 0
User 4,The Originals: Season 1_hook_primary_16x9,2022-05-29 03:39:31,15,Device Type 0
User 4,The Originals: Season 1: Bloodletting (Episode 7),2022-05-29 03:39:22,2,Device Type 0
User 4,The Originals: Season 1: Bloodletting (Episode 7),2022-05-29 03:39:14,1,Device Type 0
User 4,The Originals: Season 1: Bloodletting (Episode 7),2022-05-29 03:32:34,390,Device Type 0
User 4,The Originals: Season 1: Fruit of the Poisoned Tree (Episode 6),2022-05-29 03:17:55,875,Device Type 0
User 4,Shazam!,2022-05-29 02:56:13,1225,Device Type 5
User 4,The Originals: Season 1: Fruit of the Poisoned Tree (Episode 6),2022-05-29 02:24:13,1601,Device Type 0
User 4,The Originals: Season 1: Sinners and Saints (Episode 5),2022-05-29 02:03:04,889,Device Type 0
User 4,The Originals: Season 1: Sinners and Saints (Episode 5),2022-05-28 17:58:37,956,Device Type 0
User 4,The Originals: Season 1: Sinners and Saints (Episode 5),2022-05-28 17:06:40,981,Device Type 0
User 4,The Originals: Season 1: Girl in New Orleans (Episode 4),2022-05-28 16:13:53,2579,Device Type 0
User 4,The Originals: Season 1: Tangled Up in Blue (Episode 3),2022-05-28 15:38:36,1815,Device Type 0
User 4,The Originals: Season 1: Tangled Up in Blue (Episode 3),2022-05-28 15:20:05,663,Device Type 0
User 4,The Originals: Season 1: House of the Rising Son (Episode 2),2022-05-28 14:25:17,2512,Device Type 0
User 4,Shazam!,2022-05-28 14:22:06,3567,Device Type 5
User 4,Wonder Woman_hook_primary_16x9,2022-05-28 14:21:26,15,Device Type 5
User 4,The Originals: Season 1: Always and Forever (Episode 1),2022-05-28 13:15:49,3509,Device Type 0
User 4,Shazam!,2022-05-28 08:32:02,1753,Device Type 5
User 4,Lucifer: Season 1: A Priest Walks into a Bar (Episode 9),2022-05-28 07:55:26,1414,Device Type 0
User 4,Shazam!,2022-05-28 07:49:15,1268,Device Type 5
User 4,Stranger Things: Stranger Things 4: Chapter Seven: The Massacre at Hawkins Lab (Episode 7),2022-05-28 07:09:57,2506,Device Type 0
User 4,Stranger Things: Stranger Things 4: Chapter Seven: The Massacre at Hawkins Lab (Episode 7),2022-05-28 06:01:28,3463,Device Type 0
User 4,Stranger Things: Stranger Things 4: Chapter Six: The Dive (Episode 6),2022-05-28 05:31:22,1802,Device Type 0
User 4,Stranger Things: Stranger Things 4: Chapter Six: The Dive (Episode 6),2022-05-28 04:41:34,2761,Device Type 0
User 4,Central Intelligence,2022-05-28 03:51:59,2618,Device Type 5
User 4,Stranger Things: Stranger Things 4: Chapter Five: The Nina Project (Episode 5),2022-05-28 03:15:11,5171,Device Type 0
User 4,Stranger Things: Stranger Things 4: Chapter Four: Dear Billy (Episode 4),2022-05-28 02:01:33,4239,Device Type 0
User 4,Stranger Things: Stranger Things 4: Chapter Four: Dear Billy (Episode 4),2022-05-27 20:43:04,308,Device Type 0
User 4,Stranger Things: Stranger Things 4: Chapter Four: Dear Billy (Episode 4),2022-05-27 20:41:17,5,Device Type 0
User 4,Stranger Things: Stranger Things 4: Chapter Three: The Monster and the Superhero (Episode 3),2022-05-27 20:01:10,2289,Device Type 0
User 4,Stranger Things: Stranger Things 4: Chapter Three: The Monster and the Superhero (Episode 3),2022-05-27 19:15:06,1631,Device Type 0
User 4,Stranger Things: Stranger Things 4: Chapter Two: Vecna's Curse (Episode 2),2022-05-27 17:46:51,4449,Device Type 0
User 4,Stranger Things: Stranger Things 4: Chapter One: The Hellfire Club (Episode 1),2022-05-27 16:30:56,4413,Device Type 0
User 4,Recap: Stranger Things 3,2022-05-27 16:27:02,232,Device Type 0
User 4,Central Intelligence,2022-05-27 15:16:33,2177,Device Type 5
User 4,Lucifer: Season 1: A Priest Walks into a Bar (Episode 9),2022-05-27 13:48:04,17,Device Type 0
User 4,"Lucifer: Season 1: Et Tu, Doctor? (Episode 8)",2022-05-27 13:05:24,2559,Device Type 0
User 4,Lucifer: Season 1: Wingman (Episode 7),2022-05-27 12:57:57,447,Device Type 0
User 4,Lucifer: Season 1: Wingman (Episode 7),2022-05-27 11:45:31,1270,Device Type 0
User 4,Lucifer: Season 1: Wingman (Episode 7),2022-05-27 11:27:11,869,Device Type 0
User 4,Lucifer: Season 1: Favorite Son (Episode 6),2022-05-27 11:00:38,1184,Device Type 0
User 4,Lucifer: Season 1: Favorite Son (Episode 6),2022-05-27 08:56:43,264,Device Type 0
User 4,Lucifer: Season 1: Favorite Son (Episode 6),2022-05-27 08:54:16,50,Device Type 0
User 4,Lucifer: Season 1: Favorite Son (Episode 6),2022-05-27 08:44:26,217,Device Type 0
User 4,Central Intelligence,2022-05-27 07:48:51,564,Device Type 5
User 4,Central Intelligence_hook_primary_16x9,2022-05-27 07:48:43,5,Device Type 5
User 4,Friends: Season 1_hook_primary_16x9,2022-05-27 07:48:00,18,Device Type 5
User 4,Lucifer: Season 1: Favorite Son (Episode 6),2022-05-27 07:46:58,815,Device Type 0
User 4,Lucifer: Season 1: Sweet Kicks (Episode 5),2022-05-27 07:03:55,2534,Device Type 0
User 4,Lucifer: Season 1: Manly Whatnots (Episode 4),2022-05-27 06:22:37,1982,Device Type 0
User 4,Lucifer: Season 1: Manly Whatnots (Episode 4),2022-05-27 05:42:47,577,Device Type 0
User 4,"Lucifer: Season 1: Lucifer, Stay. Good Devil. (Episode 2)",2022-05-27 05:41:28,78,Device Type 0
User 4,Lucifer: Season 1: The Would-Be Prince of Darkness (Episode 3),2022-05-27 05:41:25,2,Device Type 0
User 4,"Lucifer: Season 1: Lucifer, Stay. Good Devil. (Episode 2)",2022-05-26 09:19:46,540,Device Type 0
User 4,Lucifer: Season 1: Manly Whatnots (Episode 4),2022-05-26 09:19:30,6,Device Type 0
User 4,Lucifer: Season 1: Manly Whatnots (Episode 4),2022-05-26 04:27:55,192,Device Type 0
User 4,Clip 2: SAS: Rise of the Black Swan: Inciting Incident,2022-05-26 04:01:49,51,Device Type 5
User 4,The Invisible Man_hook_02_16x9,2022-05-26 04:01:39,7,Device Type 5
User 4,Spider-Man: Into the Spider-Verse_hook_01_16x9,2022-05-26 04:00:16,6,Device Type 5
User 4,RRR_hook_04_16x9,2022-05-26 03:59:33,37,Device Type 5
User 4,Lucifer: Season 1: The Would-Be Prince of Darkness (Episode 3),2022-05-26 03:46:24,2490,Device Type 0
User 4,"Lucifer: Season 1: Lucifer, Stay. Good Devil. (Episode 2)",2022-05-26 03:15:55,1828,Device Type 0
User 4,"Lucifer: Season 1: Lucifer, Stay. Good Devil. (Episode 2)",2022-05-26 02:54:08,689,Device Type 0
User 4,Lucifer: Season 1: Pilot (Episode 1),2022-05-26 02:50:04,243,Device Type 0
User 4,Lucifer: Season 1: Pilot (Episode 1),2022-05-25 19:54:42,1131,Device Type 0
User 4,Lucifer: Season 1: Pilot (Episode 1),2022-05-25 19:23:23,1324,Device Type 0
User 4,Lucifer: Season 1: Pilot (Episode 1),2022-05-25 19:16:03,1,Device Type 0
User 4,Lucifer: Season 4 (Franchise Trailer),2022-05-25 19:15:55,6,Device Type 0
User 4,Jersey,2022-05-25 18:24:45,2962,Device Type 0
User 4,Jersey,2022-05-25 16:43:57,4467,Device Type 0
User 4,Spider-Man: Into the Spider-Verse,2022-05-25 14:59:15,2639,Device Type 5
User 4,Jersey,2022-05-25 13:56:00,2465,Device Type 0
User 4,The Roommate_hook_primary_16x9,2022-05-25 13:53:01,27,Device Type 0
User 4,The Devil All The Time_PVS_MEGA,2022-05-25 13:51:18,85,Device Type 0
User 4,Toolsidas Junior,2022-05-25 12:57:18,3130,Device Type 0
User 4,Toolsidas Junior,2022-05-25 11:54:24,1154,Device Type 0
User 4,Spider-Man: Into the Spider-Verse,2022-05-25 08:18:40,3567,Device Type 5
User 4,Trailer: Fatherhood,2022-05-25 08:13:18,87,Device Type 5
User 4,Trailer: Don't Look Up,2022-05-25 08:12:46,8,Device Type 5
User 4,Jerry Maguire_hook_primary_16x9,2022-05-25 08:10:54,43,Device Type 5
User 4,Toolsidas Junior,2022-05-25 04:59:25,1629,Device Type 0
User 4,Toolsidas Junior,2022-05-25 03:55:52,1940,Device Type 0
User 4,Don't Look Up,2022-05-25 03:49:51,2335,Device Type 5
User 4,Stranger Things: Season 3 - Clip 1,2022-05-24 19:57:16,14,Device Type 0
User 4,Don't Look Up,2022-05-24 15:24:35,2132,Device Type 5
User 4,Don't Look Up,2022-05-24 14:57:36,1269,Device Type 5
User 4,Jersey_hook_03_16x9,2022-05-24 14:57:03,5,Device Type 5
User 4,Don't Look Up,2022-05-24 08:04:23,1784,Device Type 5
User 4,The Mindy Project: Season 1_hook_primary_16x9,2022-05-24 08:02:38,19,Device Type 5
User 4,Stranger Things 1 (Trailer),2022-05-24 08:02:11,8,Device Type 5
User 4,Street Kings,2022-05-18 15:21:37,566,Device Type 0
User 4,Street Kings,2022-05-18 13:35:56,5223,Device Type 0
User 4,Blue Streak_hook_primary_16x9,2022-05-18 13:34:43,6,Device Type 0
User 4,Takers,2022-05-18 13:25:00,121,Device Type 0
User 4,Wonder Woman 1984_hook_primary_16x9,2022-05-16 09:43:57,10,Device Type 2
User 4,Wonder Woman 1984_hook_primary_16x9,2022-05-16 09:38:34,5,Device Type 2
User 4,Toolsidas Junior_hook_primary_16x9,2022-05-16 05:35:21,46,Device Type 0
User 4,Toolsidas Junior_hook_primary_16x9,2022-05-16 05:35:02,18,Device Type 0
User 4,Teaser: Hustle,2022-05-16 05:34:55,4,Device Type 0
User 4,Radhe Shyam (Hindi),2022-05-16 04:39:36,3300,Device Type 0
User 4,Senior Year,2022-05-15 04:26:24,2162,Device Type 0
User 4,Senior Year,2022-05-14 20:50:20,4377,Device Type 0
User 4,The Lincoln Lawyer: Season 1: The Brass Verdict (Episode 10),2022-05-14 15:19:48,3049,Device Type 0
User 4,The Lincoln Lawyer: Season 1: The Uncanny Valley (Episode 9),2022-05-14 14:18:12,2958,Device Type 0
User 4,The Lincoln Lawyer: Season 1: The Brass Verdict (Episode 10),2022-05-14 14:18:07,2,Device Type 0
User 4,The Lincoln Lawyer: Season 1: The Uncanny Valley (Episode 9),2022-05-14 13:12:05,2131,Device Type 0
User 4,The Lincoln Lawyer: Season 1: The Magic Bullet Redux (Episode 8),2022-05-14 12:24:58,2328,Device Type 0
User 4,The Lincoln Lawyer: Season 1: The Magic Bullet Redux (Episode 8),2022-05-14 11:30:27,534,Device Type 0
User 4,The Lincoln Lawyer: Season 1: Lemming Number Seven (Episode 7),2022-05-14 11:05:46,1312,Device Type 0
User 4,The Lincoln Lawyer: Season 1: Lemming Number Seven (Episode 7),2022-05-14 10:48:08,491,Device Type 0
User 4,The Lincoln Lawyer: Season 1: Lemming Number Seven (Episode 7),2022-05-14 10:31:10,943,Device Type 0
User 4,The Lincoln Lawyer: Season 1: Bent (Episode 6),2022-05-14 09:36:31,2596,Device Type 0
User 4,The Lincoln Lawyer: Season 1: Twelve Lemmings in a Box (Episode 5),2022-05-14 08:45:53,2920,Device Type 0
User 4,The Lincoln Lawyer: Season 1: Chaos Theory (Episode 4),2022-05-14 07:30:58,2478,Device Type 0
User 4,The Lincoln Lawyer: Season 1: Momentum (Episode 3),2022-05-14 06:18:30,3437,Device Type 0
User 4,The Lincoln Lawyer: Season 1: The Magic Bullet (Episode 2),2022-05-14 06:12:46,243,Device Type 0
User 4,The Lincoln Lawyer: Season 1: The Magic Bullet (Episode 2),2022-05-14 05:27:50,2314,Device Type 0
User 4,The Lincoln Lawyer: Season 1: He Rides Again (Episode 1),2022-05-14 04:36:17,2745,Device Type 0
User 4,Suits: Season 9: Special Master (Episode 2),2022-05-12 11:29:01,1896,Device Type 0
User 4,Suits: Season 9: Special Master (Episode 2),2022-05-12 11:26:21,15,Device Type 0
User 4,Suits: Season 9: Special Master (Episode 2),2022-05-12 05:21:05,304,Device Type 0
User 4,Suits: Season 9: Everything's Changed (Episode 1),2022-05-12 04:53:08,1675,Device Type 0
User 4,Suits: Season 9: Everything's Changed (Episode 1),2022-05-12 04:24:35,187,Device Type 0
User 4,Suits: Season 9: Everything's Changed (Episode 1),2022-05-12 03:59:41,764,Device Type 0
User 4,Suits: Season 8: Harvey (Episode 16),2022-05-12 03:01:50,2418,Device Type 0
User 4,Suits: Season 8: Harvey (Episode 16),2022-05-11 21:45:28,229,Device Type 0
User 4,Suits: Season 8: Stalking Horse (Episode 15),2022-05-11 21:21:03,918,Device Type 0
User 4,Suits: Season 8: Stalking Horse (Episode 15),2022-05-11 21:20:22,27,Device Type 0
User 4,Suits: Season 8: Stalking Horse (Episode 15),2022-05-11 20:26:44,325,Device Type 0
User 4,Suits: Season 8: Stalking Horse (Episode 15),2022-05-11 19:50:23,971,Device Type 0
User 4,Suits: Season 8: Stalking Horse (Episode 15),2022-05-11 19:26:43,122,Device Type 0
User 4,Suits: Season 8: Stalking Horse (Episode 15),2022-05-11 19:08:16,181,Device Type 0
User 4,Suits: Season 8: Peas in a Pod (Episode 14),2022-05-11 18:44:49,1406,Device Type 0
User 4,Suits: Season 8: Peas in a Pod (Episode 14),2022-05-11 18:25:08,1158,Device Type 0
User 4,Suits: Season 8: The Greater Good (Episode 13),2022-05-11 17:42:43,2449,Device Type 0
User 4,Suits: Season 8: Whale Hunt (Episode 12),2022-05-11 17:02:28,2334,Device Type 0
User 4,Suits: Season 8: Whale Hunt (Episode 12),2022-05-11 16:49:55,190,Device Type 0
User 4,Suits: Season 8: Rocky 8 (Episode 11),2022-05-11 16:43:16,399,Device Type 0
User 4,Radhe Shyam (Hindi),2022-05-11 13:28:26,325,Device Type 0
User 4,Radhe Shyam (Hindi),2022-05-11 03:58:24,4149,Device Type 0
User 4,Gangubai Kathiawadi,2022-05-10 19:43:52,3866,Device Type 4
User 4,Gangubai Kathiawadi,2022-05-10 18:45:56,3418,Device Type 4
User 4,365 Days_hook_primary_16x9,2022-05-10 18:44:03,6,Device Type 4
User 4,Thar,2022-05-10 18:38:39,439,Device Type 0
User 4,365 Days: This Day,2022-05-10 18:33:43,407,Device Type 4
User 4,365 Days,2022-05-10 17:35:39,3320,Device Type 4
User 4,365 Days_hook_primary_16x9,2022-05-10 17:34:38,9,Device Type 4
User 4,Gangubai Kathiawadi_hook_primary_16x9,2022-05-10 17:34:11,13,Device Type 4
User 4,Thar,2022-05-10 17:22:42,716,Device Type 0
User 4,Thar,2022-05-10 16:15:09,10,Device Type 0
User 4,The Blacklist: Season 6: Robert Diaz (No. 15) (Episode 22),2022-05-08 14:34:33,278,Device Type 0
User 4,The Blacklist: Season 6: Robert Diaz (No. 15) (Episode 22),2022-05-08 13:39:09,2340,Device Type 0
User 4,The Blacklist: Season 6: Anna McMahon (No. 60) (Episode 21),2022-05-08 13:36:02,186,Device Type 0
User 4,The Blacklist: Season 6: Anna McMahon (No. 60) (Episode 21),2022-05-08 12:50:48,2302,Device Type 0
User 4,The Blacklist: Season 6: Guillermo Rizal (No. 128) (Episode 20),2022-05-08 12:23:40,1626,Device Type 0
User 4,The Blacklist: Season 6: Guillermo Rizal (No. 128) (Episode 20),2022-05-08 12:21:22,109,Device Type 0
User 4,The Blacklist: Season 6: Guillermo Rizal (No. 128) (Episode 20),2022-05-08 12:07:44,778,Device Type 0
User 4,The Blacklist: Season 6: Rassvet (Episode 19),2022-05-08 11:51:01,1002,Device Type 0
User 4,The Blacklist: Season 6: Rassvet (Episode 19),2022-05-08 11:49:07,51,Device Type 0
User 4,The Blacklist: Season 6: Rassvet (Episode 19),2022-05-08 09:44:49,614,Device Type 0
User 4,The Blacklist: Season 6: Rassvet (Episode 19),2022-05-08 09:05:46,574,Device Type 0
User 4,The Blacklist: Season 6: Rassvet (Episode 19),2022-05-08 07:01:21,308,Device Type 0
User 4,The Blacklist: Season 6: The Brockton College Killer (No. 92) (Episode 18),2022-05-08 06:39:24,1317,Device Type 0
User 4,The Blacklist: Season 6: The Brockton College Killer (No. 92) (Episode 18),2022-05-08 06:23:34,188,Device Type 0
User 4,The Blacklist: Season 6: The Brockton College Killer (No. 92) (Episode 18),2022-05-08 06:23:22,1,Device Type 0
User 4,The Blacklist: Season 6: The Brockton College Killer (No. 92) (Episode 18),2022-05-08 06:05:18,1078,Device Type 0
User 4,The Blacklist: Season 6: The Third Estate (No. 136) (Episode 17),2022-05-08 04:56:19,3136,Device Type 0
User 4,The Blacklist: Season 6: Lady Luck (No. 69) (Episode 16),2022-05-08 03:37:57,3633,Device Type 0
User 4,The Blacklist: Season 6: Lady Luck (No. 69) (Episode 16),2022-05-08 03:08:15,387,Device Type 0
User 4,The Blacklist: Season 6: Olivia Olson (No. 115) (Episode 15),2022-05-08 02:32:48,2049,Device Type 0
User 4,The Blacklist: Season 6: Olivia Olson (No. 115) (Episode 15),2022-05-08 01:51:59,1508,Device Type 0
User 4,The Blacklist: Season 6: The Osterman Umbrella Company (No. 6) (Episode 14),2022-05-08 01:04:13,2655,Device Type 0
User 4,The Blacklist: Season 6: Robert Vesco (No. 9) (Episode 13),2022-05-08 00:27:04,1676,Device Type 0
User 4,The Blacklist: Season 6: Robert Vesco (No. 9) (Episode 13),2022-05-07 20:11:07,898,Device Type 0
User 4,The Blacklist: Season 6: Bastien Moreau (no. 20): Conclusion (Episode 12),2022-05-07 19:23:24,2187,Device Type 0
User 4,The Blacklist: Season 6: Bastien Moreau (no. 20): Conclusion (Episode 12),2022-05-07 19:19:44,158,Device Type 0
User 4,The Blacklist: Season 6: Bastien Moreau (no. 20): Conclusion (Episode 12),2022-05-07 19:15:05,198,Device Type 0
User 4,The Blacklist: Season 6: Bastien Moreau (no. 20) (Episode 11),2022-05-07 19:02:26,758,Device Type 0
User 4,The Blacklist: Season 6: Bastien Moreau (no. 20) (Episode 11),2022-05-07 18:56:34,295,Device Type 0
User 4,The Blacklist: Season 6: Bastien Moreau (no. 20) (Episode 11),2022-05-07 18:24:49,1474,Device Type 0
User 4,The Blacklist: Season 6: The Cryptobanker (No. 160) (Episode 10),2022-05-07 17:58:20,1442,Device Type 0
User 4,The Blacklist: Season 6: The Cryptobanker (No. 160) (Episode 10),2022-05-07 11:55:45,1107,Device Type 0
User 4,The Blacklist: Season 6: Minister D (No. 99) (Episode 9),2022-05-07 11:41:11,707,Device Type 0
User 4,Takers,2022-05-07 11:41:05,3,Device Type 0
User 4,The Blacklist: Season 6: Minister D (No. 99) (Episode 9),2022-05-07 09:45:34,575,Device Type 0
User 4,The Blacklist: Season 6: Minister D (No. 99) (Episode 9),2022-05-07 09:41:47,6,Device Type 0
User 4,The Blacklist: Season 6: Minister D (No. 99) (Episode 9),2022-05-07 09:28:35,735,Device Type 0
User 4,The Blacklist: Season 6: Minister D (No. 99) (Episode 9),2022-05-07 09:16:33,530,Device Type 0
User 4,The Blacklist: Season 6: Marko Jankowics (No. 58) (Episode 8),2022-05-07 08:55:48,1244,Device Type 0
User 4,The Blacklist: Season 6: Marko Jankowics (No. 58) (Episode 8),2022-05-07 08:13:05,1303,Device Type 0
User 4,The Blacklist: Season 6: General Shiro (No. 116) (Episode 7),2022-05-07 08:01:55,669,Device Type 0
User 4,The Blacklist: Season 6: General Shiro (No. 116) (Episode 7),2022-05-07 07:44:20,645,Device Type 0
User 4,The Blacklist: Season 6: General Shiro (No. 116) (Episode 7),2022-05-07 07:23:43,355,Device Type 0
User 4,The Blacklist: Season 6: General Shiro (No. 116) (Episode 7),2022-05-07 07:02:23,883,Device Type 0
User 4,The Blacklist: Season 6: The Ethicist (No. 91) (Episode 6),2022-05-07 06:42:40,1181,Device Type 0
User 4,The Blacklist: Season 6: The Ethicist (No. 91) (Episode 6),2022-05-07 05:57:36,826,Device Type 0
User 4,Rescued by Ruby,2022-05-07 05:57:30,2,Device Type 0
User 4,The Blacklist: Season 6: The Ethicist (No. 91) (Episode 6),2022-05-07 05:33:30,697,Device Type 0
User 4,The Blacklist: Season 6: Alter Ego (No. 131) (Episode 5),2022-05-07 05:32:27,62,Device Type 0
User 4,The Blacklist: Season 6: Alter Ego (No. 131) (Episode 5),2022-05-07 04:19:31,2511,Device Type 0
User 4,The Blacklist: Season 6: The Pawnbrokers (No. 146/147) (Episode 4),2022-05-07 04:19:23,3,Device Type 0
User 4,The Blacklist: Season 6: The Pawnbrokers (No. 146/147) (Episode 4),2022-05-07 03:33:51,2727,Device Type 0
User 4,The Blacklist: Season 6: The Pharmacist (No. 124) (Episode 3),2022-05-07 03:21:15,755,Device Type 0
User 4,The Blacklist: Season 6: The Pharmacist (No. 124) (Episode 3),2022-05-06 22:56:26,1285,Device Type 0
User 4,The Blacklist: Season 6: The Pawnbrokers (No. 146/147) (Episode 4),2022-05-06 22:56:15,3,Device Type 0
User 4,The Blacklist: Season 6: The Pawnbrokers (No. 146/147) (Episode 4),2022-05-06 16:58:11,1193,Device Type 0
User 4,The Blacklist: Season 6: The Pharmacist (No. 124) (Episode 3),2022-05-06 16:04:00,2547,Device Type 0
User 4,The Blacklist: Season 6: The Corsican (No. 20) (Episode 2),2022-05-06 15:17:53,2502,Device Type 0
User 4,The Blacklist: Season 6: The Corsican (No. 20) (Episode 2),2022-05-06 15:15:42,70,Device Type 0
User 4,The Blacklist: Season 6: Dr. Hans Koehler (No. 33) (Episode 1),2022-05-06 15:10:13,328,Device Type 0
User 4,The Blacklist: Season 6: Dr. Hans Koehler (No. 33) (Episode 1),2022-05-06 13:02:01,902,Device Type 0
User 4,The Blacklist: Season 6: Dr. Hans Koehler (No. 33) (Episode 1),2022-05-06 11:15:18,1364,Device Type 0
User 4,The Blacklist: Season 5: Sutton Ross (No. 17) (Episode 22),2022-05-06 10:23:07,2555,Device Type 0
User 4,The Blacklist: Season 5: Lawrence Dane Devlin (No. 26) (Episode 21),2022-05-06 09:37:56,2494,Device Type 0
User 4,The Blacklist: Season 5: Lawrence Dane Devlin (No. 26) (Episode 21),2022-05-06 09:23:10,58,Device Type 0
User 4,The Blacklist: Season 5: Nicholas T. Moore (No. 110) (Episode 20),2022-05-06 09:19:49,172,Device Type 0
User 4,The Blacklist: Season 5: Nicholas T. Moore (No. 110) (Episode 20),2022-05-06 08:51:51,1209,Device Type 0
User 4,The Blacklist: Season 5: Nicholas T. Moore (No. 110) (Episode 20),2022-05-06 07:45:22,1181,Device Type 0
User 4,The Blacklist: Season 5: Ian Garvey (No. 13): Conclusion (Episode 19),2022-05-06 07:34:26,575,Device Type 0
User 4,The Blacklist: Season 5: Ian Garvey (No. 13): Conclusion (Episode 19),2022-05-06 06:25:56,1977,Device Type 0
User 4,The Blacklist: Season 5: Zarak Mosadek (No. 23) (Episode 18),2022-05-06 06:13:53,723,Device Type 0
User 4,The Blacklist: Season 5: Zarak Mosadek (No. 23) (Episode 18),2022-05-06 05:09:15,1849,Device Type 0
User 4,The Blacklist: Season 5: Zarak Mosadek (No. 23) (Episode 18),2022-05-06 04:37:10,11,Device Type 0
User 4,The Blacklist: Season 5: Anna-Garcia Duerte (No. 25) (Episode 17),2022-05-06 04:22:24,878,Device Type 0
User 4,The Blacklist: Season 5: Anna-Garcia Duerte (No. 25) (Episode 17),2022-05-05 15:00:23,428,Device Type 0
User 4,The Blacklist: Season 5: Anna-Garcia Duerte (No. 25) (Episode 17),2022-05-05 14:33:37,1259,Device Type 0
User 4,The Blacklist: Season 5: Anna-Garcia Duerte (No. 25) (Episode 17),2022-05-05 14:29:51,16,Device Type 0
User 4,The Blacklist: Season 5: The Capricorn Killer (No. 19) (Episode 16),2022-05-05 14:27:46,124,Device Type 0
User 4,The Blacklist: Season 5: The Capricorn Killer (No. 19) (Episode 16),2022-05-05 14:17:19,469,Device Type 0
User 4,The Blacklist: Season 5: The Capricorn Killer (No. 19) (Episode 16),2022-05-05 13:38:08,1981,Device Type 0
User 4,The Blacklist: Season 5: Pattie Sue Edwards (No. 68) (Episode 15),2022-05-05 12:48:48,2551,Device Type 0
User 4,The Blacklist: Season 5: Raleigh Sinclair III (No. 51) (Episode 14),2022-05-05 11:53:43,2511,Device Type 0
User 4,The Blacklist: Season 5: Raleigh Sinclair III (No. 51) (Episode 14),2022-05-05 10:53:06,46,Device Type 0
User 4,The Blacklist: Season 5: The Invisible Hand (Episode 13),2022-05-05 10:36:36,989,Device Type 0
User 4,The Blacklist: Season 5: The Invisible Hand (Episode 13),2022-05-05 10:09:20,1070,Device Type 0
User 4,The Blacklist: Season 5: The Invisible Hand (Episode 13),2022-05-05 09:51:45,275,Device Type 0
User 4,The Blacklist: Season 5: The Invisible Hand (Episode 13),2022-05-05 09:35:42,238,Device Type 0
User 4,The Blacklist: Season 5: The Cook (No. 56) (Episode 12),2022-05-05 09:20:50,892,Device Type 0
User 4,The Blacklist: Season 5: The Cook (No. 56) (Episode 12),2022-05-05 08:50:30,1718,Device Type 0
User 4,The Blacklist: Season 5: Abraham Stern (No. 100) (Episode 11),2022-05-05 08:43:06,443,Device Type 0
User 4,The Blacklist: Season 5: Abraham Stern (No. 100) (Episode 11),2022-05-05 06:34:59,1735,Device Type 0
User 4,The Blacklist: Season 5: Abraham Stern (No. 100) (Episode 11),2022-05-05 06:25:08,452,Device Type 0
User 4,The Blacklist: Season 5: The Informant (No. 118) (Episode 10),2022-05-05 06:20:33,275,Device Type 0
User 4,The Blacklist: Season 5: The Informant (No. 118) (Episode 10),2022-05-05 05:37:51,113,Device Type 0
User 4,The Blacklist: Season 5: The Informant (No. 118) (Episode 10),2022-05-05 05:32:46,237,Device Type 0
User 4,The Blacklist: Season 5: The Informant (No. 118) (Episode 10),2022-05-05 04:54:31,2060,Device Type 0
User 4,The Blacklist: Season 5: Ruin (Episode 9),2022-05-05 03:43:49,3375,Device Type 0
User 4,The Blacklist: Season 5: Ian Garvey (No. 13) (Episode 8),2022-05-05 03:11:58,1701,Device Type 0
User 4,The Blacklist: Season 5: The Killgannon Corporation (No. 48) (Episode 7),2022-05-05 03:11:52,4,Device Type 0
User 4,The Blacklist: Season 5: Ian Garvey (No. 13) (Episode 8),2022-05-05 02:48:34,1174,Device Type 0
User 4,The Blacklist: Season 5: The Killgannon Corporation (No. 48) (Episode 7),2022-05-05 02:15:00,2007,Device Type 0
User 4,The Blacklist: Season 5: The Killgannon Corporation (No. 48) (Episode 7),2022-05-04 19:55:31,1249,Device Type 0
User 4,The Blacklist: Season 5: The Killgannon Corporation (No. 48) (Episode 7),2022-05-04 19:43:22,167,Device Type 0
User 4,The Blacklist: Season 5: The Killgannon Corporation (No. 48) (Episode 7),2022-05-04 19:43:06,12,Device Type 0
User 4,The Blacklist: Season 5: The Killgannon Corporation (No. 48) (Episode 7),2022-05-04 08:07:12,165,Device Type 0
User 4,The Blacklist: Season 5: The Killgannon Corporation (No. 48) (Episode 7),2022-05-04 08:00:13,322,Device Type 0
User 4,The Blacklist: Season 5: The Travel Agency (No. 90) (Episode 6),2022-05-04 07:26:56,1996,Device Type 0
User 4,The Blacklist: Season 5: The Travel Agency (No. 90) (Episode 6),2022-05-04 07:13:03,555,Device Type 0
User 4,The Blacklist: Season 5: Ilyas Surkov (No. 54) (Episode 5),2022-05-04 07:13:02,1,Device Type 0
User 4,The Blacklist: Season 5: Ilyas Surkov (No. 54) (Episode 5),2022-05-04 06:34:46,1668,Device Type 0
User 4,The Blacklist: Season 5: Ilyas Surkov (No. 54) (Episode 5),2022-05-04 06:29:29,105,Device Type 0
User 4,The Blacklist: Season 5: Ilyas Surkov (No. 54) (Episode 5),2022-05-04 06:07:23,29,Device Type 0
User 4,The Blacklist: Season 5: Ilyas Surkov (No. 54) (Episode 5),2022-05-04 05:52:12,888,Device Type 0
User 4,The Blacklist: Season 5: The Endling (No. 44) (Episode 4),2022-05-04 04:58:59,2550,Device Type 0
User 4,The Blacklist: Season 5: Miss Rebecca Thrall (No. 76) (Episode 3),2022-05-04 04:21:42,1921,Device Type 0
User 4,The Blacklist: Season 5: Miss Rebecca Thrall (No. 76) (Episode 3),2022-05-03 21:17:59,1566,Device Type 0
User 4,The Blacklist: Season 5: Miss Rebecca Thrall (No. 76) (Episode 3),2022-05-03 21:14:17,158,Device Type 0
User 4,The Blacklist: Season 5: Greyson Blaise (No. 37) (Episode 2),2022-05-03 20:24:02,2561,Device Type 0
User 4,The Blacklist: Season 5: Smokey Putnum (No. 30) (Episode 1),2022-05-03 20:21:39,143,Device Type 0
User 4,The Blacklist: Season 5: Smokey Putnum (No. 30) (Episode 1),2022-05-03 19:42:13,1317,Device Type 0
User 4,The Blacklist: Season 5: Greyson Blaise (No. 37) (Episode 2),2022-05-03 19:17:13,1472,Device Type 0
User 4,The Blacklist: Season 5: Smokey Putnum (No. 30) (Episode 1),2022-05-03 18:47:58,1754,Device Type 0
User 4,The Blacklist: Season 5: Smokey Putnum (No. 30) (Episode 1),2022-05-03 18:08:08,801,Device Type 0
User 4,The Blacklist: Season 4: Mr. Kaplan (No. 4): Conclusion (Episode 22),2022-05-03 17:27:23,1807,Device Type 0
User 4,The Blacklist: Season 4: Mr. Kaplan (No. 4): Conclusion (Episode 22),2022-05-03 17:10:32,768,Device Type 0
User 4,The Blacklist: Season 4: Mr. Kaplan (No. 4) (Episode 21),2022-05-03 17:09:46,45,Device Type 0
User 4,The Blacklist: Season 4: Mr. Kaplan (No. 4) (Episode 21),2022-05-03 08:17:07,1290,Device Type 0
User 4,The Blacklist: Season 4: Mr. Kaplan (No. 4) (Episode 21),2022-05-03 07:25:12,1218,Device Type 0
User 4,The Blacklist: Season 4: The Debt Collector (No. 46) (Episode 20),2022-05-03 07:02:49,708,Device Type 0
User 4,The Blacklist: Season 4: The Debt Collector (No. 46) (Episode 20),2022-05-03 06:03:43,1882,Device Type 0
User 4,The Blacklist: Season 4: Dr. Bogdan Krilov (No. 29) (Episode 19),2022-05-03 05:16:29,2464,Device Type 0
User 4,The Blacklist: Season 6_hook_primary_16x9,2022-05-03 05:16:23,5,Device Type 0
User 4,The Blacklist: Season 4: Dr. Bogdan Krilov (No. 29) (Episode 19),2022-05-03 05:13:48,152,Device Type 0
User 4,The Blacklist: Season 4: Dr. Bogdan Krilov (No. 29) (Episode 19),2022-05-03 03:07:47,564,Device Type 0
User 4,The Blacklist: Season 4: Philomena (No. 61) (Episode 18),2022-05-03 03:02:57,284,Device Type 0
User 4,Gangubai Kathiawadi,2022-05-03 02:38:54,1418,Device Type 0
User 4,Gangubai Kathiawadi,2022-05-03 01:51:32,2612,Device Type 0
User 4,Gangubai Kathiawadi,2022-05-02 20:51:38,3716,Device Type 0
User 4,Gangubai Kathiawadi,2022-05-02 20:49:06,142,Device Type 0
User 4,Gangubai Kathiawadi,2022-05-02 09:03:10,17,Device Type 0
User 4,Gangubai Kathiawadi,2022-05-02 08:58:57,63,Device Type 0
User 4,Gangubai Kathiawadi,2022-05-02 08:56:07,105,Device Type 0
User 4,Gangubai Kathiawadi,2022-05-02 07:08:03,60,Device Type 0
User 4,Gangubai Kathiawadi,2022-05-02 06:12:30,1534,Device Type 0
User 4,The Blacklist: Season 4: Philomena (No. 61) (Episode 18),2022-05-02 06:05:38,398,Device Type 0
User 4,The Blacklist: Season 4: Philomena (No. 61) (Episode 18),2022-05-01 18:00:25,305,Device Type 0
User 4,The Blacklist: Season 4: Philomena (No. 61) (Episode 18),2022-05-01 17:01:30,1570,Device Type 0
User 4,The Blacklist: Season 4: Requiem (Episode 17),2022-05-01 16:57:33,236,Device Type 0
User 4,The Blacklist: Season 4: Requiem (Episode 17),2022-05-01 16:39:13,572,Device Type 0
User 4,The Blacklist: Season 4: Requiem (Episode 17),2022-05-01 16:19:57,942,Device Type 0
User 4,The Blacklist: Season 4: Requiem (Episode 17),2022-05-01 13:20:53,666,Device Type 0
User 4,The Blacklist: Season 4: Requiem (Episode 17),2022-05-01 12:28:18,138,Device Type 0
User 4,The Blacklist: Season 4: Dembe Zuma (No. 10) (Episode 16),2022-05-01 12:21:07,431,Device Type 0
User 4,The Blacklist: Season 4: Dembe Zuma (No. 10) (Episode 16),2022-05-01 11:08:34,2149,Device Type 0
User 4,The Blacklist: Season 4: The Apothecary (No. 59) (Episode 15),2022-05-01 11:01:36,417,Device Type 0
User 4,The Blacklist: Season 4: The Apothecary (No. 59) (Episode 15),2022-05-01 07:53:55,1938,Device Type 0
User 4,The Blacklist: Season 4: The Apothecary (No. 59) (Episode 15),2022-05-01 06:09:20,208,Device Type 0
User 4,The Blacklist: Season 4: The Architect (No. 107) (Episode 14),2022-05-01 05:42:59,794,Device Type 0
User 4,The Blacklist: Season 4: The Architect (No. 107) (Episode 14),2022-05-01 05:04:26,1787,Device Type 0
User 4,The Blacklist: Season 4: Isabella Stone (No. 34) (Episode 13),2022-05-01 04:58:47,338,Device Type 0
User 4,The Blacklist: Season 4: Isabella Stone (No. 34) (Episode 13),2022-04-30 13:34:53,495,Device Type 0
User 4,The Blacklist: Season 4: Isabella Stone (No. 34) (Episode 13),2022-04-30 08:42:56,412,Device Type 0
User 4,The Blacklist: Season 4: Isabella Stone (No. 34) (Episode 13),2022-04-30 08:02:21,1360,Device Type 0
User 4,The Blacklist: Season 4: Natalie Luca (No. 184) (Episode 12),2022-04-30 07:54:35,466,Device Type 0
User 4,The Blacklist: Season 4: Natalie Luca (No. 184) (Episode 12),2022-04-30 07:41:10,449,Device Type 0
User 4,The Blacklist: Season 4: Natalie Luca (No. 184) (Episode 12),2022-04-30 06:44:30,1636,Device Type 0
User 4,The Blacklist: Season 4: The Harem (No. 102) (Episode 11),2022-04-30 05:37:09,2622,Device Type 0
User 4,The Blacklist: Season 4: The Forecaster (No. 163) (Episode 10),2022-04-30 05:17:38,1131,Device Type 0
User 4,The Blacklist: Season 4: The Forecaster (No. 163) (Episode 10),2022-04-30 04:48:41,1446,Device Type 0
User 4,The Blacklist: Season 4: Lipet's Seafood Company (No. 111) (Episode 9),2022-04-30 04:39:35,545,Device Type 0
User 4,The Blacklist: Season 4: Lipet's Seafood Company (No. 111) (Episode 9),2022-04-29 20:32:21,2482,Device Type 0
User 4,The Blacklist: Season 4: Dr. Adrian Shaw (No. 98): Conclusion (Episode 8),2022-04-29 19:50:11,2529,Device Type 0
User 4,The Blacklist: Season 4: Dr. Adrian Shaw (No. 98) (Episode 7),2022-04-29 18:58:09,2548,Device Type 0
User 4,The Blacklist: Season 4: The Thrushes (No. 53) (Episode 6),2022-04-29 18:54:01,247,Device Type 0
User 4,Rescued by Ruby,2022-04-29 18:53:47,3,Device Type 0
User 4,The Blacklist: Season 4: The Thrushes (No. 53) (Episode 6),2022-04-29 15:44:52,2322,Device Type 0
User 4,The Blacklist: Season 4: The Lindquist Concern (No. 105) (Episode 5),2022-04-29 14:54:33,1761,Device Type 0
User 4,The Blacklist: Season 4: The Lindquist Concern (No. 105) (Episode 5),2022-04-29 14:35:58,571,Device Type 0
User 4,The Blacklist: Season 4: The Lindquist Concern (No. 105) (Episode 5),2022-04-29 14:20:53,269,Device Type 0
User 4,The Blacklist: Season 4: Miles McGrath (No. 65) (Episode 3),2022-04-29 14:20:48,2,Device Type 0
User 4,The Blacklist: Season 4: Mato (No. 66) (Episode 2),2022-04-29 14:20:42,5,Device Type 0
User 4,The Blacklist: Season 4: Gaia (No. 81) (Episode 4),2022-04-29 13:34:24,2563,Device Type 0
User 4,The Blacklist: Season 4: Miles McGrath (No. 65) (Episode 3),2022-04-29 12:45:53,2550,Device Type 0
User 4,The Blacklist: Season 4: Mato (No. 66) (Episode 2),2022-04-29 12:37:19,512,Device Type 0
User 4,The Blacklist: Season 4: Mato (No. 66) (Episode 2),2022-04-29 11:08:59,2044,Device Type 0
User 4,The Blacklist: Season 4: Esteban (No. 79) (Episode 1),2022-04-29 10:20:19,2507,Device Type 0
User 4,The Blacklist: Season 4: Esteban (No. 79) (Episode 1),2022-04-29 09:56:25,55,Device Type 0
User 4,The Blacklist: Season 3: Alexander Kirk (No. 14): Conclusion (Episode 23),2022-04-29 09:08:59,2617,Device Type 0
User 4,The Blacklist: Season 3: Alexander Kirk (No. 14): Conclusion (Episode 23),2022-04-29 07:37:09,163,Device Type 0
User 4,The Blacklist: Season 3: Alexander Kirk (No. 14) (Episode 22),2022-04-29 07:24:06,783,Device Type 0
User 4,The Blacklist: Season 3: Alexander Kirk (No. 14) (Episode 22),2022-04-29 05:27:01,1746,Device Type 0
User 4,The Blacklist: Season 3: Susan Hargrave (Episode 21),2022-04-29 04:42:46,2469,Device Type 0
User 4,The Blacklist: Season 3: The Artax Network (Episode 20),2022-04-29 04:00:17,2549,Device Type 0
User 4,The Blacklist: Season 3: Susan Hargrave (Episode 21),2022-04-29 03:59:43,23,Device Type 0
User 4,The Blacklist: Season 3: Susan Hargrave (Episode 21),2022-04-29 02:27:50,1302,Device Type 0
User 4,The Blacklist: Season 3: The Artax Network (Episode 20),2022-04-29 02:14:35,794,Device Type 0
User 4,The Blacklist: Season 3: The Artax Network (Episode 20),2022-04-28 22:25:39,1734,Device Type 0
User 4,The Blacklist: Season 3: Cape May (Episode 19),2022-04-28 22:00:02,1537,Device Type 0
User 4,The Blacklist: Season 3: Cape May (Episode 19),2022-04-28 17:53:14,22,Device Type 0
User 4,The Blacklist: Season 3: Cape May (Episode 19),2022-04-28 17:11:45,1004,Device Type 0
User 4,The Blacklist: Season 3: Mr. Solomon (No. 32): The Conclusion (Episode 18),2022-04-28 16:48:30,916,Device Type 0
User 4,The Blacklist: Season 3: Mr. Solomon (No. 32): The Conclusion (Episode 18),2022-04-28 16:13:25,1912,Device Type 0
User 4,The Blacklist: Season 3: Mr. Solomon (No. 32) (Episode 17),2022-04-28 16:07:33,351,Device Type 0
User 4,The Blacklist: Season 3: Mr. Solomon (No. 32) (Episode 17),2022-04-28 15:10:19,2196,Device Type 0
User 4,The Blacklist: Season 3: The Caretaker (No. 78) (Episode 16),2022-04-28 15:08:33,105,Device Type 0
User 4,The Blacklist: Season 3: The Caretaker (No. 78) (Episode 16),2022-04-28 14:10:17,2430,Device Type 0
User 4,The Blacklist: Season 3: Drexel (No. 113) (Episode 15),2022-04-28 14:03:31,370,Device Type 0
User 4,The Blacklist: Season 3: Drexel (No. 113) (Episode 15),2022-04-28 12:54:20,2188,Device Type 0
User 4,The Blacklist: Season 3: Lady Ambrosia (No. 77) (Episode 14),2022-04-28 12:38:00,979,Device Type 0
User 4,The Blacklist: Season 3: Lady Ambrosia (No. 77) (Episode 14),2022-04-28 11:11:31,2293,Device Type 0
User 4,The Blacklist: Season 3: Lady Ambrosia (No. 77) (Episode 14),2022-04-28 05:15:39,88,Device Type 0
User 4,The Blacklist: Season 3: Alistair Pitt (No. 103) (Episode 13),2022-04-28 04:33:45,2514,Device Type 0
User 4,The Blacklist: Season 3: The Vehm (No. 132) (Episode 12),2022-04-28 03:44:15,2553,Device Type 0
User 4,The Blacklist: Season 3: Mr. Gregory Devry (No. 95) (Episode 11),2022-04-28 03:09:31,2082,Device Type 0
User 4,The Blacklist: Season 3: Mr. Gregory Devry (No. 95) (Episode 11),2022-04-27 20:34:17,654,Device Type 0
User 4,The Blacklist: Season 3: The Director (No. 24): Conclusion (Episode 10),2022-04-27 19:52:24,2512,Device Type 0
User 4,The Blacklist: Season 3: The Director (No. 24) (Episode 9),2022-04-27 19:09:29,2574,Device Type 0
User 4,The Blacklist: Season 3: Kings Of The Highway (No. 108) (Episode 8),2022-04-27 18:33:28,526,Device Type 0
User 4,The Blacklist: Season 3: Kings Of The Highway (No. 108) (Episode 8),2022-04-27 17:54:45,2035,Device Type 0
User 4,The Blacklist: Season 3: Zal Bin Hasaan (No. 31) (Episode 7),2022-04-27 17:03:23,2550,Device Type 0
User 4,The Blacklist: Season 3: Sir Crispin Crandall (No. 86) (Episode 6),2022-04-27 16:43:52,979,Device Type 0
User 4,The Blacklist: Season 3: Sir Crispin Crandall (No. 86) (Episode 6),2022-04-27 16:11:55,1570,Device Type 0
User 4,The Blacklist: Season 3: Arioch Cain (No. 50) (Episode 5),2022-04-27 15:40:44,1596,Device Type 0
User 4,The Blacklist: Season 3: Arioch Cain (No. 50) (Episode 5),2022-04-27 15:19:56,935,Device Type 0
User 4,The Blacklist: Season 3: The Djinn (No. 43) (Episode 4),2022-04-27 14:16:54,2807,Device Type 0
User 4,The Blacklist: Season 3: Eli Matchett (No. 72) (Episode 3),2022-04-27 14:10:19,331,Device Type 0
User 4,The Blacklist: Season 3: The Djinn (No. 43) (Episode 4),2022-04-27 13:52:17,977,Device Type 0
User 4,The Blacklist: Season 3: Eli Matchett (No. 72) (Episode 3),2022-04-27 13:27:27,1489,Device Type 0
User 4,The Blacklist: Season 3: Eli Matchett (No. 72) (Episode 3),2022-04-27 04:53:29,1083,Device Type 0
User 4,The Blacklist: Season 3: Marvin Gerard (No. 80) (Episode 2),2022-04-27 04:06:37,2554,Device Type 0
User 4,The Blacklist: Season 3: The Troll Farmer (No. 38) (Episode 1),2022-04-27 03:18:42,2551,Device Type 0
User 4,The Blacklist: Season 2: Tom Connolly (No. 11) (Episode 22),2022-04-27 03:15:47,174,Device Type 0
User 4,The Blacklist: Season 2: Tom Connolly (No. 11) (Episode 22),2022-04-26 20:02:25,1760,Device Type 0
User 4,The Blacklist: Season 2: Tom Connolly (No. 11) (Episode 22),2022-04-26 19:36:24,596,Device Type 0
User 4,The Blacklist: Season 2: Karakurt (No. 55) (Episode 21),2022-04-26 18:54:01,2542,Device Type 0
User 4,The Blacklist: Season 2: Quon Zhang (No. 87) (Episode 20),2022-04-26 18:28:49,1511,Device Type 0
User 4,The Blacklist: Season 2: Quon Zhang (No. 87) (Episode 20),2022-04-26 17:36:47,1041,Device Type 0
User 4,The Blacklist: Season 2: Leonard Caul (No. 62) (Episode 19),2022-04-26 16:49:52,2513,Device Type 0
User 4,The Blacklist: Season 2: Vanessa Cruz (No. 117) (Episode 18),2022-04-26 16:15:41,2050,Device Type 0
User 4,The Blacklist: Season 2: Vanessa Cruz (No. 117) (Episode 18),2022-04-26 16:06:34,523,Device Type 0
User 4,The Blacklist: Season 2: The Longevity Initiative (No. 97) (Episode 17),2022-04-26 15:23:55,2553,Device Type 0
User 4,The Blacklist: Season 2: Tom Keen (No. 7) (Episode 16),2022-04-26 15:22:55,60,Device Type 0
User 4,The Blacklist: Season 2: Tom Keen (No. 7) (Episode 16),2022-04-26 14:52:11,1702,Device Type 0
User 4,The Blacklist: Season 2: Tom Keen (No. 7) (Episode 16),2022-04-26 14:40:13,93,Device Type 0
User 4,The Blacklist: Season 2: Tom Keen (No. 7) (Episode 16),2022-04-26 14:27:27,753,Device Type 0
User 4,Season 1 Main Character Intro Clip: Mai,2022-04-25 10:35:17,9,Device Type 0
User 4,The Blacklist: Season 2: Tom Keen (No. 7) (Episode 16),2022-04-24 22:47:07,1024,Device Type 0
User 4,The Blacklist: Season 2: The Major (No. 75) (Episode 15),2022-04-24 22:05:13,2514,Device Type 0
User 4,The Blacklist: Season 2: T. Earl King VI (No. 94) (Episode 14),2022-04-24 21:22:38,2553,Device Type 0
User 4,The Blacklist: Season 2: The Deer Hunter (No. 93) (Episode 13),2022-04-24 21:18:12,265,Device Type 0
User 4,The Blacklist: Season 2: The Deer Hunter (No. 93) (Episode 13),2022-04-24 20:16:24,2178,Device Type 0
User 4,The Blacklist: Season 2: The Kenyon Family (No. 71) (Episode 12),2022-04-24 20:10:58,326,Device Type 0
User 4,The Blacklist: Season 2: The Kenyon Family (No. 71) (Episode 12),2022-04-24 20:02:04,460,Device Type 0
User 4,The Blacklist: Season 2: The Kenyon Family (No. 71) (Episode 12),2022-04-24 19:27:46,1765,Device Type 0
User 4,The Blacklist: Season 2: Ruslan Denisov (No. 67) (Episode 11),2022-04-24 19:27:44,1,Device Type 0
User 4,The Blacklist: Season 2: Ruslan Denisov (No. 67) (Episode 11),2022-04-24 19:04:45,1372,Device Type 0
User 4,The Blacklist: Season 2: Ruslan Denisov (No. 67) (Episode 11),2022-04-24 18:47:20,494,Device Type 0
User 4,The Blacklist: Season 2: Ruslan Denisov (No. 67) (Episode 11),2022-04-24 12:43:46,679,Device Type 0
User 4,The Blacklist: Season 2: Luther Braxton (No. 21): Conclusion (Episode 10),2022-04-24 11:42:34,2406,Device Type 0
User 4,The Blacklist: Season 2: Luther Braxton (No. 21): Conclusion (Episode 10),2022-04-24 11:10:31,42,Device Type 0
User 4,The Blacklist: Season 2: Luther Braxton (No. 21) (Episode 9),2022-04-24 11:07:55,155,Device Type 0
User 4,The Blacklist: Season 2: Luther Braxton (No. 21) (Episode 9),2022-04-24 10:53:49,611,Device Type 0
User 4,The Blacklist: Season 2: Luther Braxton (No. 21) (Episode 9),2022-04-24 10:22:18,1468,Device Type 0
User 4,The Blacklist: Season 2: Luther Braxton (No. 21) (Episode 9),2022-04-24 10:13:58,369,Device Type 0
User 4,The Blacklist: Season 2: The Decembrist (No. 12) (Episode 8),2022-04-24 09:51:41,1312,Device Type 0
User 4,The Blacklist: Season 2: The Decembrist (No. 12) (Episode 8),2022-04-24 08:14:47,746,Device Type 0
User 4,The Blacklist: Season 2: The Decembrist (No. 12) (Episode 8),2022-04-24 07:28:05,605,Device Type 0
User 4,The Blacklist: Season 2: The Scimitar (No. 22) (Episode 7),2022-04-24 06:41:34,2190,Device Type 0
User 4,The Blacklist: Season 2: The Scimitar (No. 22) (Episode 7),2022-04-24 05:50:45,1864,Device Type 0
User 4,The Blacklist: Season 2: The Scimitar (No. 22) (Episode 7),2022-04-24 05:34:46,891,Device Type 0
User 4,The Blacklist: Season 2: The Mombasa Cartel (No. 114) (Episode 6),2022-04-24 05:32:06,159,Device Type 0
User 4,The Blacklist: Season 2: The Mombasa Cartel (No. 114) (Episode 6),2022-04-24 04:08:40,2441,Device Type 0
User 4,The Blacklist: Season 2: The Front (No. 74) (Episode 5),2022-04-24 03:23:40,2692,Device Type 0
User 4,The Blacklist: Season 2: Dr. Linus Creel (No. 82) (Episode 4),2022-04-24 03:08:08,930,Device Type 0
User 4,The Blacklist: Season 2: The Front (No. 74) (Episode 5),2022-04-24 03:07:27,20,Device Type 0
User 4,The Blacklist: Season 2: The Front (No. 74) (Episode 5),2022-04-23 21:10:30,407,Device Type 0
User 4,The Blacklist: Season 2: Dr. Linus Creel (No. 82) (Episode 4),2022-04-23 20:45:27,1502,Device Type 0
User 4,The Blacklist: Season 2: Dr. Linus Creel (No. 82) (Episode 4),2022-04-23 20:39:31,252,Device Type 0
User 4,The Blacklist: Season 2: Dr. Linus Creel (No. 82) (Episode 4),2022-04-23 20:08:56,900,Device Type 0
User 4,The Blacklist: Season 2: Dr. James Covington (No. 89) (Episode 3),2022-04-23 15:56:46,531,Device Type 0
User 4,The Blacklist: Season 2: Dr. James Covington (No. 89) (Episode 3),2022-04-23 15:32:56,925,Device Type 0
User 4,The Blacklist: Season 2: Dr. James Covington (No. 89) (Episode 3),2022-04-23 15:02:56,1084,Device Type 0
User 4,The Blacklist: Season 2: Monarch Douglas Bank (No. 112) (Episode 2),2022-04-23 14:50:59,569,Device Type 0
User 4,The Blacklist: Season 2: Monarch Douglas Bank (No. 112) (Episode 2),2022-04-23 14:35:59,468,Device Type 0
User 4,The Blacklist: Season 2: Monarch Douglas Bank (No. 112) (Episode 2),2022-04-23 14:25:15,488,Device Type 0
User 4,The Blacklist: Season 2: Monarch Douglas Bank (No. 112) (Episode 2),2022-04-23 13:11:36,1130,Device Type 0
User 4,The Blacklist: Season 2: Lord Baltimore (No. 104) (Episode 1),2022-04-23 13:08:32,183,Device Type 0
User 4,The Blacklist: Season 2: Lord Baltimore (No. 104) (Episode 1),2022-04-23 11:46:24,2366,Device Type 0
User 4,The Blacklist: Season 1: Berlin (No. 8): Conclusion (Episode 22),2022-04-23 11:02:32,2630,Device Type 0
User 4,The Blacklist: Season 1: Berlin (No. 8) (Episode 21),2022-04-23 11:00:47,105,Device Type 0
User 4,Russian Doll: Season 1: Nothing in This World Is Easy (Episode 1),2022-04-23 10:31:40,12,Device Type 4
User 4,Chicago Fire: Season 1: Pilot (Episode 1),2022-04-23 10:31:24,3,Device Type 4
User 4,The Blacklist: Season 1: Berlin (No. 8) (Episode 21),2022-04-23 09:55:46,2442,Device Type 0
User 4,The Blacklist: Season 1: The Kingmaker (No. 42) (Episode 20),2022-04-23 09:00:53,2463,Device Type 0
User 4,The Blacklist: Season 1: The Pavlovich Brothers (No. 119-122) (Episode 19),2022-04-23 08:59:32,80,Device Type 0
User 4,The Blacklist: Season 1: The Pavlovich Brothers (No. 119-122) (Episode 19),2022-04-23 08:23:25,1196,Device Type 0
User 4,The Blacklist: Season 1: The Pavlovich Brothers (No. 119-122) (Episode 19),2022-04-23 07:42:58,1242,Device Type 0
User 4,The Blacklist: Season 1: Milton Bobbit (No. 135) (Episode 18),2022-04-23 07:32:07,650,Device Type 0
User 4,The Blacklist: Season 1: Milton Bobbit (No. 135) (Episode 18),2022-04-23 06:23:50,1871,Device Type 0
User 4,The Blacklist: Season 1: Ivan (No. 88) (Episode 17),2022-04-23 06:14:21,568,Device Type 0
User 4,The Blacklist: Season 1: Ivan (No. 88) (Episode 17),2022-04-23 05:20:58,2021,Device Type 0
User 4,The Blacklist: Season 1: Mako Tanida (No. 83) (Episode 16),2022-04-23 04:56:01,1495,Device Type 0
User 4,The Blacklist: Season 1: Mako Tanida (No. 83) (Episode 16),2022-04-23 01:39:40,396,Device Type 0
User 4,Killers_hook_primary_16x9,2022-04-23 01:39:23,4,Device Type 0
User 4,The Blacklist: Season 1: Mako Tanida (No. 83) (Episode 16),2022-04-22 16:42:22,456,Device Type 0
User 4,The Blacklist: Season 1: Mako Tanida (No. 83) (Episode 16),2022-04-22 16:38:16,200,Device Type 0
User 4,The Blacklist: Season 1: The Judge (No. 57) (Episode 15),2022-04-22 15:53:24,2532,Device Type 0
User 4,The Blacklist: Season 1: Madeline Pratt (No. 73) (Episode 14),2022-04-22 15:16:51,2192,Device Type 0
User 4,The Blacklist: Season 1: Madeline Pratt (No. 73) (Episode 14),2022-04-22 15:04:10,372,Device Type 0
User 4,The Blacklist: Season 1: The Cyprus Agency (No. 64) (Episode 13),2022-04-22 14:51:56,729,Device Type 0
User 4,The Blacklist: Season 1: The Cyprus Agency (No. 64) (Episode 13),2022-04-22 14:06:22,1648,Device Type 0
User 4,The Blacklist: Season 1: The Cyprus Agency (No. 64) (Episode 13),2022-04-22 13:43:00,185,Device Type 0
User 4,The Blacklist: Season 1: The Alchemist (No. 101) (Episode 12),2022-04-22 13:21:44,1259,Device Type 0
User 4,The Blacklist: Season 1: The Alchemist (No. 101) (Episode 12),2022-04-22 13:14:57,332,Device Type 0
User 4,The Blacklist: Season 1: The Alchemist (No. 101) (Episode 12),2022-04-22 12:39:15,14,Device Type 0
User 4,The Blacklist: Season 1: The Alchemist (No. 101) (Episode 12),2022-04-22 12:12:56,899,Device Type 0
User 4,The Blacklist: Season 1: The Good Samaritan (No. 106) (Episode 11),2022-04-22 11:22:55,2516,Device Type 0
User 4,The Blacklist: Season 1: Anslo Garrick (No. 16): Part 2 (Episode 10),2022-04-22 11:12:14,572,Device Type 0
User 4,The Blacklist: Season 1: Anslo Garrick (No. 16): Part 2 (Episode 10),2022-04-22 10:44:44,166,Device Type 0
User 4,The Blacklist: Season 1: Anslo Garrick (No. 16): Part 2 (Episode 10),2022-04-22 10:40:19,258,Device Type 0
User 4,The Blacklist: Season 1: Anslo Garrick (No. 16): Part 2 (Episode 10),2022-04-22 09:54:57,1584,Device Type 0
User 4,The Blacklist: Season 1: Anslo Garrick (No. 16): Part 1 (Episode 9),2022-04-22 09:52:47,129,Device Type 0
User 4,The Blacklist: Season 1: Anslo Garrick (No. 16): Part 1 (Episode 9),2022-04-22 09:50:41,36,Device Type 0
User 4,The Blacklist: Season 1: Anslo Garrick (No. 16): Part 1 (Episode 9),2022-04-22 09:42:18,330,Device Type 0
User 4,The Blacklist: Season 1: Anslo Garrick (No. 16): Part 1 (Episode 9),2022-04-22 08:49:10,2057,Device Type 0
User 4,The Blacklist: Season 1: Anslo Garrick (No. 16): Part 1 (Episode 9),2022-04-22 08:25:58,2,Device Type 0
User 4,The Blacklist: Season 1: General Ludd (No. 109) (Episode 8),2022-04-22 07:49:35,2182,Device Type 0
User 4,The Blacklist: Season 1: General Ludd (No. 109) (Episode 8),2022-04-22 07:33:08,375,Device Type 0
User 4,The Blacklist: Season 1: Frederick Barnes (No. 47) (Episode 7),2022-04-22 07:18:59,394,Device Type 0
User 4,The Blacklist: Season 1: Frederick Barnes (No. 47) (Episode 7),2022-04-22 07:17:21,44,Device Type 0
User 4,The Blacklist: Season 1: Frederick Barnes (No. 47) (Episode 7),2022-04-22 07:15:35,101,Device Type 0
User 4,The Blacklist: Season 1: Frederick Barnes (No. 47) (Episode 7),2022-04-22 06:54:02,494,Device Type 0
User 4,The Blacklist: Season 1: Frederick Barnes (No. 47) (Episode 7),2022-04-22 05:36:02,1609,Device Type 0
User 4,The Blacklist: Season 1: Gina Zanetakos (No. 152) (Episode 6),2022-04-22 05:34:05,116,Device Type 0
User 4,The Blacklist: Season 1: Gina Zanetakos (No. 152) (Episode 6),2022-04-22 04:57:49,164,Device Type 0
User 4,The Blacklist: Season 1: Gina Zanetakos (No. 152) (Episode 6),2022-04-22 04:48:46,299,Device Type 0
User 4,The Blacklist: Season 1: Gina Zanetakos (No. 152) (Episode 6),2022-04-22 04:30:40,1005,Device Type 0
User 4,The Blacklist: Season 1: Gina Zanetakos (No. 152) (Episode 6),2022-04-22 03:45:16,949,Device Type 0
User 4,The Blacklist: Season 1: The Courier (No. 85) (Episode 5),2022-04-22 02:12:43,5248,Device Type 0
User 4,The Blacklist: Season 1: The Stewmaker (No. 161) (Episode 4),2022-04-22 02:08:24,258,Device Type 0
User 4,The Blacklist: Season 1: The Stewmaker (No. 161) (Episode 4),2022-04-22 00:23:03,2235,Device Type 0
User 4,The Blacklist: Season 1: Wujing (No. 84) (Episode 3),2022-04-21 23:54:14,1715,Device Type 0
User 4,The Blacklist: Season 1: Wujing (No. 84) (Episode 3),2022-04-21 19:10:06,408,Device Type 0
User 4,The Blacklist: Season 1: Wujing (No. 84) (Episode 3),2022-04-21 18:39:04,397,Device Type 0
User 4,The Blacklist: Season 1: The Freelancer (No. 145) (Episode 2),2022-04-21 17:58:48,2415,Device Type 0
User 4,The Blacklist: Season 1: Pilot (Episode 1),2022-04-21 17:15:01,2468,Device Type 0
User 4,The Blacklist: Season 1: Pilot (Episode 1),2022-04-21 17:07:44,369,Device Type 0
User 4,Murder Mystery (Trailer),2022-04-21 17:07:05,5,Device Type 0
User 4,Murder Mystery,2022-04-21 15:35:20,5280,Device Type 0
User 4,Better Call Saul: Season 1: Five-O (Episode 6),2022-04-21 15:02:52,530,Device Type 0
User 4,Better Call Saul: Season 1: Alpine Shepherd Boy (Episode 5),2022-04-21 14:50:13,753,Device Type 0
User 4,Better Call Saul: Season 1: Alpine Shepherd Boy (Episode 5),2022-04-21 03:31:35,1867,Device Type 0
User 4,Better Call Saul: Season 1: Hero (Episode 4),2022-04-21 03:20:17,677,Device Type 0
User 4,Trailer: Our Father,2022-04-21 03:04:22,6,Device Type 0
User 4,Better Call Saul: Season 1: Hero (Episode 4),2022-04-20 20:49:40,1817,Device Type 0
User 4,Better Call Saul: Season 1: Hero (Episode 4),2022-04-20 17:33:35,2391,Device Type 0
User 4,Better Call Saul: Season 1: Nacho (Episode 3),2022-04-20 17:33:34,1,Device Type 0
User 4,Better Call Saul: Season 1: Nacho (Episode 3),2022-04-20 16:07:51,1375,Device Type 0
User 4,Better Call Saul: Season 1: Nacho (Episode 3),2022-04-20 15:43:00,899,Device Type 0
User 4,Better Call Saul: Season 1: Nacho (Episode 3),2022-04-20 04:39:19,546,Device Type 0
User 4,Better Call Saul: Season 1: Mijo (Episode 2),2022-04-20 04:35:40,219,Device Type 0
User 4,Better Call Saul: Season 1: Mijo (Episode 2),2022-04-20 03:35:58,2523,Device Type 0
User 4,Better Call Saul: Season 1: Uno (Episode 1),2022-04-20 02:41:54,3242,Device Type 0
User 4,Orange Is the New Black: Season 2: Low Self Esteem City (Episode 5),2022-04-20 02:33:24,482,Device Type 0
User 4,Orange Is the New Black: Season 2: A Whole Other Hole (Episode 4),2022-04-20 02:11:38,1305,Device Type 0
User 4,Orange Is the New Black: Season 2: A Whole Other Hole (Episode 4),2022-04-20 00:28:05,2065,Device Type 0
User 4,Orange Is the New Black: Season 2: A Whole Other Hole (Episode 4),2022-04-19 20:02:37,571,Device Type 0
User 4,Orange Is the New Black: Season 2: Hugs Can Be Deceiving (Episode 3),2022-04-19 18:42:12,3974,Device Type 0
User 4,"Orange Is the New Black: Season 2: Looks Blue, Tastes Red (Episode 2)",2022-04-19 17:48:31,3181,Device Type 0
User 4,Orange Is the New Black: Season 2: Thirsty Bird (Episode 1),2022-04-19 17:03:33,2666,Device Type 0
User 4,Orange Is the New Black: Season 2: Thirsty Bird (Episode 1),2022-04-19 16:50:13,697,Device Type 0
User 4,Orange Is the New Black: Season 1: Can't Fix Crazy (Episode 13),2022-04-19 15:29:18,3484,Device Type 0
User 4,Orange Is the New Black: Season 1: Fool Me Once (Episode 12),2022-04-19 15:02:57,1100,Device Type 0
User 4,Orange Is the New Black: Season 1: Fool Me Once (Episode 12),2022-04-19 14:30:11,757,Device Type 0
User 4,Orange Is the New Black: Season 1: Fool Me Once (Episode 12),2022-04-19 14:22:18,398,Device Type 0
User 4,Orange Is the New Black: Season 1: Fool Me Once (Episode 12),2022-04-19 13:39:43,1353,Device Type 0
User 4,Orange Is the New Black: Season 1: Tall Men with Feelings (Episode 11),2022-04-19 12:38:38,3411,Device Type 0
User 4,Orange Is the New Black: Season 1: Bora Bora Bora (Episode 10),2022-04-19 12:18:37,1200,Device Type 0
User 4,Orange Is the New Black: Season 1: Bora Bora Bora (Episode 10),2022-04-19 04:31:29,1881,Device Type 0
User 4,Orange Is the New Black: Season 1: F*cksgiving (Episode 9),2022-04-19 03:33:56,3450,Device Type 0
User 4,Moneyball_hook_primary_16x9,2022-04-19 03:20:27,68,Device Type 5
User 4,Daybreak: Season 1 (Squad Trailer),2022-04-19 03:19:44,4,Device Type 5
User 4,Orange Is the New Black: Season 1: Moscow Mule (Episode 8),2022-04-19 03:16:15,1060,Device Type 0
User 4,Orange Is the New Black: Season 1: Moscow Mule (Episode 8),2022-04-18 18:12:10,442,Device Type 0
User 4,Orange Is the New Black: Season 1: Moscow Mule (Episode 8),2022-04-18 17:06:55,1545,Device Type 0
User 4,Orange Is the New Black: Season 1: Moscow Mule (Episode 8),2022-04-18 16:17:32,382,Device Type 0
User 4,Orange Is the New Black: Season 1: Blood Donut (Episode 7),2022-04-18 15:39:00,1452,Device Type 0
User 4,Inciting Incident Clip: Rescued By Ruby,2022-04-18 15:33:07,11,Device Type 5
User 4,Inciting Incident Clip: Rescued By Ruby,2022-04-18 15:30:20,88,Device Type 5
User 4,Travelers: Season 3 (Trailer),2022-04-18 15:30:00,5,Device Type 5
User 4,Season 2 Villain / Antagonist Clip: ULTRAMAN,2022-04-18 15:29:35,9,Device Type 5
User 4,Trailer: Thunder Force,2022-04-18 15:27:55,59,Device Type 5
User 4,Thunder Force,2022-04-18 15:07:14,1162,Device Type 5
User 4,Orange Is the New Black: Season 1: Blood Donut (Episode 7),2022-04-18 14:55:53,2172,Device Type 0
User 4,Orange Is the New Black: Season 1: WAC Pack (Episode 6),2022-04-18 14:48:29,444,Device Type 0
User 4,Orange Is the New Black: Season 1: WAC Pack (Episode 6),2022-04-18 13:54:59,1606,Device Type 0
User 4,Orange Is the New Black: Season 1: WAC Pack (Episode 6),2022-04-18 13:09:42,1244,Device Type 0
User 4,Orange Is the New Black: Season 1: The Chickening (Episode 5),2022-04-18 13:01:29,492,Device Type 0
User 4,Orange Is the New Black: Season 1: WAC Pack (Episode 6),2022-04-18 12:53:43,460,Device Type 0
User 4,Orange Is the New Black: Season 1: The Chickening (Episode 5),2022-04-18 12:05:57,2866,Device Type 0
User 4,Orange Is the New Black: Season 1: The Chickening (Episode 5),2022-04-18 11:47:07,257,Device Type 0
User 4,Orange Is the New Black: Season 1: Imaginary Enemies (Episode 4),2022-04-18 11:29:18,913,Device Type 0
User 4,Orange Is the New Black: Season 1: Imaginary Enemies (Episode 4),2022-04-18 11:21:17,433,Device Type 0
User 4,Thunder Force,2022-04-18 07:49:44,1411,Device Type 5
User 4,Orange Is the New Black: Season 1: Imaginary Enemies (Episode 4),2022-04-18 04:36:41,975,Device Type 0
User 4,Thunder Force,2022-04-18 04:06:42,1296,Device Type 5
User 4,Orange Is the New Black: Season 1: Imaginary Enemies (Episode 4),2022-04-18 03:48:50,829,Device Type 0
User 4,Orange Is the New Black: Season 1: Lesbian Request Denied (Episode 3),2022-04-18 03:15:18,2011,Device Type 0
User 4,Orange Is the New Black: Season 1: Lesbian Request Denied (Episode 3),2022-04-17 19:33:06,1298,Device Type 0
User 4,Orange Is the New Black: Season 1: Tit Punch (Episode 2),2022-04-17 19:30:46,138,Device Type 0
User 4,Orange Is the New Black: Season 1: Lesbian Request Denied (Episode 3),2022-04-17 19:30:28,14,Device Type 0
User 4,Orange Is the New Black: Season 1: Tit Punch (Episode 2),2022-04-17 19:02:00,1358,Device Type 0
User 4,Orange Is the New Black: Season 1: Tit Punch (Episode 2),2022-04-17 18:22:43,2085,Device Type 0
User 4,Orange Is the New Black: Season 1: I Wasn't Ready (Episode 1),2022-04-17 17:30:41,3005,Device Type 0
User 4,Thunder Force,2022-04-17 14:55:50,1854,Device Type 5
User 4,Trailer: Thunder Force,2022-04-17 14:55:41,6,Device Type 5
User 4,Trailer: Thunder Force,2022-04-17 14:52:59,154,Device Type 5
User 4,Doctor (Tamil),2022-04-17 13:31:35,1804,Device Type 0
User 4,Doctor (Tamil),2022-04-17 11:40:36,6388,Device Type 0
User 4,Kim's Convenience: Season 5: Family Business (Episode 13),2022-04-17 11:18:01,1324,Device Type 0
User 4,Kim's Convenience: Season 5: Hugs & Prayers (Episode 12),2022-04-17 10:57:24,1235,Device Type 0
User 4,Kim's Convenience: Season 5: Hugs & Prayers (Episode 12),2022-04-17 10:23:52,99,Device Type 0
User 4,Kim's Convenience: Season 5: Matchy Matchy (Episode 11),2022-04-17 10:02:36,1271,Device Type 0
User 4,Kim's Convenience: Season 5: Who's Pranking Who? (Episode 10),2022-04-17 09:45:06,1033,Device Type 0
User 4,Kim's Convenience: Season 5: Who's Pranking Who? (Episode 10),2022-04-17 09:33:13,699,Device Type 0
User 4,Kim's Convenience: Season 5: Field of Schemes (Episode 9),2022-04-17 08:54:08,1311,Device Type 0
User 4,Kim's Convenience: Season 5: Slippery Slope (Episode 8),2022-04-17 08:41:21,767,Device Type 0
User 4,Kim's Convenience: Season 5: Slippery Slope (Episode 8),2022-04-17 08:09:32,528,Device Type 0
User 4,Kim's Convenience: Season 5: Chance Encounter (Episode 7),2022-04-17 07:56:33,778,Device Type 0
User 4,Kim's Convenience: Season 5: Chance Encounter (Episode 7),2022-04-17 07:42:18,542,Device Type 0
User 4,Kim's Convenience: Season 5: Cookie Monster (Episode 6),2022-04-17 07:23:15,1143,Device Type 0
User 4,Kim's Convenience: Season 5: Cookie Monster (Episode 6),2022-04-17 07:14:47,14,Device Type 0
User 4,Kim's Convenience: Season 5: Cookie Monster (Episode 6),2022-04-17 06:45:45,131,Device Type 0
User 4,Kim's Convenience: Season 5: A Tangled Web (Episode 5),2022-04-17 06:36:16,568,Device Type 0
User 4,Kim's Convenience: Season 5: A Tangled Web (Episode 5),2022-04-17 06:24:05,167,Device Type 0
User 4,Kim's Convenience: Season 5: A Tangled Web (Episode 5),2022-04-17 06:19:55,187,Device Type 0
User 4,Kim's Convenience: Season 5: A Tangled Web (Episode 5),2022-04-17 06:10:06,403,Device Type 0
User 4,Kim's Convenience: Season 5: Tennis Anyone? (Episode 4),2022-04-17 05:58:39,686,Device Type 0
User 4,Kim's Convenience: Season 5: Tennis Anyone? (Episode 4),2022-04-17 05:19:53,591,Device Type 0
User 4,Kim's Convenience: Season 5: Appa & Linus (Episode 3),2022-04-17 04:44:06,1285,Device Type 0
User 4,Kim's Convenience: Season 5: Channouncements (Episode 2),2022-04-17 04:21:04,1369,Device Type 0
User 4,Ultraman: Season 1: A Power That Does Not Belong On Earth (Episode 1),2022-04-17 04:10:37,782,Device Type 5
User 4,Community: Season 1_hook_02_16x9,2022-04-17 04:08:16,82,Device Type 5
User 4,Ozark: Season 1 Podular: TEXTLESS / Drama - Crime - Thriller,2022-04-17 04:08:04,9,Device Type 5
User 4,Travelers: Season 3 (Trailer),2022-04-17 04:07:48,12,Device Type 5
User 4,Flight_hook_primary_16x9,2022-04-17 04:07:35,7,Device Type 5
User 4,Resident Evil: Welcome to Raccoon City_hook_04_16x9,2022-04-17 04:07:07,18,Device Type 5
User 4,Kim's Convenience: Season 5: Parking Pass (Episode 1),2022-04-17 03:59:54,1270,Device Type 0
User 4,Kim's Convenience: Season 4: Bon Voyage (Episode 13),2022-04-17 03:50:19,573,Device Type 0
User 4,Kim's Convenience: Season 4: Bon Voyage (Episode 13),2022-04-17 03:15:25,731,Device Type 0
User 4,Kim's Convenience: Season 4: Knife Strife (Episode 12),2022-04-17 03:07:06,499,Device Type 0
User 4,Kim's Convenience: Season 4: Knife Strife (Episode 12),2022-04-17 00:02:00,780,Device Type 0
User 4,Kim's Convenience: Season 4: Birds of a Feather (Episode 11),2022-04-16 23:40:17,1302,Device Type 0
User 4,Kim's Convenience: Season 4: In the Bedroom (Episode 10),2022-04-16 23:26:32,825,Device Type 0
User 4,Kim's Convenience: Season 4: In the Bedroom (Episode 10),2022-04-16 23:05:18,260,Device Type 0
User 4,Kim's Convenience: Season 4: Birds of a Feather (Episode 11),2022-04-16 23:04:57,11,Device Type 0
User 4,Kim's Convenience: Season 4: Birds of a Feather (Episode 11),2022-04-16 19:44:33,241,Device Type 0
User 4,Kim's Convenience: Season 4: In the Bedroom (Episode 10),2022-04-16 19:23:06,1286,Device Type 0
User 4,Kim's Convenience: Season 4: Which Witch is Which (Episode 9),2022-04-16 19:13:59,547,Device Type 0
User 4,Kim's Convenience: Season 4: Which Witch is Which (Episode 9),2022-04-16 18:21:57,729,Device Type 0
User 4,Kim's Convenience: Season 4: Chammo! (Episode 8),2022-04-16 17:57:32,1297,Device Type 0
User 4,Kim's Convenience: Season 4: Beacon of Truth (Episode 7),2022-04-16 17:34:42,1370,Device Type 0
User 4,Kim's Convenience: Season 4: Soccer Dad (Episode 6),2022-04-16 17:07:13,1274,Device Type 0
User 4,Kim's Convenience: Season 4: Thinkin’ ‘bout Inkin’ (Episode 5),2022-04-16 16:45:58,1274,Device Type 0
User 4,Kim's Convenience: Season 4: Happy Ummaversary (Episode 4),2022-04-16 16:17:52,1272,Device Type 0
User 4,Kim's Convenience: Season 4: The Help (Episode 3),2022-04-16 16:12:11,337,Device Type 0
User 4,Kim's Convenience: Season 4: The Help (Episode 3),2022-04-16 16:04:24,7,Device Type 0
User 4,Kim's Convenience: Season 4: The Help (Episode 3),2022-04-16 15:32:43,945,Device Type 0
User 4,Kim's Convenience: Season 4: Couch Surfing (Episode 2),2022-04-16 15:02:06,1272,Device Type 0
User 4,Kim's Convenience: Season 4: The Trollop (Episode 1),2022-04-16 14:47:35,871,Device Type 0
User 4,Kim's Convenience: Season 4: The Trollop (Episode 1),2022-04-16 14:22:01,421,Device Type 0
User 4,Kim's Convenience: Season 3: Lord of the Ring (Episode 13),2022-04-16 13:55:29,1270,Device Type 0
User 4,Kim's Convenience: Season 3: Hit 'n' Fun (Episode 12),2022-04-16 13:26:45,1285,Device Type 0
User 4,Kim's Convenience: Season 3: Appanticitis (Episode 11),2022-04-16 13:22:52,232,Device Type 0
User 4,Kim's Convenience: Season 3: Hit 'n' Fun (Episode 12),2022-04-16 13:11:42,608,Device Type 0
User 4,Kim's Convenience: Season 3: Appanticitis (Episode 11),2022-04-16 12:50:17,1284,Device Type 0
User 4,Kim's Convenience: Season 3: Elephant in the Room (Episode 10),2022-04-16 12:29:05,1272,Device Type 0
User 4,Kim's Convenience: Season 3: Blabber Talker (Episode 9),2022-04-16 12:07:34,1288,Device Type 0
User 4,Kim's Convenience: Season 3: To Him It May Concern (Episode 8),2022-04-16 11:44:40,1373,Device Type 0
User 4,Kim's Convenience: Season 3: Appanoon Delight (Episode 7),2022-04-16 11:23:28,1271,Device Type 0
User 4,Kim's Convenience: Season 3: The Kim Cup (Episode 6),2022-04-16 11:02:05,1283,Device Type 0
User 4,Kim's Convenience: Season 3: Army Spoon (Episode 5),2022-04-16 10:36:02,1286,Device Type 0
User 4,Kim's Convenience: Season 3: Thy Neighbour's Wifi (Episode 4),2022-04-16 10:28:45,302,Device Type 0
User 4,Kim's Convenience: Season 3: Thy Neighbour's Wifi (Episode 4),2022-04-16 10:08:40,1038,Device Type 0
User 4,Kim's Convenience: Season 3: Open Kimunication (Episode 3),2022-04-16 09:46:28,1331,Device Type 0
User 4,Kim's Convenience: Season 3: Cutie Pie (Episode 2),2022-04-16 09:25:11,1276,Device Type 0
User 4,Kim's Convenience: Season 3: New Appa-liance (Episode 1),2022-04-16 09:09:05,777,Device Type 0
User 4,Kim's Convenience: Season 3: Cutie Pie (Episode 2),2022-04-16 08:33:17,1287,Device Type 0
User 4,Kim's Convenience: Season 3: New Appa-liance (Episode 1),2022-04-16 08:12:04,1272,Device Type 0
User 4,Kim's Convenience: Season 2: Handy Graduation (Episode 13),2022-04-16 07:52:36,1167,Device Type 0
User 4,Kim's Convenience: Season 2: Handy Graduation (Episode 13),2022-04-16 07:48:23,119,Device Type 0
User 4,Kim's Convenience: Season 2: Appa’s First Text (Episode 12),2022-04-16 07:35:44,759,Device Type 0
User 4,Kim's Convenience: Season 2: Appa’s First Text (Episode 12),2022-04-16 07:19:08,538,Device Type 0
User 4,Kim's Convenience: Season 2: Good Neighbours (Episode 11),2022-04-16 07:15:49,198,Device Type 0
User 4,Kim's Convenience: Season 2: Good Neighbours (Episode 11),2022-04-16 06:34:03,639,Device Type 0
User 4,Kim's Convenience: Season 2: Good Neighbours (Episode 11),2022-04-16 06:19:50,455,Device Type 0
User 4,Kim's Convenience: Season 2: Janet’s Boyfriend (Episode 10),2022-04-16 05:58:06,1299,Device Type 0
User 4,Kim's Convenience: Season 2: New TV (Episode 9),2022-04-16 05:36:19,1307,Device Type 0
User 4,Kim's Convenience: Season 2: Silent Auction (Episode 8),2022-04-16 05:13:36,1276,Device Type 0
User 4,Kim's Convenience: Season 2: Sneak Attack (Episode 7),2022-04-16 04:33:09,1271,Device Type 0
User 4,Kim's Convenience: Season 2: Resting Place (Episode 6),2022-04-16 04:11:58,1270,Device Type 0
User 4,Kim's Convenience: Season 2: Date Night (Episode 5),2022-04-16 03:58:28,807,Device Type 0
User 4,Kim's Convenience: Season 2: Appa’s First Text (Episode 12),2022-04-16 03:57:57,3,Device Type 0
User 4,Kim's Convenience: Season 2: Appa’s First Text (Episode 12),2022-04-15 23:40:55,443,Device Type 0
User 4,Kim's Convenience: Season 2: Good Neighbours (Episode 11),2022-04-15 23:19:28,1286,Device Type 0
User 4,Kim's Convenience: Season 2: Janet’s Boyfriend (Episode 10),2022-04-15 22:58:01,1286,Device Type 0
User 4,Kim's Convenience: Season 2: New TV (Episode 9),2022-04-15 22:36:35,1286,Device Type 0
User 4,Kim's Convenience: Season 2: Silent Auction (Episode 8),2022-04-15 22:15:07,1287,Device Type 0
User 4,Kim's Convenience: Season 2: Sneak Attack (Episode 7),2022-04-15 21:53:41,1286,Device Type 0
User 4,Kim's Convenience: Season 2: Resting Place (Episode 6),2022-04-15 21:32:14,1286,Device Type 0
User 4,Kim's Convenience: Season 2: Date Night (Episode 5),2022-04-15 21:11:00,1273,Device Type 0
User 4,Kim's Convenience: Season 2: Cardboard Jung (Episode 4),2022-04-15 20:49:33,1286,Device Type 0
User 4,Kim's Convenience: Season 2: House Guest (Episode 3),2022-04-15 20:28:20,1273,Device Type 0
User 4,Kim's Convenience: Season 2: Business Award (Episode 2),2022-04-15 20:17:45,365,Device Type 0
User 4,Doctor (Tamil),2022-04-15 20:17:35,4,Device Type 0
User 4,Kim's Convenience: Season 2: Business Award (Episode 2),2022-04-15 19:48:08,910,Device Type 0
User 4,Kim's Convenience: Season 2: Janet’s Roommate (Episode 1),2022-04-15 19:18:27,1281,Device Type 0
User 4,Kim's Convenience: Season 1: Family Singing Contest (Episode 13),2022-04-15 18:50:37,1275,Device Type 0
User 4,Kim's Convenience: Season 1: Appa's Lump (Episode 12),2022-04-15 18:45:49,285,Device Type 0
User 4,Kim's Convenience: Season 1: Appa's Lump (Episode 12),2022-04-15 18:10:58,993,Device Type 0
User 4,Kim's Convenience: Season 1: Handyman (Episode 11),2022-04-15 18:04:26,391,Device Type 0
User 4,Kim's Convenience: Season 1: Handyman (Episode 11),2022-04-15 17:32:34,883,Device Type 0
User 4,Kim's Convenience: Season 1: Janet's New Job (Episode 10),2022-04-15 17:02:28,1276,Device Type 0
User 4,Kim's Convenience: Season 1: Best Before (Episode 9),2022-04-15 16:27:19,2092,Device Type 0
User 4,Kim's Convenience: Season 1: Service (Episode 8),2022-04-15 16:06:57,1069,Device Type 0
User 4,Kim's Convenience: Season 1: Service (Episode 8),2022-04-15 15:55:07,219,Device Type 0
User 4,Kim's Convenience: Season 1: Hapkido (Episode 7),2022-04-15 15:33:22,1304,Device Type 0
User 4,Kim's Convenience: Season 1: Rude Kid (Episode 6),2022-04-15 14:53:16,1287,Device Type 0
User 4,Kim's Convenience: Season 1: Wingman (Episode 5),2022-04-15 14:18:53,1417,Device Type 0
User 4,Kim's Convenience: Season 1: Frank & Nayoung (Episode 4),2022-04-15 13:57:12,1300,Device Type 0
User 4,Kim's Convenience: Season 1: Ddong Chim (Episode 3),2022-04-15 13:39:01,874,Device Type 0
User 4,Kim's Convenience: Season 1: Ddong Chim (Episode 3),2022-04-15 13:15:49,496,Device Type 0
User 4,Kim's Convenience: Season 1: Janet's Photos (Episode 2),2022-04-15 12:54:04,1303,Device Type 0
User 4,Kim's Convenience: Season 1: Janet's Photos (Episode 2),2022-04-15 12:53:39,19,Device Type 0
User 4,Kim's Convenience: Season 1: Gay Discount (Episode 1),2022-04-15 12:36:04,701,Device Type 0
User 4,Kim's Convenience: Season 1: Gay Discount (Episode 1),2022-04-15 11:59:27,587,Device Type 0
User 4,The Net_hook_02_16x9,2022-04-15 11:55:50,47,Device Type 0
User 4,The Indian Detective: Season 1: Episode 4,2022-04-15 11:52:42,146,Device Type 0
User 4,The Indian Detective: Season 1: Episode 4,2022-04-15 11:24:32,415,Device Type 0
User 4,The Indian Detective: Season 1: Episode 4,2022-04-15 10:36:02,754,Device Type 0
User 4,The Indian Detective: Season 1: Episode 4,2022-04-15 09:35:57,997,Device Type 0
User 4,The Indian Detective: Season 1: Episode 3,2022-04-15 09:32:39,198,Device Type 0
User 4,The Indian Detective: Season 1: Episode 3,2022-04-15 08:54:03,1175,Device Type 0
User 4,The Indian Detective: Season 1: Episode 3,2022-04-15 07:52:51,1011,Device Type 0
User 4,The Indian Detective: Season 1: Episode 2,2022-04-15 07:38:46,844,Device Type 0
User 4,The Indian Detective: Season 1: Episode 2,2022-04-15 06:38:22,1132,Device Type 0
User 4,The Indian Detective: Season 1: Episode 2,2022-04-15 06:06:30,573,Device Type 0
User 4,The Indian Detective: Season 1: Episode 1,2022-04-15 06:05:24,61,Device Type 0
User 4,The Indian Detective: Season 1: Episode 1,2022-04-15 04:48:06,2574,Device Type 0
User 4,The Indian Detective (Trailer),2022-04-15 04:46:15,102,Device Type 0
User 4,Lupin: Part 2: Chapter 10 (Episode 5),2022-04-15 03:59:08,2813,Device Type 0
User 4,Lupin: Part 2: Chapter 9 (Episode 4),2022-04-15 03:41:11,981,Device Type 0
User 4,Lupin: Part 2: Chapter 8 (Episode 3),2022-04-15 03:41:09,1,Device Type 0
User 4,Lupin: Part 2: Chapter 7 (Episode 2),2022-04-15 03:40:57,11,Device Type 0
User 4,Lupin: Part 2: Chapter 9 (Episode 4),2022-04-15 00:43:30,2742,Device Type 0
User 4,Lupin: Part 2: Chapter 8 (Episode 3),2022-04-15 00:14:07,971,Device Type 0
User 4,Lupin: Part 2: Chapter 8 (Episode 3),2022-04-14 20:05:59,2002,Device Type 0
User 4,Lupin: Part 2: Chapter 7 (Episode 2),2022-04-14 19:38:25,1299,Device Type 0
User 4,Lupin: Part 2: Chapter 7 (Episode 2),2022-04-14 19:35:36,100,Device Type 0
User 4,Lupin: Part 2: Chapter 7 (Episode 2),2022-04-14 19:14:27,1028,Device Type 0
User 4,Lupin: Part 2: Chapter 6 (Episode 1),2022-04-14 18:34:33,2367,Device Type 0
User 4,Lupin: Part 1: Chapter 5 (Episode 5),2022-04-14 17:35:49,2643,Device Type 0
User 4,Lupin: Part 1: Chapter 4 (Episode 4),2022-04-14 16:32:05,2687,Device Type 0
User 4,Lupin: Part 1: Chapter 3 (Episode 3),2022-04-14 15:42:29,2431,Device Type 0
User 4,Lupin: Part 1: Chapter 2 (Episode 2),2022-04-14 15:27:11,917,Device Type 0
User 4,Lupin: Part 1: Chapter 2 (Episode 2),2022-04-14 15:03:38,970,Device Type 0
User 4,Lupin: Part 1: Chapter 2 (Episode 2),2022-04-14 14:46:16,1011,Device Type 0
User 4,Lupin: Part 1: Chapter 2 (Episode 2),2022-04-14 14:33:01,132,Device Type 0
User 4,Lupin: Part 1: Chapter 1 (Episode 1),2022-04-14 13:45:00,2858,Device Type 0
User 4,Doctor (Tamil),2022-04-14 13:40:38,197,Device Type 0
User 4,Salvation: Season 1_hook_primary_16x9,2022-04-14 13:04:20,53,Device Type 0
User 4,Brooklyn Nine-Nine: Season 7: Lights Out (Episode 13),2022-04-14 12:43:02,1276,Device Type 0
User 4,Brooklyn Nine-Nine: Season 7: Ransom (Episode 12),2022-04-14 12:21:44,1277,Device Type 0
User 4,Brooklyn Nine-Nine: Season 7: Valloweaster (Episode 11),2022-04-14 12:01:44,1199,Device Type 0
User 4,Brooklyn Nine-Nine: Season 7: Admiral Peralta (Episode 10),2022-04-14 12:01:33,10,Device Type 0
User 4,Brooklyn Nine-Nine: Season 7: Admiral Peralta (Episode 10),2022-04-14 11:55:52,317,Device Type 0
User 4,The Dark Tower_hook_primary_16x9,2022-04-14 11:55:08,35,Device Type 0
User 4,Brooklyn Nine-Nine: Season 7: Admiral Peralta (Episode 10),2022-04-14 04:15:36,1004,Device Type 0
User 4,Brooklyn Nine-Nine: Season 7: Dillman (Episode 9),2022-04-14 03:54:07,1289,Device Type 0
User 4,Brooklyn Nine-Nine: Season 7: The Takeback (Episode 8),2022-04-14 03:32:29,1276,Device Type 0
User 4,Brooklyn Nine-Nine: Season 7: Ding Dong (Episode 7),2022-04-14 03:08:42,1265,Device Type 0
User 4,Brooklyn Nine-Nine: Season 7: Ding Dong (Episode 7),2022-04-13 21:33:51,7,Device Type 0
User 4,Brooklyn Nine-Nine: Season 7: Trying (Episode 6),2022-04-13 21:12:21,1289,Device Type 0
User 4,Brooklyn Nine-Nine: Season 7: Debbie (Episode 5),2022-04-13 20:42:48,1289,Device Type 0
User 4,Brooklyn Nine-Nine: Season 7: The Jimmy Jab Games II (Episode 4),2022-04-13 20:12:32,1265,Device Type 0
User 4,Brooklyn Nine-Nine: Season 7: Pimemento (Episode 3),2022-04-13 19:51:03,1289,Device Type 0
User 4,Brooklyn Nine-Nine: Season 7: Captain Kim (Episode 2),2022-04-13 19:29:33,1289,Device Type 0
User 4,Brooklyn Nine-Nine: Season 7: Manhunter (Episode 1),2022-04-13 19:09:38,1192,Device Type 0
User 4,Brooklyn Nine-Nine: Season 6: The Suicide Squad (Episode 18),2022-04-13 18:57:23,733,Device Type 0
User 4,Brooklyn Nine-Nine: Season 7: Manhunter (Episode 1),2022-04-13 18:55:43,92,Device Type 0
User 4,Brooklyn Nine-Nine: Season 6: The Suicide Squad (Episode 18),2022-04-13 07:43:57,874,Device Type 0
User 4,Brooklyn Nine-Nine: Season 6: The Suicide Squad (Episode 18),2022-04-13 02:58:48,420,Device Type 0
User 4,Brooklyn Nine-Nine: Season 6: Sicko (Episode 17),2022-04-13 02:51:20,448,Device Type 0
User 4,Brooklyn Nine-Nine: Season 6: Sicko (Episode 17),2022-04-12 22:02:25,425,Device Type 0
User 4,Brooklyn Nine-Nine: Season 6: Sicko (Episode 17),2022-04-12 15:40:16,422,Device Type 0
User 4,Brooklyn Nine-Nine: Season 6: Cinco de Mayo (Episode 16),2022-04-12 15:11:48,1282,Device Type 0
User 4,Brooklyn Nine-Nine: Season 6: Return of the King (Episode 15),2022-04-12 15:11:43,3,Device Type 0
User 4,Brooklyn Nine-Nine: Season 6: Return of the King (Episode 15),2022-04-12 14:45:15,986,Device Type 0
User 4,Brooklyn Nine-Nine: Season 6: Return of the King (Episode 15),2022-04-12 14:30:11,307,Device Type 0
User 4,Brooklyn Nine-Nine: Season 6: Ticking Clocks (Episode 14),2022-04-12 14:12:18,1072,Device Type 0
User 4,Brooklyn Nine-Nine: Season 6: Ticking Clocks (Episode 14),2022-04-12 13:42:58,571,Device Type 0
User 4,Brooklyn Nine-Nine: Season 6: The Bimbo (Episode 13),2022-04-12 13:31:14,703,Device Type 0
User 4,Flight,2022-04-12 07:40:27,1149,Device Type 5
User 4,Brooklyn Nine-Nine: Season 6: The Bimbo (Episode 13),2022-04-12 05:07:54,660,Device Type 0
User 4,Brooklyn Nine-Nine: Season 6: Casecation (Episode 12),2022-04-12 04:46:24,1290,Device Type 0
User 4,Brooklyn Nine-Nine: Season 6: The Therapist (Episode 11),2022-04-12 04:16:20,1290,Device Type 0
User 4,Brooklyn Nine-Nine: Season 6: Gintars (Episode 10),2022-04-12 03:41:56,1304,Device Type 0
User 4,Flight,2022-04-12 03:40:32,2188,Device Type 5
User 4,Ghostbusters: Afterlife,2022-04-12 03:40:04,14,Device Type 5
User 4,Brooklyn Nine-Nine: Season 6: The Golden Child (Episode 9),2022-04-12 03:39:26,150,Device Type 0
User 4,Ghostbusters: Afterlife_hook_01_16x9,2022-04-12 03:38:33,77,Device Type 5
User 4,Brooklyn Nine-Nine: Season 6: The Golden Child (Episode 9),2022-04-11 21:56:08,1141,Device Type 0
User 4,"Brooklyn Nine-Nine: Season 6: He Said, She Said (Episode 8)",2022-04-11 21:34:38,1290,Device Type 0
User 4,Brooklyn Nine-Nine: Season 6: The Honeypot (Episode 7),2022-04-11 21:13:08,1289,Device Type 0
User 4,Brooklyn Nine-Nine: Season 6: The Crime Scene (Episode 6),2022-04-11 20:51:41,1287,Device Type 0
User 4,Brooklyn Nine-Nine: Season 6: A Tale of Two Bandits (Episode 5),2022-04-11 20:30:19,1281,Device Type 0
User 4,Brooklyn Nine-Nine: Season 6: Four Movements (Episode 4),2022-04-11 20:08:49,1290,Device Type 0
User 4,Brooklyn Nine-Nine: Season 6: The Tattler (Episode 3),2022-04-11 20:03:37,311,Device Type 0
User 4,Brooklyn Nine-Nine: Season 6: The Tattler (Episode 3),2022-04-11 19:43:46,979,Device Type 0
User 4,Brooklyn Nine-Nine: Season 6: Hitchcock & Scully (Episode 2),2022-04-11 19:21:54,1311,Device Type 0
User 4,Brooklyn Nine-Nine: Season 6: Honeymoon (Episode 1),2022-04-11 18:48:29,1290,Device Type 0
User 4,Brooklyn Nine-Nine: Season 5: Jake & Amy (Episode 22),2022-04-11 18:37:38,651,Device Type 0
User 4,Brooklyn Nine-Nine: Season 5: Jake & Amy (Episode 22),2022-04-11 18:05:39,650,Device Type 0
User 4,Brooklyn Nine-Nine: Season 5: White Whale (Episode 21),2022-04-11 17:50:55,882,Device Type 0
User 4,Brooklyn Nine-Nine: Season 5: White Whale (Episode 21),2022-04-11 17:43:56,407,Device Type 0
User 4,Brooklyn Nine-Nine: Season 5: Show Me Going (Episode 20),2022-04-11 17:31:41,734,Device Type 0
User 4,Brooklyn Nine-Nine: Season 5: Show Me Going (Episode 20),2022-04-11 17:16:23,540,Device Type 0
User 4,Brooklyn Nine-Nine: Season 5: Bachelor/ette Party (Episode 19),2022-04-11 16:54:30,1313,Device Type 0
User 4,Brooklyn Nine-Nine: Season 5: Gray Star Mutual (Episode 18),2022-04-11 16:33:05,1284,Device Type 0
User 4,Brooklyn Nine-Nine: Season 5: DFW (Episode 17),2022-04-11 16:02:16,1289,Device Type 0
User 4,Brooklyn Nine-Nine: Season 5: NutriBoom (Episode 16),2022-04-11 15:41:26,1249,Device Type 0
User 4,Brooklyn Nine-Nine: Season 5: The Puzzle Master (Episode 15),2022-04-11 15:40:28,57,Device Type 0
User 4,Brooklyn Nine-Nine: Season 5: The Puzzle Master (Episode 15),2022-04-11 14:55:27,1236,Device Type 0
User 4,Brooklyn Nine-Nine: Season 5: The Box (Episode 14),2022-04-11 14:44:52,634,Device Type 0
User 4,Brooklyn Nine-Nine: Season 5: The Box (Episode 14),2022-04-11 11:42:01,683,Device Type 0
User 4,Brooklyn Nine-Nine: Season 5: The Negotiation (Episode 13),2022-04-11 11:29:52,198,Device Type 0
User 4,Brooklyn Nine-Nine: Season 5: The Negotiation (Episode 13),2022-04-11 05:22:33,906,Device Type 0
User 4,Brooklyn Nine-Nine: Season 5: The Negotiation (Episode 13),2022-04-11 05:19:42,70,Device Type 0
User 4,Brooklyn Nine-Nine: Season 5: The Negotiation (Episode 13),2022-04-11 05:14:32,62,Device Type 0
User 4,Brooklyn Nine-Nine: Season 5: The Negotiation (Episode 13),2022-04-11 05:12:49,59,Device Type 0
User 4,Brooklyn Nine-Nine: Season 5: Safe House (Episode 12),2022-04-11 05:07:24,324,Device Type 0
User 4,Brooklyn Nine-Nine: Season 5: Safe House (Episode 12),2022-04-11 04:49:58,991,Device Type 0
User 4,Brooklyn Nine-Nine: Season 5: The Favor (Episode 11),2022-04-11 04:28:06,1312,Device Type 0
User 4,Brooklyn Nine-Nine: Season 5: Game Night (Episode 10),2022-04-11 04:04:59,1283,Device Type 0
User 4,Brooklyn Nine-Nine: Season 5: 99 (Episode 9),2022-04-11 03:47:34,1029,Device Type 0
User 4,Brooklyn Nine-Nine: Season 5: 99 (Episode 9),2022-04-11 03:42:29,270,Device Type 0
User 4,Brooklyn Nine-Nine: Season 5: Return to Skyfire (Episode 8),2022-04-11 03:21:04,1285,Device Type 0
User 4,Brooklyn Nine-Nine: Season 5: Two Turkeys (Episode 7),2022-04-11 03:04:54,893,Device Type 0
User 4,Brooklyn Nine-Nine: Season 5: Two Turkeys (Episode 7),2022-04-10 21:12:46,406,Device Type 0
User 4,Brooklyn Nine-Nine: Season 5: The Venue (Episode 6),2022-04-10 20:52:32,1213,Device Type 0
User 4,Brooklyn Nine-Nine: Season 5: HalloVeen (Episode 4),2022-04-10 20:31:23,1262,Device Type 0
User 4,Brooklyn Nine-Nine: Season 5: The Venue (Episode 6),2022-04-10 20:29:58,73,Device Type 0
User 4,Brooklyn Nine-Nine: Season 5: Bad Beat (Episode 5),2022-04-10 20:08:19,1298,Device Type 0
User 4,Brooklyn Nine-Nine: Season 5: HalloVeen (Episode 4),2022-04-10 19:47:01,1277,Device Type 0
User 4,Brooklyn Nine-Nine: Season 5: Kicks (Episode 3),2022-04-10 19:25:29,1292,Device Type 0
User 4,"Brooklyn Nine-Nine: Season 5: The Big House, Pt. 2 (Episode 2)",2022-04-10 18:47:34,1324,Device Type 0
User 4,"Brooklyn Nine-Nine: Season 5: The Big House, Pt. 1 (Episode 1)",2022-04-10 18:45:31,122,Device Type 0
User 4,"Brooklyn Nine-Nine: Season 5: The Big House, Pt. 1 (Episode 1)",2022-04-10 18:26:26,1055,Device Type 0
User 4,"Brooklyn Nine-Nine: Season 5: The Big House, Pt. 1 (Episode 1)",2022-04-10 18:00:51,115,Device Type 0
User 4,Brooklyn Nine-Nine: Season 4: Crime & Punishment (Episode 22),2022-04-10 17:39:42,1268,Device Type 0
User 4,Brooklyn Nine-Nine: Season 4: The Bank Job (Episode 21),2022-04-10 17:22:27,1014,Device Type 0
User 4,Brooklyn Nine-Nine: Season 4: The Bank Job (Episode 21),2022-04-10 16:56:03,263,Device Type 0
User 4,Brooklyn Nine-Nine: Season 4: The Slaughterhouse (Episode 20),2022-04-10 16:55:58,4,Device Type 0
User 4,Brooklyn Nine-Nine: Season 4: The Slaughterhouse (Episode 20),2022-04-10 16:34:08,1283,Device Type 0
User 4,Brooklyn Nine-Nine: Season 4: Your Honor (Episode 19),2022-04-10 16:17:34,993,Device Type 0
User 4,Brooklyn Nine-Nine: Season 4: Your Honor (Episode 19),2022-04-10 15:49:57,302,Device Type 0
User 4,Brooklyn Nine-Nine: Season 4: Chasing Amy (Episode 18),2022-04-10 15:21:06,1290,Device Type 0
User 4,Brooklyn Nine-Nine: Season 4: Cop-Con (Episode 17),2022-04-10 15:11:37,568,Device Type 0
User 4,Brooklyn Nine-Nine: Season 4: Cop-Con (Episode 17),2022-04-10 14:49:33,736,Device Type 0
User 4,Brooklyn Nine-Nine: Season 4: Moo Moo (Episode 16),2022-04-10 14:44:09,323,Device Type 0
User 4,Brooklyn Nine-Nine: Season 4: Moo Moo (Episode 16),2022-04-10 14:16:26,936,Device Type 0
User 4,Brooklyn Nine-Nine: Season 4: The Last Ride (Episode 15),2022-04-10 13:53:30,1298,Device Type 0
User 4,Brooklyn Nine-Nine: Season 4: Serve & Protect (Episode 14),2022-04-10 13:39:38,832,Device Type 0
User 4,Brooklyn Nine-Nine: Season 4: Serve & Protect (Episode 14),2022-04-10 13:12:07,463,Device Type 0
User 4,Brooklyn Nine-Nine: Season 4: The Audit (Episode 13),2022-04-10 12:47:55,1300,Device Type 0
User 4,Brooklyn Nine-Nine: Season 4: The Fugitive: Part 2 (Episode 12),2022-04-10 12:25:57,1317,Device Type 0
User 4,Brooklyn Nine-Nine: Season 4: The Fugitive: Part 1 (Episode 11),2022-04-10 12:00:56,1205,Device Type 0
User 4,Brooklyn Nine-Nine: Season 4: Captain Latvia (Episode 10),2022-04-10 11:39:22,1283,Device Type 0
User 4,Brooklyn Nine-Nine: Season 4: The Overmining (Episode 9),2022-04-10 11:17:44,1297,Device Type 0
User 4,Brooklyn Nine-Nine: Season 4: Skyfire Cycle (Episode 8),2022-04-10 10:44:52,1285,Device Type 0
User 4,Brooklyn Nine-Nine: Season 4: Mr. Santiago (Episode 7),2022-04-10 10:23:17,1257,Device Type 0
User 4,Brooklyn Nine-Nine: Season 4: Mr. Santiago (Episode 7),2022-04-10 09:33:05,40,Device Type 0
User 4,Brooklyn Nine-Nine: Season 4: Monster in the Closet (Episode 6),2022-04-10 09:11:21,1267,Device Type 0
User 4,Brooklyn Nine-Nine: Season 4: Halloween IV (Episode 5),2022-04-10 08:56:39,877,Device Type 0
User 4,Brooklyn Nine-Nine: Season 4: Halloween IV (Episode 5),2022-04-10 08:06:39,840,Device Type 0
User 4,Brooklyn Nine-Nine: Season 4: The Night Shift (Episode 4),2022-04-10 07:26:26,1275,Device Type 0
User 4,Brooklyn Nine-Nine: Season 4: Coral Palms: Part 3 (Episode 3),2022-04-10 07:05:30,1255,Device Type 0
User 4,Brooklyn Nine-Nine: Season 4: Coral Palms: Part 2 (Episode 2),2022-04-10 06:44:03,1282,Device Type 0
User 4,Brooklyn Nine-Nine: Season 4: Coral Palms: Part 1 (Episode 1),2022-04-10 06:20:28,948,Device Type 0
User 4,Night Drive,2022-04-10 05:26:29,3166,Device Type 0
User 4,Night Drive,2022-04-10 04:21:54,3525,Device Type 0
User 4,Brooklyn Nine-Nine: Season 4: Coral Palms: Part 1 (Episode 1),2022-04-10 00:09:05,331,Device Type 0
User 4,Brooklyn Nine-Nine: Season 3: Greg and Larry (Episode 23),2022-04-10 00:01:40,442,Device Type 0
User 4,Brooklyn Nine-Nine: Season 4: The Night Shift (Episode 4),2022-04-10 00:01:24,3,Device Type 0
User 4,Brooklyn Nine-Nine: Season 4: The Night Shift (Episode 4),2022-04-09 21:03:13,137,Device Type 0
User 4,Brooklyn Nine-Nine: Season 4: Coral Palms: Part 3 (Episode 3),2022-04-09 20:42:18,1255,Device Type 0
User 4,Brooklyn Nine-Nine: Season 4: Coral Palms: Part 2 (Episode 2),2022-04-09 20:20:41,1296,Device Type 0
User 4,Brooklyn Nine-Nine: Season 4: Coral Palms: Part 1 (Episode 1),2022-04-09 19:59:04,1296,Device Type 0
User 4,Brooklyn Nine-Nine: Season 3: Greg and Larry (Episode 23),2022-04-09 19:37:17,1305,Device Type 0
User 4,Brooklyn Nine-Nine: Season 4: Coral Palms: Part 1 (Episode 1),2022-04-09 19:36:54,12,Device Type 0
User 4,Brooklyn Nine-Nine: Season 3: Greg and Larry (Episode 23),2022-04-09 19:36:52,1,Device Type 0
User 4,Brooklyn Nine-Nine: Season 3: The Bureau (Episode 22),2022-04-09 19:14:16,1298,Device Type 0
User 4,Brooklyn Nine-Nine: Season 3: Maximum Security (Episode 21),2022-04-09 18:49:33,1477,Device Type 0
User 4,Brooklyn Nine-Nine: Season 3: Paranoia (Episode 20),2022-04-09 18:28:26,1266,Device Type 0
User 4,Brooklyn Nine-Nine: Season 3: Terry Kitties (Episode 19),2022-04-09 18:13:18,867,Device Type 0
User 4,Brooklyn Nine-Nine: Season 3: Terry Kitties (Episode 19),2022-04-09 17:58:33,431,Device Type 0
User 4,Brooklyn Nine-Nine: Season 3: Cheddar (Episode 18),2022-04-09 17:34:35,1285,Device Type 0
User 4,Brooklyn Nine-Nine: Season 3: Adrian Pimento (Episode 17),2022-04-09 17:25:56,519,Device Type 0
User 4,Thunder Force,2022-04-09 17:25:42,3,Device Type 0
User 4,Brooklyn Nine-Nine: Season 3: Adrian Pimento (Episode 17),2022-04-09 16:50:16,746,Device Type 0
User 4,Brooklyn Nine-Nine: Season 3: House Mouses (Episode 16),2022-04-09 16:33:39,995,Device Type 0
User 4,Brooklyn Nine-Nine: Season 3: House Mouses (Episode 16),2022-04-09 15:40:22,340,Device Type 0
User 4,Brooklyn Nine-Nine: Season 3: The 9-8 (Episode 15),2022-04-09 15:39:23,56,Device Type 0
User 4,Brooklyn Nine-Nine: Season 3: The 9-8 (Episode 15),2022-04-09 15:21:56,973,Device Type 0
User 4,Brooklyn Nine-Nine: Season 3: The 9-8 (Episode 15),2022-04-09 14:23:17,355,Device Type 0
User 4,Brooklyn Nine-Nine: Season 3: Karen Peralta (Episode 14),2022-04-09 14:22:44,32,Device Type 0
User 4,Brooklyn Nine-Nine: Season 3: The Cruise (Episode 13),2022-04-09 14:22:35,7,Device Type 0
User 4,Brooklyn Nine-Nine: Season 3: Karen Peralta (Episode 14),2022-04-09 12:55:34,2103,Device Type 0
User 4,Brooklyn Nine-Nine: Season 3: The Cruise (Episode 13),2022-04-09 12:46:03,542,Device Type 0
User 4,Brooklyn Nine-Nine: Season 3: The Cruise (Episode 13),2022-04-09 11:21:55,146,Device Type 0
User 4,DEATH NOTE: Death Note: New World (Episode 37),2022-04-09 08:17:41,1200,Device Type 5
User 4,DEATH NOTE: Death Note: 1.28 (Episode 36),2022-04-09 07:58:34,1142,Device Type 5
User 4,DEATH NOTE: Death Note: Malice (Episode 35),2022-04-09 07:53:58,271,Device Type 5
User 4,Brooklyn Nine-Nine: Season 3: The Cruise (Episode 13),2022-04-09 06:39:02,606,Device Type 0
User 4,Brooklyn Nine-Nine: Season 3: 9 Days (Episode 12),2022-04-09 06:17:21,1297,Device Type 0
User 4,Brooklyn Nine-Nine: Season 3: Hostage Situation (Episode 11),2022-04-09 05:53:31,1251,Device Type 0
User 4,Brooklyn Nine-Nine: Season 3: Yippie Kayak (Episode 10),2022-04-09 05:21:05,1261,Device Type 0
User 4,Brooklyn Nine-Nine: Season 3: The Swedes (Episode 9),2022-04-09 04:43:17,1281,Device Type 0
User 4,DEATH NOTE: Death Note: Malice (Episode 35),2022-04-09 04:25:10,935,Device Type 5
User 4,Brooklyn Nine-Nine: Season 3: Ava (Episode 8),2022-04-09 04:22:23,1248,Device Type 0
User 4,DEATH NOTE: Death Note: Vigilance (Episode 34),2022-04-09 04:21:08,237,Device Type 5
User 4,Queen of the South: Season 1_hook_primary_16x9,2022-04-09 04:20:23,18,Device Type 5
User 4,Brooklyn Nine-Nine: Season 3: The Mattress (Episode 7),2022-04-09 03:58:38,1422,Device Type 0
User 4,Brooklyn Nine-Nine: Season 3: Into the Woods (Episode 6),2022-04-09 03:55:08,208,Device Type 0
User 4,Brooklyn Nine-Nine: Season 3: Halloween Part III (Episode 5),2022-04-09 03:47:24,443,Device Type 0
User 4,Brooklyn Nine-Nine: Season 3: Halloween Part III (Episode 5),2022-04-08 22:23:25,855,Device Type 0
User 4,Brooklyn Nine-Nine: Season 3: The Oolong Slayer (Episode 4),2022-04-08 22:15:37,465,Device Type 0
User 4,Brooklyn Nine-Nine: Season 3: The Mattress (Episode 7),2022-04-08 22:13:59,88,Device Type 0
User 4,Brooklyn Nine-Nine: Season 3: Into the Woods (Episode 6),2022-04-08 21:52:17,1296,Device Type 0
User 4,Brooklyn Nine-Nine: Season 3: Halloween Part III (Episode 5),2022-04-08 21:30:35,1298,Device Type 0
User 4,Brooklyn Nine-Nine: Season 3: The Oolong Slayer (Episode 4),2022-04-08 21:09:26,1268,Device Type 0
User 4,Brooklyn Nine-Nine: Season 3: Boyle's Hunch (Episode 3),2022-04-08 20:48:03,900,Device Type 0
User 4,Brooklyn Nine-Nine: Season 3: Boyle's Hunch (Episode 3),2022-04-08 20:39:51,386,Device Type 0
User 4,Brooklyn Nine-Nine: Season 3: The Funeral (Episode 2),2022-04-08 20:32:47,367,Device Type 0
User 4,Brooklyn Nine-Nine: Season 3: The Oolong Slayer (Episode 4),2022-04-08 20:32:29,6,Device Type 0
User 4,Brooklyn Nine-Nine: Season 3: The Oolong Slayer (Episode 4),2022-04-08 19:57:52,420,Device Type 0
User 4,Brooklyn Nine-Nine: Season 3: Boyle's Hunch (Episode 3),2022-04-08 19:36:25,1287,Device Type 0
User 4,Brooklyn Nine-Nine: Season 3: The Funeral (Episode 2),2022-04-08 19:12:29,1295,Device Type 0
User 4,Geostorm,2022-04-08 18:29:27,1961,Device Type 0
User 4,Geostorm,2022-04-08 17:39:20,62,Device Type 0
User 4,Geostorm,2022-04-08 16:44:24,2310,Device Type 0
User 4,Geostorm,2022-04-08 15:30:37,1891,Device Type 0
User 4,DEATH NOTE: Death Note: Vigilance (Episode 34),2022-04-08 15:16:02,1049,Device Type 5
User 4,DEATH NOTE: Death Note: Scorn (Episode 33),2022-04-08 14:55:55,1199,Device Type 5
User 4,DEATH NOTE: Death Note: Selection (Episode 32),2022-04-08 14:53:23,148,Device Type 5
User 4,Brooklyn Nine-Nine: Season 3: New Captain (Episode 1),2022-04-08 14:47:40,1282,Device Type 0
User 4,Brooklyn Nine-Nine: Season 2: Johnny and Dora (Episode 23),2022-04-08 14:45:31,128,Device Type 0
User 4,Brooklyn Nine-Nine: Season 2: Johnny and Dora (Episode 23),2022-04-08 14:26:54,483,Device Type 0
User 4,Brooklyn Nine-Nine: Season 2: Johnny and Dora (Episode 23),2022-04-08 14:09:46,437,Device Type 0
User 4,Brooklyn Nine-Nine: Season 2: Johnny and Dora (Episode 23),2022-04-08 13:56:57,248,Device Type 0
User 4,Brooklyn Nine-Nine: Season 2: The Chopper (Episode 22),2022-04-08 13:36:28,759,Device Type 0
User 4,Brooklyn Nine-Nine: Season 2: The Chopper (Episode 22),2022-04-08 11:53:18,522,Device Type 0
User 4,Brooklyn Nine-Nine: Season 2: Det. Dave Majors (Episode 21),2022-04-08 11:49:29,229,Device Type 0
User 4,Brooklyn Nine-Nine: Season 2: Det. Dave Majors (Episode 21),2022-04-08 11:29:58,1050,Device Type 0
User 4,Brooklyn Nine-Nine: Season 2: Det. Dave Majors (Episode 21),2022-04-08 11:08:03,4,Device Type 0
User 4,Brooklyn Nine-Nine: Season 2: AC/DC (Episode 20),2022-04-08 10:52:12,951,Device Type 0
User 4,DEATH NOTE: Death Note: Selection (Episode 32),2022-04-08 08:20:53,1061,Device Type 5
User 4,Genre Specific Moment Clip: The In Between,2022-04-08 08:20:27,7,Device Type 5
User 4,Brooklyn Nine-Nine: Season 2: AC/DC (Episode 20),2022-04-08 05:31:36,377,Device Type 0
User 4,Brooklyn Nine-Nine: Season 2: Sabotage (Episode 19),2022-04-08 05:10:29,1267,Device Type 0
User 4,Brooklyn Nine-Nine: Season 2: Captain Peralta (Episode 18),2022-04-08 04:45:40,1309,Device Type 0
User 4,Brooklyn Nine-Nine: Season 2: Boyle-Linetti Wedding (Episode 17),2022-04-08 04:23:07,1289,Device Type 0
User 4,Brooklyn Nine-Nine: Season 2: The Wednesday Incident (Episode 16),2022-04-08 04:08:27,879,Device Type 0
User 4,Brooklyn Nine-Nine: Season 2: The Wednesday Incident (Episode 16),2022-04-08 04:01:14,423,Device Type 0
User 4,DEATH NOTE: Death Note: Transfer (Episode 31),2022-04-08 03:56:59,1031,Device Type 5
User 4,Brooklyn Nine-Nine: Season 2: Windbreaker City (Episode 15),2022-04-08 03:39:10,1282,Device Type 0
User 4,DEATH NOTE: Death Note: Justice (Episode 30),2022-04-08 03:32:51,1207,Device Type 5
User 4,DEATH NOTE: Death Note: Father (Episode 29),2022-04-08 03:25:14,453,Device Type 5
User 4,Brooklyn Nine-Nine: Season 2: The Defense Rests (Episode 14),2022-04-08 03:18:54,1215,Device Type 0
User 4,Brooklyn Nine-Nine: Season 2: The Defense Rests (Episode 14),2022-04-08 00:34:24,68,Device Type 0
User 4,Brooklyn Nine-Nine: Season 2: Payback (Episode 13),2022-04-08 00:17:18,1008,Device Type 0
User 4,Brooklyn Nine-Nine: Season 2: Payback (Episode 13),2022-04-07 22:11:31,300,Device Type 0
User 4,Brooklyn Nine-Nine: Season 2: Beach House (Episode 12),2022-04-07 21:49:51,1299,Device Type 0
User 4,Brooklyn Nine-Nine: Season 2: Stakeout (Episode 11),2022-04-07 21:28:11,1300,Device Type 0
User 4,Brooklyn Nine-Nine: Season 2: The Pontiac Bandit Returns (Episode 10),2022-04-07 21:06:31,1299,Device Type 0
User 4,Brooklyn Nine-Nine: Season 2: The Road Trip (Episode 9),2022-04-07 20:44:51,1299,Device Type 0
User 4,Brooklyn Nine-Nine: Season 2: USPIS (Episode 8),2022-04-07 20:23:33,1277,Device Type 0
User 4,Brooklyn Nine-Nine: Season 2: Lockdown (Episode 7),2022-04-07 20:12:06,655,Device Type 0
User 4,Etharkkum Thunindhavan,2022-04-07 19:10:12,3699,Device Type 0
User 4,Etharkkum Thunindhavan,2022-04-07 15:43:27,5065,Device Type 0
User 4,Etharkkum Thunindhavan (Telugu),2022-04-07 15:43:03,2,Device Type 0
User 4,Brooklyn Nine-Nine: Season 2: Lockdown (Episode 7),2022-04-07 15:32:32,623,Device Type 0
User 4,DEATH NOTE: Death Note: Father (Episode 29),2022-04-07 15:07:36,829,Device Type 5
User 4,Brooklyn Nine-Nine: Season 2: Jake and Sophia (Episode 6),2022-04-07 15:01:38,1302,Device Type 0
User 4,DEATH NOTE: Death Note: Impatience (Episode 28),2022-04-07 14:47:47,1184,Device Type 5
User 4,DEATH NOTE: Death Note: Abduction (Episode 27),2022-04-07 14:44:42,182,Device Type 5
User 4,Brooklyn Nine-Nine: Season 2: The Mole (Episode 5),2022-04-07 14:43:47,1070,Device Type 0
User 4,Brooklyn Nine-Nine: Season 2: The Mole (Episode 5),2022-04-07 14:28:56,213,Device Type 0
User 4,Brooklyn Nine-Nine: Season 2: Halloween II (Episode 4),2022-04-07 14:07:36,1279,Device Type 0
User 4,Brooklyn Nine-Nine: Season 2: The Jimmy Jab Games (Episode 3),2022-04-07 14:03:17,246,Device Type 0
User 4,DEATH NOTE: Death Note: Abduction (Episode 27),2022-04-07 08:32:44,1033,Device Type 5
User 4,DEATH NOTE: Death Note: Renewal (Episode 26),2022-04-07 08:20:30,730,Device Type 5
User 4,Dasvi,2022-04-07 06:43:51,2972,Device Type 0
User 4,Dasvi,2022-04-07 06:02:42,109,Device Type 0
User 4,Dasvi,2022-04-07 05:00:25,2515,Device Type 0
User 4,DEATH NOTE: Death Note: Renewal (Episode 26),2022-04-07 04:39:57,480,Device Type 5
User 4,DEATH NOTE: Death Note: Silence (Episode 25),2022-04-07 04:30:02,565,Device Type 5
User 4,Dasvi,2022-04-07 04:26:12,1867,Device Type 0
User 4,Brooklyn Nine-Nine: Season 2: The Jimmy Jab Games (Episode 3),2022-04-07 04:06:18,1123,Device Type 0
User 4,Brooklyn Nine-Nine: Season 2: Chocolate Milk (Episode 2),2022-04-07 03:16:33,2610,Device Type 0
User 4,Brooklyn Nine-Nine: Season 2: Undercover (Episode 1),2022-04-07 02:54:59,1293,Device Type 0
User 4,Brooklyn Nine-Nine: Season 2: Undercover (Episode 1),2022-04-06 23:28:42,7,Device Type 0
User 4,Brooklyn Nine-Nine: Season 1: Charges and Specs (Episode 22),2022-04-06 23:10:16,1106,Device Type 0
User 4,Brooklyn Nine-Nine: Season 2: Undercover (Episode 1),2022-04-06 23:09:49,7,Device Type 0
User 4,Brooklyn Nine-Nine: Season 1: Charges and Specs (Episode 22),2022-04-06 23:09:40,1,Device Type 0
User 4,Brooklyn Nine-Nine: Season 1: Charges and Specs (Episode 22),2022-04-06 20:23:05,178,Device Type 0
User 4,Brooklyn Nine-Nine: Season 1: Unsolvable (Episode 21),2022-04-06 20:01:30,1294,Device Type 0
User 4,Brooklyn Nine-Nine: Season 1: Fancy Brudgom (Episode 20),2022-04-06 19:40:15,1275,Device Type 0
User 4,Brooklyn Nine-Nine: Season 1: Tactical Village (Episode 19),2022-04-06 19:12:45,1477,Device Type 0
User 4,Brooklyn Nine-Nine: Season 1: The Apartment (Episode 18),2022-04-06 18:56:12,915,Device Type 0
User 4,Brooklyn Nine-Nine: Season 1: The Apartment (Episode 18),2022-04-06 18:48:45,386,Device Type 0
User 4,Brooklyn Nine-Nine: Season 1: Full Boyle (Episode 17),2022-04-06 18:26:46,1291,Device Type 0
User 4,Brooklyn Nine-Nine: Season 1: The Party (Episode 16),2022-04-06 18:05:38,1267,Device Type 0
User 4,Brooklyn Nine-Nine: Season 1: Operation: Broken Feather (Episode 15),2022-04-06 18:05:30,4,Device Type 0
User 4,Brooklyn Nine-Nine: Season 1: Operation: Broken Feather (Episode 15),2022-04-06 17:44:17,1013,Device Type 0
User 4,Brooklyn Nine-Nine: Season 1: Operation: Broken Feather (Episode 15),2022-04-06 17:39:11,299,Device Type 0
User 4,Brooklyn Nine-Nine: Season 1: The Ebony Falcon (Episode 14),2022-04-06 17:05:24,1290,Device Type 0
User 4,Brooklyn Nine-Nine: Season 1: The Bet (Episode 13),2022-04-06 16:54:13,670,Device Type 0
User 4,Brooklyn Nine-Nine: Season 1: The Bet (Episode 13),2022-04-06 16:23:16,393,Device Type 0
User 4,Brooklyn Nine-Nine: Season 1_hook_primary_16x9,2022-04-06 16:23:07,4,Device Type 0
User 4,Brooklyn Nine-Nine: Season 1: The Bet (Episode 13),2022-04-06 16:18:24,240,Device Type 0
User 4,Brooklyn Nine-Nine: Season 1: Pontiac Bandit (Episode 12),2022-04-06 16:18:19,4,Device Type 0
User 4,Brooklyn Nine-Nine: Season 1: Pontiac Bandit (Episode 12),2022-04-06 15:53:19,1343,Device Type 0
User 4,Brooklyn Nine-Nine: Season 1: Christmas (Episode 11),2022-04-06 15:31:40,1298,Device Type 0
User 4,Brooklyn Nine-Nine: Season 1: Thanksgiving (Episode 10),2022-04-06 15:23:00,519,Device Type 0
User 4,Brooklyn Nine-Nine: Season 1: Thanksgiving (Episode 10),2022-04-06 15:13:36,511,Device Type 0
User 4,Brooklyn Nine-Nine: Season 1: Sal's Pizza (Episode 9),2022-04-06 15:13:33,1,Device Type 0
User 4,Brooklyn Nine-Nine: Season 1: Old School (Episode 8),2022-04-06 15:13:29,3,Device Type 0
User 4,Brooklyn Nine-Nine: Season 1: 48 Hours (Episode 7),2022-04-06 14:47:40,1289,Device Type 0
User 4,Brooklyn Nine-Nine: Season 1: Halloween (Episode 6),2022-04-06 14:22:17,1292,Device Type 0
User 4,Brooklyn Nine-Nine: Season 1: The Vulture (Episode 5),2022-04-06 14:00:51,1285,Device Type 0
User 4,Brooklyn Nine-Nine: Season 1: M.E. Time (Episode 4),2022-04-06 13:46:53,836,Device Type 0
User 4,Brooklyn Nine-Nine: Season 1: The Vulture (Episode 5),2022-04-06 13:40:34,373,Device Type 0
User 4,Brooklyn Nine-Nine: Season 1: M.E. Time (Episode 4),2022-04-06 13:19:25,1269,Device Type 0
User 4,Brooklyn Nine-Nine: Season 1: Thanksgiving (Episode 10),2022-04-06 13:19:13,5,Device Type 0
User 4,Brooklyn Nine-Nine: Season 1: M.E. Time (Episode 4),2022-04-06 12:44:13,17,Device Type 0
User 4,Brooklyn Nine-Nine: Season 1: Thanksgiving (Episode 10),2022-04-06 12:39:59,241,Device Type 0
User 4,Brooklyn Nine-Nine: Season 1: Thanksgiving (Episode 10),2022-04-06 11:44:47,47,Device Type 0
User 4,Brooklyn Nine-Nine: Season 1: Sal's Pizza (Episode 9),2022-04-06 11:35:41,545,Device Type 0
User 4,DEATH NOTE: Death Note: Silence (Episode 25),2022-04-06 06:33:36,788,Device Type 5
User 4,Brooklyn Nine-Nine: Season 1: Sal's Pizza (Episode 9),2022-04-06 04:47:33,810,Device Type 0
User 4,DEATH NOTE: Death Note: Revival (Episode 24),2022-04-06 04:17:00,1210,Device Type 5
User 4,Fate: The Winx Saga: Season 1 (CUF Trailer ),2022-04-06 04:16:13,36,Device Type 5
User 4,Brooklyn Nine-Nine: Season 1: Old School (Episode 8),2022-04-06 04:13:45,1294,Device Type 0
User 4,Brooklyn Nine-Nine: Season 1: 48 Hours (Episode 7),2022-04-06 03:52:11,1293,Device Type 0
User 4,Brooklyn Nine-Nine: Season 1: Halloween (Episode 6),2022-04-06 03:30:31,1299,Device Type 0
User 4,Brooklyn Nine-Nine: Season 1: The Vulture (Episode 5),2022-04-06 03:08:54,1297,Device Type 0
User 4,Brooklyn Nine-Nine: Season 1: M.E. Time (Episode 4),2022-04-06 02:47:34,1278,Device Type 0
User 4,Brooklyn Nine-Nine: Season 1: M.E. Time (Episode 4),2022-04-05 21:15:05,10,Device Type 0
User 4,Brooklyn Nine-Nine: Season 1: The Slump (Episode 3),2022-04-05 20:53:24,1300,Device Type 0
User 4,Brooklyn Nine-Nine: Season 1: The Tagger (Episode 2),2022-04-05 20:32:28,1256,Device Type 0
User 4,Brooklyn Nine-Nine: Season 1: Pilot (Episode 1),2022-04-05 20:19:31,776,Device Type 0
User 4,Brooklyn Nine-Nine: Season 1: Pilot (Episode 1),2022-04-05 19:52:19,586,Device Type 0
User 4,Men in Black International_hook_primary_16x9,2022-04-05 19:49:07,62,Device Type 0
User 4,Space Force: Season 2: THE HACK (Episode 7),2022-04-05 19:22:22,1602,Device Type 0
User 4,Space Force: Season 2: THE DOCTOR'S APPOINTMENT (Episode 6),2022-04-05 18:36:48,1518,Device Type 0
User 4,Space Force: Season 2: MAD (BUFF) CONFIDENCE (Episode 5),2022-04-05 18:08:29,1311,Device Type 0
User 4,Space Force: Season 2: THE EUROPA PROJECT (Episode 4),2022-04-05 17:48:34,1154,Device Type 0
User 4,Space Force: Season 2: THE EUROPA PROJECT (Episode 4),2022-04-05 17:41:38,403,Device Type 0
User 4,Space Force: Season 2: THE CHINESE DELEGATION (Episode 3),2022-04-05 17:15:18,1527,Device Type 0
User 4,Space Force: Season 2: BUDGET CUTS (Episode 2),2022-04-05 17:09:11,367,Device Type 0
User 4,Space Force: Season 2: BUDGET CUTS (Episode 2),2022-04-05 17:06:53,91,Device Type 0
User 4,Space Force: Season 2: BUDGET CUTS (Episode 2),2022-04-05 16:41:49,1154,Device Type 0
User 4,Space Force: Season 2: THE INQUIRY (Episode 1),2022-04-05 16:25:32,976,Device Type 0
User 4,Space Force: Season 2: THE INQUIRY (Episode 1),2022-04-05 16:12:39,512,Device Type 0
User 4,DEATH NOTE: Death Note: Frenzy (Episode 23),2022-04-05 15:55:32,1154,Device Type 5
User 4,DEATH NOTE: Death Note: Guidance (Episode 22),2022-04-05 15:41:00,838,Device Type 5
User 4,DEATH NOTE: Death Note: Guidance (Episode 22),2022-04-05 15:27:48,364,Device Type 5
User 4,Space Force: Season 1: PROPORTIONATE RESPONSE (Episode 10),2022-04-05 15:24:55,1999,Device Type 0
User 4,DEATH NOTE: Death Note: Performance (Episode 21),2022-04-05 15:12:12,821,Device Type 5
User 4,DEATH NOTE: Death Note: Performance (Episode 21),2022-04-05 14:49:10,421,Device Type 5
User 4,Space Force: Season 1: IT’S GOOD TO BE BACK ON THE MOON (Episode 9),2022-04-05 14:48:34,1984,Device Type 0
User 4,13 Hours: The Secret Soldiers of Benghazi_hook_primary_16x9,2022-04-05 14:48:20,31,Device Type 5
User 4,Space Force: Season 1: CONJUGAL VISIT (Episode 8),2022-04-05 14:44:08,265,Device Type 0
User 4,Space Force: Season 1: CONJUGAL VISIT (Episode 8),2022-04-05 14:09:51,884,Device Type 0
User 4,Space Force: Season 1: IT’S GOOD TO BE BACK ON THE MOON (Episode 9),2022-04-05 14:09:43,5,Device Type 0
User 4,Space Force: Season 1: CONJUGAL VISIT (Episode 8),2022-04-05 13:13:53,1920,Device Type 0
User 4,Space Force: Season 1: EDISON JAYMES (Episode 7),2022-04-05 12:47:01,1542,Device Type 0
User 4,Space Force: Season 1: THE SPY (Episode 6),2022-04-05 12:43:08,215,Device Type 0
User 4,Space Force: Season 1: THE SPY (Episode 6),2022-04-05 04:54:56,471,Device Type 0
User 4,Space Force: Season 1: THE SPY (Episode 6),2022-04-05 04:48:42,330,Device Type 0
User 4,Space Force: Season 1: THE SPY (Episode 6),2022-04-05 04:31:06,901,Device Type 0
User 4,Space Force: Season 1: SPACE FLAG (Episode 5),2022-04-05 03:58:47,1571,Device Type 0
User 4,Space Force: Season 1: SPACE FLAG (Episode 5),2022-04-05 03:56:53,68,Device Type 0
User 4,Space Force: Season 1: LUNAR HABITAT (Episode 4),2022-04-05 03:25:53,1858,Device Type 0
User 4,Space Force: Season 1: MARK AND MALLORY GO TO WASHINGTON (Episode 3),2022-04-05 03:14:01,712,Device Type 0
User 4,Space Force: Season 1: MARK AND MALLORY GO TO WASHINGTON (Episode 3),2022-04-04 22:25:53,935,Device Type 0
User 4,Space Force: Season 1: SAVE EPSILON 6! (Episode 2),2022-04-04 21:56:26,1766,Device Type 0
User 4,Space Force: Season 1: THE LAUNCH (Episode 1),2022-04-04 21:21:47,2078,Device Type 0
User 4,Travelers: Season 3: Yates (Episode 2),2022-04-04 20:51:03,1082,Device Type 0
User 4,Travelers: Season 3: Ilsa (Episode 1),2022-04-04 20:06:54,2648,Device Type 0
User 4,Travelers: Season 2: 001 (Episode 12),2022-04-04 19:22:02,2628,Device Type 0
User 4,Travelers: Season 2: Simon (Episode 11),2022-04-04 18:51:33,1658,Device Type 0
User 4,Travelers: Season 2: Simon (Episode 11),2022-04-04 18:49:27,123,Device Type 0
User 4,Travelers: Season 2: Simon (Episode 11),2022-04-04 18:05:50,827,Device Type 0
User 4,Travelers: Season 2: 21C (Episode 10),2022-04-04 17:58:21,448,Device Type 0
User 4,DEATH NOTE: Death Note: Makeshift (Episode 20),2022-04-04 15:37:08,1199,Device Type 5
User 4,Travelers: Season 2: 21C (Episode 10),2022-04-04 15:35:29,1572,Device Type 0
User 4,Travelers: Season 2: 21C (Episode 10),2022-04-04 15:18:57,662,Device Type 0
User 4,DEATH NOTE: Death Note: Matsuda (Episode 19),2022-04-04 15:12:20,1205,Device Type 5
User 4,DEATH NOTE: Death Note: Ally (Episode 18),2022-04-04 14:52:10,1207,Device Type 5
User 4,DEATH NOTE: Death Note: Execution (Episode 17),2022-04-04 14:46:27,340,Device Type 5
User 4,Travelers: Season 2: Update (Episode 9),2022-04-04 14:45:24,1664,Device Type 0
User 4,Travelers: Season 2: Update (Episode 9),2022-04-04 14:07:07,943,Device Type 0
User 4,Travelers: Season 2: Traveler 0027 (Episode 8),2022-04-04 13:52:02,904,Device Type 0
User 4,DEATH NOTE: Death Note: Execution (Episode 17),2022-04-04 08:16:15,934,Device Type 5
User 4,DEATH NOTE: Death Note: Decision (Episode 16),2022-04-04 08:06:29,584,Device Type 5
User 4,Death Note_hook_primary_16x9,2022-04-04 08:06:15,9,Device Type 5
User 4,Bad Boys_hook_primary_16x9,2022-04-04 08:06:02,5,Device Type 5
User 4,DEATH NOTE: Death Note: Decision (Episode 16),2022-04-04 04:36:23,627,Device Type 5
User 4,Travelers: Season 2: Traveler 0027 (Episode 8),2022-04-04 04:33:51,1695,Device Type 0
User 4,DEATH NOTE: Death Note: Wager (Episode 15),2022-04-04 04:18:45,1053,Device Type 5
User 4,Travelers: Season 2: 17 Minutes (Episode 7),2022-04-04 03:50:07,2623,Device Type 0
User 4,Travelers: Season 2: U235 (Episode 6),2022-04-04 03:14:37,2130,Device Type 0
User 4,Travelers: Season 2: U235 (Episode 6),2022-04-03 17:04:11,521,Device Type 0
User 4,Travelers: Season 2: Jenny (Episode 5),2022-04-03 16:12:11,2419,Device Type 0
User 4,Travelers: Season 2: Jenny (Episode 5),2022-04-03 15:55:30,199,Device Type 0
User 4,Travelers: Season 2: 11:27 (Episode 4),2022-04-03 15:55:28,1,Device Type 0
User 4,Travelers: Season 2: 11:27 (Episode 4),2022-04-03 15:09:04,2559,Device Type 0
User 4,Travelers: Season 2: 11:27 (Episode 4),2022-04-03 15:08:00,48,Device Type 0
User 4,Travelers: Season 2: Jacob (Episode 3),2022-04-03 15:06:54,65,Device Type 0
User 4,DEATH NOTE: Death Note: Wager (Episode 15),2022-04-03 15:01:33,219,Device Type 5
User 4,DEATH NOTE: Death Note: Friend (Episode 14),2022-04-03 14:52:04,564,Device Type 5
User 4,Glitch (Trailer),2022-04-03 14:51:31,4,Device Type 5
User 4,Travelers: Season 2: Jacob (Episode 3),2022-04-03 13:40:27,2556,Device Type 0
User 4,Travelers: Season 2: PROTOCOL 4 (Episode 2),2022-04-03 12:54:02,2500,Device Type 0
User 4,Travelers: Season 2: PROTOCOL 4 (Episode 2),2022-04-03 12:24:40,149,Device Type 0
User 4,Travelers: Season 2: Ave Machina (Episode 1),2022-04-03 11:33:21,2657,Device Type 0
User 4,Travelers: Season 1: Grace (Episode 12),2022-04-03 11:14:34,1091,Device Type 0
User 4,Travelers: Season 1: Grace (Episode 12),2022-04-03 09:27:39,1224,Device Type 0
User 4,Travelers: Season 1: Marcy (Episode 11),2022-04-03 09:09:04,1056,Device Type 0
User 4,Travelers: Season 1: Grace (Episode 12),2022-04-03 08:43:40,1510,Device Type 0
User 4,Travelers: Season 1: Marcy (Episode 11),2022-04-03 08:14:39,1606,Device Type 0
User 4,DEATH NOTE: Death Note: Friend (Episode 14),2022-04-03 07:17:26,413,Device Type 5
User 4,Travelers: Season 1: Marcy (Episode 11),2022-04-03 06:53:33,1102,Device Type 0
User 4,Travelers: Season 1: Kathryn (Episode 10),2022-04-03 06:09:49,2624,Device Type 0
User 4,Travelers: Season 1: Bishop (Episode 9),2022-04-03 05:11:08,2685,Device Type 0
User 4,DEATH NOTE: Death Note: Friend (Episode 14),2022-04-03 04:43:29,217,Device Type 5
User 4,Travelers: Season 1: Donner (Episode 8),2022-04-03 04:26:13,2694,Device Type 0
User 4,DEATH NOTE: Death Note: Confession (Episode 13),2022-04-03 04:23:16,1208,Device Type 5
User 4,Deadly Class: Season 1_hook_01_16x9,2022-04-03 04:23:04,5,Device Type 5
User 4,Travelers: Season 1: Protocol 5 (Episode 7),2022-04-03 04:02:25,1424,Device Type 0
User 4,Travelers: Season 1: Donner (Episode 8),2022-04-03 04:02:00,9,Device Type 0
User 4,Travelers: Season 1: Donner (Episode 8),2022-04-02 21:27:37,798,Device Type 0
User 4,Travelers: Season 1: Protocol 5 (Episode 7),2022-04-02 20:44:10,2606,Device Type 0
User 4,Travelers: Season 1: Helios 685 (Episode 6),2022-04-02 20:00:23,2626,Device Type 0
User 4,Travelers: Season 1: Room 101 (Episode 5),2022-04-02 19:00:51,2098,Device Type 0
User 4,Travelers: Season 1: Helios 685 (Episode 6),2022-04-02 18:48:58,645,Device Type 0
User 4,Travelers: Season 1: Room 101 (Episode 5),2022-04-02 18:00:39,2635,Device Type 0
User 4,Travelers: Season 1: Hall (Episode 4),2022-04-02 17:13:48,2652,Device Type 0
User 4,Travelers: Season 1: Aleksander (Episode 3),2022-04-02 17:12:16,91,Device Type 0
User 4,DEATH NOTE: Death Note: Love (Episode 12),2022-04-02 15:33:10,1203,Device Type 5
User 4,Travelers: Season 1: Aleksander (Episode 3),2022-04-02 15:17:25,3569,Device Type 0
User 4,DEATH NOTE: Death Note: Assault (Episode 11),2022-04-02 15:11:44,1284,Device Type 5
User 4,Travelers: Season 1: Protocol 6 (Episode 2),2022-04-02 15:05:39,300,Device Type 0
User 4,DEATH NOTE: Death Note: Doubt (Episode 10),2022-04-02 14:51:19,1191,Device Type 5
User 4,A Dog's Way Home_hook_primary_16x9,2022-04-02 14:49:56,77,Device Type 5
User 4,Travelers: Season 1: Protocol 6 (Episode 2),2022-04-02 14:27:07,21,Device Type 0
User 4,Travelers: Season 1: Protocol 6 (Episode 2),2022-04-02 13:53:37,1138,Device Type 0
User 4,Travelers: Season 1: Protocol 6 (Episode 2),2022-04-02 13:20:59,1402,Device Type 0
User 4,Travelers: Season 1: Pilot (Episode 1),2022-04-02 12:51:26,1565,Device Type 0
User 4,Travelers: Season 1: Pilot (Episode 1),2022-04-02 12:04:06,916,Device Type 0
User 4,Travelers: Season 1: Pilot (Episode 1),2022-04-02 11:42:22,1169,Device Type 0
User 4,Travelers: Season 1: Pilot (Episode 1),2022-04-02 11:37:18,239,Device Type 0
User 4,DEATH NOTE: Death Note: Doubt (Episode 10),2022-04-02 03:22:06,68,Device Type 5
User 4,DEATH NOTE: Death Note: Encounter (Episode 9),2022-04-02 02:59:03,1176,Device Type 5
User 4,Designated Survivor (Trailer),2022-04-02 02:58:53,4,Device Type 5
User 4,Community: Season 1_hook_primary_16x9,2022-04-02 02:58:31,4,Device Type 5
User 4,Raising Dion: Season 2: ISSUE #208: Who You Are (Episode 8),2022-04-01 21:37:49,895,Device Type 0
User 4,Raising Dion: Season 2: ISSUE #208: Who You Are (Episode 8),2022-04-01 19:39:28,567,Device Type 0
User 4,Raising Dion: Season 2: ISSUE #208: Who You Are (Episode 8),2022-04-01 19:24:58,712,Device Type 0
User 4,Raising Dion: Season 2: ISSUE #207: World Without Mom (Episode 7),2022-04-01 18:59:50,1317,Device Type 0
User 4,Raising Dion: Season 2: ISSUE #207: World Without Mom (Episode 7),2022-04-01 18:48:32,491,Device Type 0
User 4,Raising Dion: Season 2: ISSUE #207: World Without Mom (Episode 7),2022-04-01 18:26:35,246,Device Type 0
User 4,Raising Dion: Season 2: ISSUE #206: 36 Good Hours (Episode 6),2022-04-01 17:37:44,2445,Device Type 0
User 4,Raising Dion: Season 2: ISSUE #205: You vs. Me (Episode 5),2022-04-01 17:09:14,1693,Device Type 0
User 4,Raising Dion: Season 2: ISSUE #205: You vs. Me (Episode 5),2022-04-01 15:38:47,613,Device Type 0
User 4,Raising Dion: Season 2: ISSUE #204: With Friends Like These (Episode 4),2022-04-01 15:18:01,1126,Device Type 0
User 4,Raising Dion: Season 2: ISSUE #204: With Friends Like These (Episode 4),2022-04-01 14:05:27,1367,Device Type 0
User 4,Raising Dion: Season 2: ISSUE #203: Monster Problem (Episode 3),2022-04-01 13:27:45,2262,Device Type 0
User 4,Raising Dion: Season 2: ISSUE #202: Sankofa (Episode 2),2022-04-01 12:52:01,2143,Device Type 0
User 4,DEATH NOTE: Death Note: Glare (Episode 8),2022-04-01 08:00:08,1230,Device Type 5
User 4,DEATH NOTE: Death Note: Overcast (Episode 7),2022-04-01 07:39:49,1204,Device Type 5
User 4,DEATH NOTE: Death Note: Unraveling (Episode 6),2022-04-01 07:36:57,150,Device Type 5
User 4,Raising Dion: Season 2: ISSUE #201: A Hero Returns (Episode 1),2022-04-01 05:23:10,2378,Device Type 0
User 4,Raising Dion: Season 1: ISSUE #109: Storm Killer (Episode 9),2022-04-01 04:40:37,2543,Device Type 0
User 4,DEATH NOTE: Death Note: Unraveling (Episode 6),2022-04-01 04:31:40,1050,Device Type 5
User 4,Raising Dion: Season 1: ISSUE #108: You Won't Like Him When He's Angry (Episode 8),2022-04-01 03:51:25,2634,Device Type 0
User 4,Raising Dion: Season 1: ISSUE #107: Why So Vomity? (Episode 7),2022-04-01 03:34:57,986,Device Type 0
User 4,Raising Dion: Season 1: ISSUE #107: Why So Vomity? (Episode 7),2022-04-01 02:58:38,1859,Device Type 0
User 4,Raising Dion: Season 1: ISSUE #106: Super Friends (Episode 6),2022-04-01 02:56:38,119,Device Type 0
User 4,Raising Dion: Season 1: ISSUE #106: Super Friends (Episode 6),2022-04-01 01:47:55,2805,Device Type 0
User 4,Raising Dion: Season 1: ISSUE #105: Days of Mark's Future Past (Episode 5),2022-04-01 01:20:18,1655,Device Type 0
User 4,Raising Dion: Season 1: ISSUE #106: Super Friends (Episode 6),2022-04-01 01:19:54,18,Device Type 0
User 4,Raising Dion: Season 1: ISSUE #106: Super Friends (Episode 6),2022-03-31 21:10:42,481,Device Type 0
User 4,Raising Dion: Season 1: ISSUE #105: Days of Mark's Future Past (Episode 5),2022-03-31 20:30:09,2405,Device Type 0
User 4,Raising Dion: Season 1: ISSUE #104: Welcome to BIONA. Hope You Survive the Experience (Episode 4),2022-03-31 19:41:33,2893,Device Type 0
User 4,Raising Dion: Season 1: ISSUE #103: Watch Man (Episode 3),2022-03-31 18:50:38,2814,Device Type 0
User 4,Raising Dion: Season 1: ISSUE #102: Fortress of Solitude (Episode 2),2022-03-31 18:47:39,178,Device Type 0
User 4,Hey Sinamika,2022-03-31 18:15:53,1895,Device Type 0
User 4,Hey Sinamika,2022-03-31 17:50:04,1467,Device Type 0
User 4,Hey Sinamika,2022-03-31 17:45:33,263,Device Type 0
User 4,Hey Sinamika,2022-03-31 17:17:56,1628,Device Type 0
User 4,Hey Sinamika,2022-03-31 17:15:19,151,Device Type 0
User 4,Hey Sinamika,2022-03-31 16:47:10,1612,Device Type 0
User 4,Hey Sinamika,2022-03-31 16:24:03,1340,Device Type 0
User 4,The Big Bang Theory: Season 1_hook_primary_16x9,2022-03-31 14:52:07,21,Device Type 5
User 4,Space Force: Season 1: THE LAUNCH (Episode 1),2022-03-31 14:51:01,8,Device Type 5
User 4,Space Force: Season 2: THE HACK (Episode 7),2022-03-31 07:49:23,1237,Device Type 5
User 4,Trailer: Hey Sinamika (Tamil),2022-03-31 07:48:49,30,Device Type 5
User 4,Trailer: Hey Sinamika (Tamil),2022-03-31 07:48:40,5,Device Type 5
User 4,Space Force: Season 2: THE HACK (Episode 7),2022-03-31 04:23:14,359,Device Type 5
User 4,Space Force: Season 2: THE DOCTOR'S APPOINTMENT (Episode 6),2022-03-31 04:05:10,1080,Device Type 5
User 4,Raising Dion: Season 1: ISSUE #102: Fortress of Solitude (Episode 2),2022-03-31 03:39:00,1999,Device Type 0
User 4,Raising Dion: Season 1: ISSUE #101: How Do You Raise a Superhero? (Episode 1),2022-03-31 02:58:05,2454,Device Type 0
User 4,The Good Cop: Season 1: Who Cut Mrs. Ackroyd in Half? (Episode 10),2022-03-31 01:37:19,2087,Device Type 0
User 4,The Good Cop: Season 1: Why Kill a Busboy? (Episode 9),2022-03-31 01:36:44,14,Device Type 0
User 4,The Good Cop: Season 1: Who Cut Mrs. Ackroyd in Half? (Episode 10),2022-03-31 01:36:40,3,Device Type 0
User 4,The Good Cop: Season 1: Who Cut Mrs. Ackroyd in Half? (Episode 10),2022-03-30 19:25:14,2869,Device Type 0
User 4,The Good Cop: Season 1: Why Kill a Busboy? (Episode 9),2022-03-30 18:45:28,2385,Device Type 0
User 4,The Good Cop: Season 1: Why Kill a Busboy? (Episode 9),2022-03-30 18:20:17,196,Device Type 0
User 4,The Good Cop: Season 1: Why Kill a Busboy? (Episode 9),2022-03-30 18:18:23,5,Device Type 0
User 4,Space Force: Season 2: THE DOCTOR'S APPOINTMENT (Episode 6),2022-03-30 15:49:37,438,Device Type 5
User 4,Space Force: Season 2: MAD (BUFF) CONFIDENCE (Episode 5),2022-03-30 15:27:32,1324,Device Type 5
User 4,Space Force: Season 2: THE EUROPA PROJECT (Episode 4),2022-03-30 15:05:17,1330,Device Type 5
User 4,Space Force: Season 2: THE CHINESE DELEGATION (Episode 3),2022-03-30 15:04:35,38,Device Type 5
User 4,The Good Cop: Season 1: Will Cora Get Married? (Episode 8),2022-03-30 13:28:15,1217,Device Type 0
User 4,The Good Cop: Season 1: Will Cora Get Married? (Episode 8),2022-03-30 13:18:43,569,Device Type 0
User 4,The Good Cop: Season 1: Will Cora Get Married? (Episode 8),2022-03-30 12:38:17,1055,Device Type 0
User 4,The Good Cop: Season 1: Who Killed the Guy on the Ski Lift? (Episode 7),2022-03-30 12:36:49,86,Device Type 0
User 4,The Good Cop: Season 1: Who Killed the Guy on the Ski Lift? (Episode 7),2022-03-30 12:32:57,222,Device Type 0
User 4,Space Force: Season 2: THE CHINESE DELEGATION (Episode 3),2022-03-30 08:22:08,1499,Device Type 5
User 4,Space Force: Season 2: BUDGET CUTS (Episode 2),2022-03-30 07:53:15,1607,Device Type 5
User 4,Space Force: Season 2: THE INQUIRY (Episode 1),2022-03-30 07:41:28,704,Device Type 5
User 4,Space Force: Season 2: THE INQUIRY (Episode 1),2022-03-30 05:37:01,762,Device Type 5
User 4,Space Force: Season 1: PROPORTIONATE RESPONSE (Episode 10),2022-03-30 05:00:21,2003,Device Type 5
User 4,The Good Cop: Season 1: Who Killed the Guy on the Ski Lift? (Episode 7),2022-03-30 04:05:56,467,Device Type 0
User 4,The Good Cop: Season 1: Who Killed the Guy on the Ski Lift? (Episode 7),2022-03-30 03:46:30,881,Device Type 0
User 4,The Good Cop: Season 1: Who Killed the Guy on the Ski Lift? (Episode 7),2022-03-30 03:12:17,1079,Device Type 0
User 4,The Good Cop: Season 1: Did the TV Star Do It? (Episode 6),2022-03-30 02:29:39,2522,Device Type 0
User 4,The Good Cop: Season 1: Will Big Tony Roll Over? (Episode 5),2022-03-30 01:48:21,1841,Device Type 0
User 4,The Good Cop: Season 1: Did the TV Star Do It? (Episode 6),2022-03-30 01:47:43,28,Device Type 0
User 4,The Good Cop: Season 1: Did the TV Star Do It? (Episode 6),2022-03-29 20:16:06,1368,Device Type 0
User 4,The Good Cop: Season 1: Will Big Tony Roll Over? (Episode 5),2022-03-29 19:28:57,2547,Device Type 0
User 4,The Good Cop: Season 1: Will the Good Cop Bowl 300? (Episode 4),2022-03-29 18:42:44,2764,Device Type 0
User 4,The Good Cop: Season 1: Who Is the Ugly German Lady? (Episode 3),2022-03-29 18:26:34,969,Device Type 0
User 4,Space Force: Season 1: PROPORTIONATE RESPONSE (Episode 10),2022-03-29 16:03:44,1,Device Type 5
User 4,Space Force: Season 1: IT’S GOOD TO BE BACK ON THE MOON (Episode 9),2022-03-29 15:46:10,1032,Device Type 5
User 4,Space Force: Season 1: IT’S GOOD TO BE BACK ON THE MOON (Episode 9),2022-03-29 15:22:52,897,Device Type 5
User 4,Space Force: Season 1: CONJUGAL VISIT (Episode 8),2022-03-29 14:58:48,1419,Device Type 5
User 4,Blade Runner 2049_hook_primary_16x9,2022-03-29 14:58:18,6,Device Type 5
User 4,The Good Cop: Season 1: Who Is the Ugly German Lady? (Episode 3),2022-03-29 13:44:33,767,Device Type 0
User 4,Space Force: Season 1: CONJUGAL VISIT (Episode 8),2022-03-29 08:17:12,5,Device Type 5
User 4,Space Force: Season 1: EDISON JAYMES (Episode 7),2022-03-29 07:52:37,1471,Device Type 5
User 4,Space Force: Season 1: THE SPY (Episode 6),2022-03-29 07:43:33,542,Device Type 5
User 4,Space Force: Season 1: THE SPY (Episode 6),2022-03-29 04:29:06,1381,Device Type 5
User 4,Crazy Rich Asians_hook_primary_16x9,2022-03-29 04:27:45,38,Device Type 5
User 4,The Good Cop: Season 1: Who Is the Ugly German Lady? (Episode 3),2022-03-29 03:58:26,543,Device Type 0
User 4,The Good Cop: Season 1: Who Is the Ugly German Lady? (Episode 3),2022-03-29 03:51:43,389,Device Type 0
User 4,The Good Cop: Season 1: What Is the Supermodel's Secret? (Episode 2),2022-03-29 02:55:54,2537,Device Type 0
User 4,The Good Cop: Season 1: Who Framed the Good Cop? (Episode 1),2022-03-29 02:22:07,2007,Device Type 0
User 4,The Good Cop: Season 1: Who Framed the Good Cop? (Episode 1),2022-03-28 20:53:05,2261,Device Type 0
User 4,iZombie: Season 5: All's	Well That Ends Well (Episode 13),2022-03-28 20:08:47,1476,Device Type 0
User 4,iZombie: Season 5: All's	Well That Ends Well (Episode 13),2022-03-28 19:51:41,1020,Device Type 0
User 4,"iZombie: Season 5: Bye,	Zombies (Episode 12)",2022-03-28 19:31:00,1240,Device Type 0
User 4,"iZombie: Season 5: Bye,	Zombies (Episode 12)",2022-03-28 19:05:12,1266,Device Type 0
User 4,iZombie: Season 5: Killer Queen (Episode 11),2022-03-28 18:38:24,1492,Device Type 0
User 4,iZombie: Season 5: Killer Queen (Episode 11),2022-03-28 18:17:19,1086,Device Type 0
User 4,iZombie: Season 5: Night and the Zombie City (Episode 10),2022-03-28 17:57:44,1174,Device Type 0
User 4,iZombie: Season 5: Night and the Zombie City (Episode 10),2022-03-28 17:54:47,174,Device Type 0
User 4,iZombie: Season 5: Night and the Zombie City (Episode 10),2022-03-28 17:30:38,1157,Device Type 0
User 4,iZombie: Season 5: The	Fresh Princess (Episode 9),2022-03-28 17:24:24,373,Device Type 0
User 4,iZombie: Season 5: The	Fresh Princess (Episode 9),2022-03-28 16:45:03,2155,Device Type 0
User 4,iZombie: Season 5: Death of	a Car Salesman (Episode 8),2022-03-28 16:38:52,371,Device Type 0
User 4,iZombie: Season 5: Death of	a Car Salesman (Episode 8),2022-03-28 15:36:31,2137,Device Type 0
User 4,iZombie: Season 5: Filleted to Rest (Episode 7),2022-03-28 14:48:48,2475,Device Type 0
User 4,Space Force: Season 1: THE SPY (Episode 6),2022-03-28 14:47:32,11,Device Type 5
User 4,iZombie: Season 5: The	Scratchmaker (Episode 6),2022-03-28 14:47:04,103,Device Type 0
User 4,Space Force: Season 1: SPACE FLAG (Episode 5),2022-03-28 14:46:07,82,Device Type 5
User 4,iZombie: Season 5: The	Scratchmaker (Episode 6),2022-03-28 13:38:29,2364,Device Type 0
User 4,iZombie: Season 5: Death Moves	 Pretty Fast (Episode 5),2022-03-28 13:18:08,1219,Device Type 0
User 4,iZombie: Season 5: Death Moves	 Pretty Fast (Episode 5),2022-03-28 12:53:54,1098,Device Type 0
User 4,iZombie: Season 5: Death Moves	 Pretty Fast (Episode 5),2022-03-28 12:49:07,166,Device Type 0
User 4,iZombie: Season 5: Dot	Zom (Episode 4),2022-03-28 12:18:25,1785,Device Type 0
User 4,iZombie: Season 5: Dot	Zom (Episode 4),2022-03-28 12:07:52,373,Device Type 0
User 4,iZombie: Season 5: Dot	Zom (Episode 4),2022-03-28 10:48:03,164,Device Type 0
User 4,iZombie: Season 5: Dot	Zom (Episode 4),2022-03-28 10:37:49,313,Device Type 0
User 4,"iZombie: Season 5: Five, Six,	Seven, Ate! (Episode 3)",2022-03-28 10:09:26,1242,Device Type 0
User 4,"iZombie: Season 5: Five, Six,	Seven, Ate! (Episode 3)",2022-03-28 09:29:01,1275,Device Type 0
User 4,iZombie: Season 5: Dead Lift (Episode 2),2022-03-28 09:21:40,440,Device Type 0
User 4,iZombie: Season 5: Dead Lift (Episode 2),2022-03-28 09:11:14,132,Device Type 0
User 4,iZombie: Season 5: Dead Lift (Episode 2),2022-03-28 08:24:11,2047,Device Type 0
User 4,iZombie: Season 5: Thug Death (Episode 1),2022-03-28 08:23:15,56,Device Type 0
User 4,Space Force: Season 1: SPACE FLAG (Episode 5),2022-03-28 08:16:29,1559,Device Type 5
User 4,Space Force: Season 1: LUNAR HABITAT (Episode 4),2022-03-28 07:45:21,1861,Device Type 5
User 4,The Blind Side_hook_primary_16x9,2022-03-28 07:45:02,4,Device Type 5
User 4,iZombie: Season 5: Thug Death (Episode 1),2022-03-28 07:30:52,1922,Device Type 0
User 4,iZombie: Season 5: Thug Death (Episode 1),2022-03-28 06:26:37,49,Device Type 0
User 4,iZombie: Season 5: Thug Death (Episode 1),2022-03-28 05:22:20,536,Device Type 0
User 4,iZombie: Season 4: And He Shall Be a Good Man (Episode 13),2022-03-28 04:41:00,2480,Device Type 0
User 4,Space Force: Season 1: MARK AND MALLORY GO TO WASHINGTON (Episode 3),2022-03-28 04:34:22,1660,Device Type 5
User 4,iZombie: Season 4: You've Got to Hide Your Liv Away (Episode 12),2022-03-28 04:09:18,1901,Device Type 0
User 4,iZombie: Season 4: You've Got to Hide Your Liv Away (Episode 12),2022-03-28 03:50:14,638,Device Type 0
User 4,iZombie: Season 4: Insane in the Germ Brain (Episode 11),2022-03-28 03:50:11,1,Device Type 0
User 4,iZombie: Season 4: Insane in the Germ Brain (Episode 11),2022-03-28 02:45:23,3473,Device Type 0
User 4,"iZombie: Season 4: Yipee Ki Brain, Motherscratcher (Episode 10)",2022-03-28 02:23:42,1301,Device Type 0
User 4,"iZombie: Season 4: Yipee Ki Brain, Motherscratcher (Episode 10)",2022-03-27 21:02:30,873,Device Type 0
User 4,"iZombie: Season 4: Yipee Ki Brain, Motherscratcher (Episode 10)",2022-03-27 20:50:57,302,Device Type 0
User 4,iZombie: Season 4: Mac-Liv-Moore (Episode 9),2022-03-27 20:08:31,2478,Device Type 0
User 4,iZombie: Season 4: Chivalry Is Dead (Episode 8),2022-03-27 19:34:35,2035,Device Type 0
User 4,iZombie: Season 4: Chivalry Is Dead (Episode 8),2022-03-27 19:21:06,499,Device Type 0
User 4,"iZombie: Season 4: Don't Hate the Player, Hate the Brain (Episode 7)",2022-03-27 19:06:02,903,Device Type 0
User 4,"iZombie: Season 4: Don't Hate the Player, Hate the Brain (Episode 7)",2022-03-27 18:24:21,1601,Device Type 0
User 4,iZombie: Season 4: My Really Fair Lady (Episode 6),2022-03-27 17:59:04,1514,Device Type 0
User 4,iZombie: Season 4: My Really Fair Lady (Episode 6),2022-03-27 17:34:38,972,Device Type 0
User 4,iZombie: Season 4: Goonstruck (Episode 5),2022-03-27 17:22:00,757,Device Type 0
User 4,iZombie: Season 4: Goonstruck (Episode 5),2022-03-27 16:44:39,1725,Device Type 0
User 4,"iZombie: Season 4: Brainless in Seattle, Part 2 (Episode 4)",2022-03-27 16:38:32,366,Device Type 0
User 4,"iZombie: Season 4: Brainless in Seattle, Part 2 (Episode 4)",2022-03-27 15:56:42,2119,Device Type 0
User 4,"iZombie: Season 4: Brainless in Seattle, Part 1 (Episode 3)",2022-03-27 15:25:42,1725,Device Type 0
User 4,"iZombie: Season 4: Brainless in Seattle, Part 1 (Episode 3)",2022-03-27 15:05:33,787,Device Type 0
User 4,Space Force: Season 1: SAVE EPSILON 6! (Episode 2),2022-03-27 15:02:38,1762,Device Type 5
User 4,iZombie: Season 4: Blue Bloody (Episode 2),2022-03-27 14:45:18,1171,Device Type 0
User 4,iZombie: Season 4: Blue Bloody (Episode 2),2022-03-27 14:06:50,1376,Device Type 0
User 4,iZombie: Season 4: Are You Ready for Some Zombies? (Episode 1),2022-03-27 13:49:37,1033,Device Type 0
User 4,iZombie: Season 4: Are You Ready for Some Zombies? (Episode 1),2022-03-27 13:24:29,1492,Device Type 0
User 4,"iZombie: Season 3: Looking for Mr. Goodbrain, Part 2 (Episode 13)",2022-03-27 12:41:23,2504,Device Type 0
User 4,"iZombie: Season 3: Looking for Mr. Goodbrain, Part 1 (Episode 12)",2022-03-27 12:00:28,1655,Device Type 0
User 4,"iZombie: Season 3: Looking for Mr. Goodbrain, Part 1 (Episode 12)",2022-03-27 11:45:25,884,Device Type 0
User 4,iZombie: Season 3: Conspiracy Weary (Episode 11),2022-03-27 11:28:16,1029,Device Type 0
User 4,iZombie: Season 3: Conspiracy Weary (Episode 11),2022-03-27 11:12:37,744,Device Type 0
User 4,iZombie: Season 3: Conspiracy Weary (Episode 11),2022-03-27 10:47:38,284,Device Type 0
User 4,iZombie: Season 3: Eat a Knievel (Episode 8),2022-03-27 10:47:19,15,Device Type 0
User 4,iZombie: Season 3: Conspiracy Weary (Episode 11),2022-03-27 10:26:36,445,Device Type 0
User 4,iZombie: Season 3: Return of the Dead Guy (Episode 10),2022-03-27 10:08:26,1089,Device Type 0
User 4,iZombie: Season 3: Return of the Dead Guy (Episode 10),2022-03-27 09:43:01,1398,Device Type 0
User 4,"iZombie: Season 3: Twenty-Sided, Die (Episode 9)",2022-03-27 09:00:15,2492,Device Type 0
User 4,iZombie: Season 3: Eat a Knievel (Episode 8),2022-03-27 08:55:17,297,Device Type 0
User 4,iZombie: Season 3: Eat a Knievel (Episode 8),2022-03-27 08:06:06,2213,Device Type 0
User 4,iZombie: Season 3: Dirt Nap Time (Episode 7),2022-03-27 07:19:13,2486,Device Type 0
User 4,iZombie: Season 3: Some Like It Hot Mess (Episode 6),2022-03-27 06:35:55,2581,Device Type 0
User 4,iZombie: Season 3: Spanking the Zombie (Episode 5),2022-03-27 06:27:05,530,Device Type 0
User 4,iZombie: Season 3: Spanking the Zombie (Episode 5),2022-03-27 06:26:28,31,Device Type 0
User 4,iZombie: Season 3: Spanking the Zombie (Episode 5),2022-03-26 15:42:02,1114,Device Type 0
User 4,iZombie: Season 3: Wag the Tongue Slowly (Episode 4),2022-03-26 15:41:59,1,Device Type 0
User 4,"iZombie: Season 3: Eat, Pray, Liv (Episode 3)",2022-03-26 15:41:54,4,Device Type 0
User 4,iZombie: Season 3: Spanking the Zombie (Episode 5),2022-03-26 15:16:35,838,Device Type 0
User 4,Space Force: Season 1: THE LAUNCH (Episode 1),2022-03-26 14:56:36,2092,Device Type 5
User 4,Season 2 Villain / Antagonist Clip: Space Force,2022-03-26 14:56:28,4,Device Type 5
User 4,Season 1 Trailer: Bridgerton,2022-03-26 14:56:05,6,Device Type 5
User 4,Black and Blue_hook_04_16x9,2022-03-26 14:55:57,4,Device Type 5
User 4,iZombie: Season 3: Wag the Tongue Slowly (Episode 4),2022-03-26 14:30:57,2472,Device Type 0
User 4,"iZombie: Season 3: Eat, Pray, Liv (Episode 3)",2022-03-26 14:27:02,232,Device Type 0
User 4,"iZombie: Season 3: Eat, Pray, Liv (Episode 3)",2022-03-26 13:52:01,2094,Device Type 0
User 4,"iZombie: Season 3: Eat, Pray, Liv (Episode 3)",2022-03-26 12:50:50,208,Device Type 0
User 4,iZombie: Season 3: Zombie Knows Best (Episode 2),2022-03-26 12:09:02,2475,Device Type 0
User 4,iZombie: Season 3: Heaven Just Got a Little Bit Smoother (Episode 1),2022-03-26 11:47:59,1262,Device Type 0
User 4,iZombie: Season 3: Heaven Just Got a Little Bit Smoother (Episode 1),2022-03-26 11:18:03,1195,Device Type 0
User 4,iZombie: Season 2: Salivation Army (Episode 19),2022-03-26 10:46:11,1884,Device Type 0
User 4,iZombie: Season 2: Salivation Army (Episode 19),2022-03-26 10:41:35,272,Device Type 0
User 4,iZombie: Season 2: Salivation Army (Episode 19),2022-03-26 10:26:16,351,Device Type 0
User 4,iZombie: Season 2: Dead Beat (Episode 18),2022-03-26 09:39:57,2476,Device Type 0
User 4,iZombie: Season 2: Reflections of the Way Liv Used to Be (Episode 17),2022-03-26 08:54:26,2525,Device Type 0
User 4,"iZombie: Season 2: Pour Some Sugar, Zombie (Episode 16)",2022-03-26 08:29:00,1494,Device Type 0
User 4,"iZombie: Season 2: Pour Some Sugar, Zombie (Episode 16)",2022-03-26 08:07:46,935,Device Type 0
User 4,iZombie: Season 2: He Blinded Me... with Science (Episode 15),2022-03-26 07:47:29,1217,Device Type 0
User 4,iZombie: Season 2: He Blinded Me... with Science (Episode 15),2022-03-26 06:53:56,1335,Device Type 0
User 4,iZombie: Season 2: Eternal Sunshine of the Caffeinated Mind (Episode 14),2022-03-26 06:53:07,48,Device Type 0
User 4,iZombie: Season 2: He Blinded Me... with Science (Episode 15),2022-03-26 06:52:58,4,Device Type 0
User 4,iZombie: Season 2: Eternal Sunshine of the Caffeinated Mind (Episode 14),2022-03-26 06:11:53,2449,Device Type 0
User 4,iZombie: Season 2: The Whopper (Episode 13),2022-03-26 06:11:38,12,Device Type 0
User 4,iZombie: Season 2: The Whopper (Episode 13),2022-03-26 05:59:20,204,Device Type 0
User 4,iZombie: Season 2: The Whopper (Episode 13),2022-03-26 05:45:11,606,Device Type 0
User 4,iZombie: Season 2: The Whopper (Episode 13),2022-03-26 05:11:23,595,Device Type 0
User 4,Ozark: Season 4: Let the Great World Spin (Episode 2),2022-03-26 05:11:02,13,Device Type 0
User 4,iZombie: Season 2: The Whopper (Episode 13),2022-03-26 04:45:16,1103,Device Type 0
User 4,"iZombie: Season 2: Physician, Heal Thy Selfie (Episode 12)",2022-03-26 04:03:33,2503,Device Type 0
User 4,iZombie: Season 2: Fifty Shades of Grey Matter (Episode 11),2022-03-26 03:52:28,661,Device Type 0
User 4,iZombie: Season 2: Fifty Shades of Grey Matter (Episode 11),2022-03-25 22:56:41,2265,Device Type 0
User 4,iZombie: Season 2: Method Head (Episode 10),2022-03-25 22:01:28,2575,Device Type 0
User 4,iZombie: Season 2: Cape Town (Episode 9),2022-03-25 21:48:39,768,Device Type 0
User 4,iZombie: Season 2: Cape Town (Episode 9),2022-03-25 20:24:21,1408,Device Type 0
User 4,iZombie: Season 2: Cape Town (Episode 9),2022-03-25 19:54:02,1391,Device Type 0
User 4,iZombie: Season 2: The Hurt Stalker (Episode 8),2022-03-25 19:06:05,2471,Device Type 0
User 4,iZombie: Season 2: Abra Cadaver (Episode 7),2022-03-25 19:03:49,134,Device Type 0
User 4,iZombie: Season 2: The Hurt Stalker (Episode 8),2022-03-25 19:03:39,4,Device Type 0
User 4,iZombie: Season 2: Abra Cadaver (Episode 7),2022-03-25 18:02:08,2548,Device Type 0
User 4,iZombie: Season 2: Max Wager (Episode 6),2022-03-25 17:20:36,2491,Device Type 0
User 4,iZombie: Season 2: Love & Basketball (Episode 5),2022-03-25 16:33:11,2491,Device Type 0
User 4,iZombie: Season 2: Even Cowgirls Get the Black and Blues (Episode 4),2022-03-25 15:48:30,2524,Device Type 0
User 4,iZombie: Season 2: Real Dead Housewife of Seattle (Episode 3),2022-03-25 15:33:41,888,Device Type 0
User 4,iZombie: Season 2: Real Dead Housewife of Seattle (Episode 3),2022-03-24 12:45:09,1599,Device Type 0
User 4,iZombie: Season 2: Zombie Bro (Episode 2),2022-03-24 11:58:36,2539,Device Type 0
User 4,iZombie: Season 2: Grumpy Old Liv (Episode 1),2022-03-24 11:54:41,234,Device Type 0
User 4,iZombie: Season 2: Grumpy Old Liv (Episode 1),2022-03-24 11:00:00,670,Device Type 0
User 4,iZombie: Season 2: Grumpy Old Liv (Episode 1),2022-03-24 10:03:50,1642,Device Type 0
User 4,iZombie: Season 1: Blaine's World (Episode 13),2022-03-24 09:13:38,2462,Device Type 0
User 4,"iZombie: Season 1: Dead Rat, Live Rat, Brown Rat, White Rat (Episode 12)",2022-03-24 09:13:35,2,Device Type 0
User 4,iZombie: Season 1: Blaine's World (Episode 13),2022-03-24 08:34:50,34,Device Type 0
User 4,"iZombie: Season 1: Dead Rat, Live Rat, Brown Rat, White Rat (Episode 12)",2022-03-24 08:03:15,1735,Device Type 0
User 4,"iZombie: Season 1: Dead Rat, Live Rat, Brown Rat, White Rat (Episode 12)",2022-03-24 07:17:20,781,Device Type 0
User 4,iZombie: Season 1: Astroburger (Episode 11),2022-03-24 06:56:27,900,Device Type 0
User 4,iZombie: Season 1: Astroburger (Episode 11),2022-03-24 06:07:17,1777,Device Type 0
User 4,iZombie: Season 1: Mr. Berserk (Episode 10),2022-03-24 05:37:57,1759,Device Type 0
User 4,iZombie: Season 1: Mr. Berserk (Episode 10),2022-03-24 05:26:44,654,Device Type 0
User 4,iZombie: Season 1: Mr. Berserk (Episode 10),2022-03-24 04:55:08,103,Device Type 0
User 4,iZombie: Season 1: Patriot Brains (Episode 9),2022-03-24 04:13:35,2492,Device Type 0
User 4,iZombie: Season 1: Dead Air (Episode 8),2022-03-24 03:49:25,1442,Device Type 0
User 4,iZombie: Season 1: Dead Air (Episode 8),2022-03-24 03:10:38,1061,Device Type 0
User 4,iZombie: Season 1: Maternity Liv (Episode 7),2022-03-24 03:00:12,625,Device Type 0
User 4,iZombie: Season 1: Maternity Liv (Episode 7),2022-03-24 02:48:52,299,Device Type 0
User 4,iZombie: Season 1: Maternity Liv (Episode 7),2022-03-24 02:08:20,2416,Device Type 0
User 4,iZombie: Season 1: Virtual Reality Bites (Episode 6),2022-03-24 02:05:07,191,Device Type 0
User 4,iZombie: Season 1: Maternity Liv (Episode 7),2022-03-24 02:04:18,16,Device Type 0
User 4,iZombie: Season 1: Virtual Reality Bites (Episode 6),2022-03-23 19:11:55,2453,Device Type 0
User 4,iZombie: Season 1: Flight of the Living Dead (Episode 5),2022-03-23 18:29:28,2449,Device Type 0
User 4,iZombie: Season 1: Liv and Let Clive (Episode 4),2022-03-23 17:47:59,2489,Device Type 0
User 4,iZombie: Season 1: The Exterminator (Episode 3),2022-03-23 17:09:39,2299,Device Type 0
User 4,iZombie: Season 1: The Exterminator (Episode 3),2022-03-23 16:59:28,274,Device Type 0
User 4,"iZombie: Season 1: Brother, Can You Spare a Brain? (Episode 2)",2022-03-23 16:13:16,2644,Device Type 0
User 4,iZombie: Season 1: Pilot (Episode 1),2022-03-23 15:33:39,2112,Device Type 0
User 4,iZombie: Season 1: Pilot (Episode 1),2022-03-23 15:25:41,474,Device Type 0
User 4,Ozark: Season 4: The Beginning of the End (Episode 1),2022-03-23 14:21:19,2529,Device Type 0
User 4,The Ugly Truth,2022-03-23 14:13:06,484,Device Type 0
User 4,The Ugly Truth,2022-03-23 13:55:50,968,Device Type 0
User 4,The Ugly Truth,2022-03-23 13:30:18,411,Device Type 0
User 4,The Ugly Truth,2022-03-23 13:28:26,109,Device Type 0
User 4,The Ugly Truth,2022-03-23 13:27:03,68,Device Type 0
User 4,The Ugly Truth,2022-03-23 13:24:32,107,Device Type 0
User 4,The Ugly Truth,2022-03-23 12:38:06,1848,Device Type 0
User 4,The Ugly Truth,2022-03-23 12:24:34,796,Device Type 0
User 4,The Ugly Truth,2022-03-23 12:10:20,773,Device Type 0
User 4,Ozark: Season 4: The Beginning of the End (Episode 1),2022-03-23 12:07:43,4,Device Type 0
User 4,Ozark: Season 4: The Beginning of the End (Episode 1),2022-03-23 11:28:23,1485,Device Type 0
User 4,Ozark: Season 4: The Beginning of the End (Episode 1),2022-03-23 11:27:29,9,Device Type 0
User 4,Ozark: Season 3: All In (Episode 10),2022-03-23 11:25:53,95,Device Type 0
User 4,Ozark: Season 3: All In (Episode 10),2022-03-23 11:25:16,3,Device Type 0
User 4,Ozark: Season 3: All In (Episode 10),2022-03-23 10:07:44,2707,Device Type 0
User 4,'83,2022-03-23 08:26:05,5569,Device Type 0
User 4,'83,2022-03-23 06:30:39,4143,Device Type 0
User 4,Ozark: Season 3: All In (Episode 10),2022-03-23 06:04:00,1041,Device Type 0
User 4,Ozark: Season 3: Fire Pink (Episode 9),2022-03-23 06:00:17,223,Device Type 0
User 4,Ozark: Season 3: Fire Pink (Episode 9),2022-03-23 04:18:30,3357,Device Type 0
User 4,Ozark: Season 3: BFF (Episode 8),2022-03-23 03:11:54,3298,Device Type 0
User 4,Ozark: Season 3: In Case of Emergency (Episode 7),2022-03-23 02:34:32,2230,Device Type 0
User 4,Ozark: Season 3: In Case of Emergency (Episode 7),2022-03-22 21:48:07,2895,Device Type 0
User 4,Ozark: Season 3: In Case of Emergency (Episode 7),2022-03-22 20:26:12,2880,Device Type 0
User 4,Ozark: Season 3: Su Casa Es Mi Casa (Episode 6),2022-03-22 20:14:02,729,Device Type 0
User 4,Ozark: Season 3: Boss Fight (Episode 4),2022-03-22 20:13:53,4,Device Type 0
User 4,Ozark: Season 3: Kevin Cronin Was Here (Episode 3),2022-03-22 20:13:17,33,Device Type 0
User 4,Ozark: Season 3: Su Casa Es Mi Casa (Episode 6),2022-03-22 18:32:29,2610,Device Type 0
User 4,Ozark: Season 3: It Came from Michoacán (Episode 5),2022-03-22 17:29:18,3609,Device Type 0
User 4,Ozark: Season 3: Boss Fight (Episode 4),2022-03-22 16:19:47,3038,Device Type 0
User 4,Ozark: Season 3: Kevin Cronin Was Here (Episode 3),2022-03-22 15:27:28,2654,Device Type 0
User 4,Ozark: Season 3: Kevin Cronin Was Here (Episode 3),2022-03-22 15:04:41,878,Device Type 0
User 4,Ozark: Season 3: Civil Union (Episode 2),2022-03-22 14:59:35,305,Device Type 0
User 4,Ozark: Season 3: Civil Union (Episode 2),2022-03-22 13:58:00,5,Device Type 0
User 4,Ozark: Season 3: Civil Union (Episode 2),2022-03-22 04:21:27,2544,Device Type 0
User 4,Ozark: Season 3: Civil Union (Episode 2),2022-03-22 04:04:49,932,Device Type 0
User 4,Ozark: Season 3: Wartime (Episode 1),2022-03-22 03:05:34,3037,Device Type 0
User 4,Ozark: Season 3: Wartime (Episode 1),2022-03-22 01:49:43,1960,Device Type 0
User 4,Ozark: Season 2: The Gold Coast (Episode 10),2022-03-22 01:40:52,525,Device Type 0
User 4,Ozark: Season 2: The Gold Coast (Episode 10),2022-03-22 01:14:50,1552,Device Type 0
User 4,Ozark: Season 2: The Gold Coast (Episode 10),2022-03-21 19:18:59,3391,Device Type 0
User 4,Ozark: Season 2: The Badger (Episode 9),2022-03-21 19:15:49,188,Device Type 0
User 4,Ozark: Season 2: The Badger (Episode 9),2022-03-21 18:45:20,1798,Device Type 0
User 4,Ozark: Season 2: The Badger (Episode 9),2022-03-21 18:03:02,419,Device Type 0
User 4,Ozark: Season 2: The Badger (Episode 9),2022-03-21 17:50:49,480,Device Type 0
User 4,Ozark: Season 2: The Badger (Episode 9),2022-03-21 17:28:39,105,Device Type 0
User 4,Ozark: Season 2: The Badger (Episode 9),2022-03-21 17:20:29,46,Device Type 0
User 4,Ozark: Season 2: The Badger (Episode 9),2022-03-21 09:32:29,798,Device Type 0
User 4,Ozark: Season 2: The Big Sleep (Episode 8),2022-03-21 09:07:47,1212,Device Type 0
User 4,Ozark: Season 2: The Big Sleep (Episode 8),2022-03-21 09:06:38,64,Device Type 0
User 4,Ozark: Season 2: The Big Sleep (Episode 8),2022-03-21 08:53:48,589,Device Type 0
User 4,Ozark: Season 2: The Big Sleep (Episode 8),2022-03-21 08:11:37,393,Device Type 0
User 4,Ozark: Season 2: The Big Sleep (Episode 8),2022-03-21 07:12:49,1364,Device Type 0
User 4,Ozark: Season 2: One Way Out (Episode 7),2022-03-21 06:53:02,1174,Device Type 0
User 4,Ozark: Season 2: One Way Out (Episode 7),2022-03-21 05:43:49,2360,Device Type 0
User 4,Ozark: Season 2: Outer Darkness (Episode 6),2022-03-21 05:39:57,231,Device Type 0
User 4,Ozark: Season 2: Outer Darkness (Episode 6),2022-03-21 03:55:55,3677,Device Type 0
User 4,Ozark: Season 2: Game Day (Episode 5),2022-03-21 03:24:16,1606,Device Type 0
User 4,Ozark: Season 2: Game Day (Episode 5),2022-03-21 02:40:23,915,Device Type 0
User 4,Ozark: Season 2: Game Day (Episode 5),2022-03-21 02:16:43,1366,Device Type 0
User 4,Ozark: Season 2: Stag (Episode 4),2022-03-21 01:05:12,3530,Device Type 0
User 4,Ozark: Season 2: Once a Langmore... (Episode 3),2022-03-21 00:44:51,1219,Device Type 0
User 4,Ozark: Season 2: Once a Langmore... (Episode 3),2022-03-20 19:32:32,1704,Device Type 0
User 4,Ozark: Season 2: Once a Langmore... (Episode 3),2022-03-20 19:01:00,971,Device Type 0
User 4,Ozark: Season 2: Once a Langmore... (Episode 3),2022-03-20 18:18:31,273,Device Type 0
User 4,Ozark: Season 2: The Precious Blood of Jesus (Episode 2),2022-03-20 17:44:50,1794,Device Type 0
User 4,Ozark: Season 2: The Precious Blood of Jesus (Episode 2),2022-03-20 17:11:30,1668,Device Type 0
User 4,Ozark: Season 2: Reparations (Episode 1),2022-03-20 17:06:57,273,Device Type 0
User 4,Ozark: Season 2: Reparations (Episode 1),2022-03-20 16:32:15,1979,Device Type 0
User 4,Ozark: Season 2: Reparations (Episode 1),2022-03-20 15:57:42,1379,Device Type 0
User 4,Ozark: Season 1: The Toll (Episode 10),2022-03-20 15:51:42,244,Device Type 0
User 4,Ozark: Season 1: The Toll (Episode 10),2022-03-20 15:31:31,140,Device Type 0
User 4,Ozark: Season 1: The Toll (Episode 10),2022-03-20 14:10:12,1935,Device Type 0
User 4,Ozark: Season 1: The Toll (Episode 10),2022-03-20 14:06:02,172,Device Type 0
User 4,Ozark: Season 1: The Toll (Episode 10),2022-03-20 13:30:46,1957,Device Type 0
User 4,"Ozark: Season 1: Coffee, Black (Episode 9)",2022-03-20 13:18:52,713,Device Type 0
User 4,"Ozark: Season 1: Coffee, Black (Episode 9)",2022-03-20 09:15:37,2624,Device Type 0
User 4,Ozark: Season 1: Kaleidoscope (Episode 8),2022-03-20 08:21:27,2960,Device Type 0
User 4,Ozark: Season 1: Nest Box (Episode 7),2022-03-20 07:20:52,3445,Device Type 0
User 4,Ozark: Season 1: Book of Ruth (Episode 6),2022-03-20 06:26:52,3096,Device Type 0
User 4,How to Get Away With Murder: Season 3: We're Bad People (Episode 10),2022-03-20 06:26:47,2,Device Type 0
User 4,Ozark: Season 1: Book of Ruth (Episode 6),2022-03-20 06:03:00,1418,Device Type 0
User 4,Ozark: Season 1: Ruling Days (Episode 5),2022-03-20 05:19:39,1906,Device Type 0
User 4,Ozark: Season 1: Ruling Days (Episode 5),2022-03-20 04:50:33,1286,Device Type 0
User 4,Ozark: Season 1: Tonight We Improvise (Episode 4),2022-03-20 03:53:59,3394,Device Type 0
User 4,Ozark: Season 1: My Dripping Sleep (Episode 3),2022-03-20 02:50:08,3423,Device Type 0
User 4,Ozark: Season 1: Blue Cat (Episode 2),2022-03-20 02:38:46,679,Device Type 0
User 4,Ozark: Season 1: My Dripping Sleep (Episode 3),2022-03-20 02:38:31,7,Device Type 0
User 4,Ozark: Season 1: Blue Cat (Episode 2),2022-03-19 20:45:17,3210,Device Type 0
User 4,Ozark: Season 1: Sugarwood (Episode 1),2022-03-19 20:32:27,748,Device Type 0
User 4,Ozark: Season 1: Sugarwood (Episode 1),2022-03-19 20:23:17,533,Device Type 0
User 4,Ozark: Season 1: Sugarwood (Episode 1),2022-03-19 14:07:33,2088,Device Type 0
User 4,The Other Guys,2022-03-19 12:45:05,4850,Device Type 0
User 4,The Other Guys,2022-03-19 12:43:42,49,Device Type 0
User 4,The Other Guys,2022-03-19 12:21:35,1234,Device Type 0
User 4,Thunder Force,2022-03-19 10:17:04,6123,Device Type 0
User 4,Trailer: Black Crab,2022-03-19 09:31:12,17,Device Type 0
User 4,Eternally Confused and Eager for Love: Season 1: Ray + Who? = Love (Episode 8),2022-03-19 09:08:04,1385,Device Type 0
User 4,Eternally Confused and Eager for Love: Season 1: Double Trouble (Episode 7),2022-03-19 08:44:15,1328,Device Type 0
User 4,Eternally Confused and Eager for Love: Season 1: Homecoming (Episode 6),2022-03-19 08:21:31,1335,Device Type 0
User 4,Eternally Confused and Eager for Love: Season 1: Foolproof (Episode 5),2022-03-19 08:00:06,1284,Device Type 0
User 4,Eternally Confused and Eager for Love: Season 1: Second Chance (Episode 4),2022-03-19 07:59:48,17,Device Type 0
User 4,Eternally Confused and Eager for Love: Season 1: Second Chance (Episode 4),2022-03-19 07:38:01,1054,Device Type 0
User 4,Eternally Confused and Eager for Love: Season 1: Stag Entry (Episode 3),2022-03-19 07:19:42,1088,Device Type 0
User 4,Eternally Confused and Eager for Love: Season 1: Blind Date (Episode 2),2022-03-19 07:19:39,1,Device Type 0
User 4,Eternally Confused and Eager for Love: Season 1: Blind Date (Episode 2),2022-03-19 07:01:09,1106,Device Type 0
User 4,Eternally Confused and Eager for Love: Season 1: Origin Story (Episode 1),2022-03-19 06:38:12,1264,Device Type 0
User 4,How to Get Away With Murder: Season 3: We're Bad People (Episode 10),2022-03-19 06:37:24,10,Device Type 0
User 4,How to Get Away With Murder: Season 3: We're Bad People (Episode 10),2022-03-19 04:09:03,1811,Device Type 0
User 4,How to Get Away With Murder: Season 3: Who's Dead? (Episode 9),2022-03-19 04:08:13,49,Device Type 0
User 4,How to Get Away With Murder: Season 3: Who's Dead? (Episode 9),2022-03-19 03:44:27,1280,Device Type 0
User 4,How to Get Away With Murder: Season 3: Who's Dead? (Episode 9),2022-03-19 03:12:36,1210,Device Type 0
User 4,How to Get Away With Murder: Season 3: No More Blood (Episode 8),2022-03-19 02:30:28,2528,Device Type 0
User 4,How to Get Away With Murder: Season 3: Call It Mother's Intuition (Episode 7),2022-03-19 02:20:43,584,Device Type 0
User 4,How to Get Away With Murder: Season 3: Call It Mother's Intuition (Episode 7),2022-03-19 01:44:58,2014,Device Type 0
User 4,How to Get Away With Murder: Season 3: Is Someone Really Dead? (Episode 6),2022-03-19 01:00:21,2501,Device Type 0
User 4,How to Get Away With Murder: Season 3: It's About Frank (Episode 5),2022-03-19 00:34:24,1555,Device Type 0
User 4,How to Get Away With Murder: Season 3: Is Someone Really Dead? (Episode 6),2022-03-19 00:32:33,104,Device Type 0
User 4,How to Get Away With Murder: Season 3: Is Someone Really Dead? (Episode 6),2022-03-18 20:22:03,102,Device Type 0
User 4,How to Get Away With Murder: Season 3: It's About Frank (Episode 5),2022-03-18 19:40:02,2520,Device Type 0
User 4,How to Get Away With Murder: Season 3: Don't Tell Annalise (Episode 4),2022-03-18 18:57:55,2511,Device Type 0
User 4,How to Get Away With Murder: Season 3: Always Bet Black (Episode 3),2022-03-18 18:04:03,2535,Device Type 0
User 4,How to Get Away With Murder: Season 3: There Are Worse Things Than Murder (Episode 2),2022-03-18 17:32:55,1612,Device Type 0
User 4,How to Get Away With Murder: Season 3: There Are Worse Things Than Murder (Episode 2),2022-03-18 17:05:46,895,Device Type 0
User 4,How to Get Away With Murder: Season 3: We're Good People Now (Episode 1),2022-03-18 16:21:32,2496,Device Type 0
User 4,How to Get Away With Murder: Season 2: Anna Mae (Episode 15),2022-03-18 16:17:44,227,Device Type 0
User 4,How to Get Away With Murder: Season 2: Anna Mae (Episode 15),2022-03-18 15:52:03,683,Device Type 0
User 4,How to Get Away With Murder: Season 2: Anna Mae (Episode 15),2022-03-18 15:23:31,1604,Device Type 0
User 4,How to Get Away With Murder: Season 2: There's My Baby (Episode 14),2022-03-18 14:39:15,2532,Device Type 0
User 4,How to Get Away With Murder: Season 2: There's My Baby (Episode 14),2022-03-18 14:31:17,18,Device Type 0
User 4,How to Get Away With Murder: Season 2: Something Bad Happened (Episode 13),2022-03-18 14:21:12,605,Device Type 0
User 4,How to Get Away With Murder: Season 2: Something Bad Happened (Episode 13),2022-03-18 13:48:49,1897,Device Type 0
User 4,How to Get Away With Murder: Season 2: It's a Trap (Episode 12),2022-03-18 13:28:38,1210,Device Type 0
User 4,How to Get Away With Murder: Season 2: It's a Trap (Episode 12),2022-03-18 13:03:22,1356,Device Type 0
User 4,How to Get Away With Murder: Season 2: She Hates Us (Episode 11),2022-03-18 12:21:16,2525,Device Type 0
User 4,"How to Get Away With Murder: Season 2: What Happened to You, Annalise? (Episode 10)",2022-03-18 12:05:54,804,Device Type 0
User 4,"How to Get Away With Murder: Season 2: What Happened to You, Annalise? (Episode 10)",2022-03-18 12:01:10,276,Device Type 0
User 4,"How to Get Away With Murder: Season 2: What Happened to You, Annalise? (Episode 10)",2022-03-18 11:24:32,1556,Device Type 0
User 4,How to Get Away With Murder: Season 2: What Did We Do? (Episode 9),2022-03-18 11:09:18,914,Device Type 0
User 4,How to Get Away With Murder: Season 2: What Did We Do? (Episode 9),2022-03-18 10:53:33,393,Device Type 0
User 4,How to Get Away With Murder: Season 2: What Did We Do? (Episode 9),2022-03-18 10:47:13,373,Device Type 0
User 4,How to Get Away With Murder: Season 2: What Did We Do? (Episode 9),2022-03-18 10:30:03,756,Device Type 0
User 4,How to Get Away With Murder: Season 2: What Did We Do? (Episode 9),2022-03-18 10:13:16,80,Device Type 0
User 4,"How to Get Away With Murder: Season 2: Hi, I'm Philip (Episode 8)",2022-03-18 09:27:43,2571,Device Type 0
User 4,How to Get Away With Murder: Season 2: I Want You to Die (Episode 7),2022-03-18 09:00:52,1609,Device Type 0
User 4,How to Get Away With Murder: Season 2: I Want You to Die (Episode 7),2022-03-18 08:18:54,906,Device Type 0
User 4,"How to Get Away With Murder: Season 2: Two Birds, One Millstone (Episode 6)",2022-03-18 07:45:41,1852,Device Type 0
User 4,"How to Get Away With Murder: Season 2: Two Birds, One Millstone (Episode 6)",2022-03-18 07:34:32,640,Device Type 0
User 4,13 Going on 30,2022-03-18 06:54:20,2260,Device Type 0
User 4,How to Get Away With Murder: Season 2: Meet Bonnie (Episode 5),2022-03-18 06:16:02,1943,Device Type 0
User 4,How to Get Away With Murder: Season 2: Meet Bonnie (Episode 5),2022-03-18 05:59:35,622,Device Type 0
User 4,How to Get Away With Murder: Season 2: Skanks Get Shanked (Episode 4),2022-03-18 05:35:18,1419,Device Type 0
User 4,How to Get Away With Murder: Season 2: Skanks Get Shanked (Episode 4),2022-03-18 05:11:40,1195,Device Type 0
User 4,How to Get Away With Murder: Season 2: It's Called the Octopus (Episode 3),2022-03-18 04:48:30,1350,Device Type 0
User 4,How to Get Away With Murder: Season 2: It's Called the Octopus (Episode 3),2022-03-18 04:23:24,1157,Device Type 0
User 4,How to Get Away With Murder: Season 2: She's Dying (Episode 2),2022-03-18 03:38:17,2315,Device Type 0
User 4,How to Get Away With Murder: Season 2: She's Dying (Episode 2),2022-03-18 03:33:31,211,Device Type 0
User 4,How to Get Away With Murder: Season 2: It's Time to Move On (Episode 1),2022-03-18 03:26:18,431,Device Type 0
User 4,How to Get Away With Murder: Season 2: It's Time to Move On (Episode 1),2022-03-17 22:04:24,1537,Device Type 0
User 4,How to Get Away With Murder: Season 1: It's All My Fault (Episode 15),2022-03-17 22:04:21,2,Device Type 0
User 4,How to Get Away With Murder: Season 1: The Night Lila Died (Episode 14),2022-03-17 22:04:08,10,Device Type 0
User 4,How to Get Away With Murder: Season 1: Mama's Here Now (Episode 13),2022-03-17 22:03:24,42,Device Type 0
User 4,How to Get Away With Murder: Season 1: The Night Lila Died (Episode 14),2022-03-17 22:03:12,5,Device Type 0
User 4,How to Get Away With Murder: Season 2: It's Time to Move On (Episode 1),2022-03-17 19:14:43,963,Device Type 0
User 4,How to Get Away With Murder: Season 1: It's All My Fault (Episode 15),2022-03-17 18:24:19,2620,Device Type 0
User 4,How to Get Away With Murder: Season 1: The Night Lila Died (Episode 14),2022-03-17 18:10:22,837,Device Type 0
User 4,How to Get Away With Murder: Season 1: The Night Lila Died (Episode 14),2022-03-17 16:43:30,1621,Device Type 0
User 4,How to Get Away With Murder: Season 1: Mama's Here Now (Episode 13),2022-03-17 16:13:13,1787,Device Type 0
User 4,How to Get Away With Murder: Season 1: Mama's Here Now (Episode 13),2022-03-17 15:47:22,741,Device Type 0
User 4,How to Get Away With Murder: Season 1: She's a Murderer (Episode 12),2022-03-17 15:33:10,803,Device Type 0
User 4,Rescued by Ruby,2022-03-17 15:24:59,486,Device Type 0
User 4,Rescued by Ruby,2022-03-17 10:34:38,4752,Device Type 0
User 4,How to Get Away With Murder: Season 1: She's a Murderer (Episode 12),2022-03-17 10:14:21,934,Device Type 0
User 4,How to Get Away With Murder: Season 1: She's a Murderer (Episode 12),2022-03-17 09:58:50,178,Device Type 0
User 4,How to Get Away With Murder: Season 1: She's a Murderer (Episode 12),2022-03-17 09:47:29,613,Device Type 0
User 4,How to Get Away With Murder: Season 1: Best Christmas Ever (Episode 11),2022-03-17 09:33:12,856,Device Type 0
User 4,How to Get Away With Murder: Season 1: Best Christmas Ever (Episode 11),2022-03-17 08:54:33,1572,Device Type 0
User 4,How to Get Away With Murder: Season 1: Best Christmas Ever (Episode 11),2022-03-17 08:40:49,7,Device Type 0
User 4,How to Get Away With Murder: Season 1: Best Christmas Ever (Episode 11),2022-03-17 08:10:40,112,Device Type 0
User 4,How to Get Away With Murder: Season 1: Hello Raskolnikov (Episode 10),2022-03-17 07:40:08,1593,Device Type 0
User 4,How to Get Away With Murder: Season 1: Hello Raskolnikov (Episode 10),2022-03-17 07:14:17,960,Device Type 0
User 4,"How to Get Away With Murder: Season 1: Kill Me, Kill Me, Kill Me (Episode 9)",2022-03-17 06:23:37,2504,Device Type 0
User 4,How to Get Away With Murder: Season 1: He Has a Wife (Episode 8),2022-03-17 06:00:33,1281,Device Type 0
User 4,How to Get Away With Murder: Season 1: He Has a Wife (Episode 8),2022-03-17 04:54:34,1418,Device Type 0
User 4,How to Get Away With Murder: Season 1: He Deserved to Die (Episode 7),2022-03-17 04:15:42,2045,Device Type 0
User 4,How to Get Away With Murder: Season 1: He Deserved to Die (Episode 7),2022-03-17 04:05:02,476,Device Type 0
User 4,How to Get Away With Murder: Season 1: Freakin' Whack-a-Mole (Episode 6),2022-03-17 03:53:00,719,Device Type 0
User 4,How to Get Away With Murder: Season 1: He Deserved to Die (Episode 7),2022-03-17 03:52:43,2,Device Type 0
User 4,How to Get Away With Murder: Season 1: He Deserved to Die (Episode 7),2022-03-17 03:33:47,967,Device Type 0
User 4,How to Get Away With Murder: Season 1: Freakin' Whack-a-Mole (Episode 6),2022-03-17 02:51:55,2511,Device Type 0
User 4,How to Get Away With Murder: Season 1: We're Not Friends (Episode 5),2022-03-17 02:51:51,3,Device Type 0
User 4,How to Get Away With Murder: Season 1: We're Not Friends (Episode 5),2022-03-17 02:31:31,741,Device Type 0
User 4,How to Get Away With Murder: Season 1: We're Not Friends (Episode 5),2022-03-16 16:30:02,1850,Device Type 0
User 4,How to Get Away With Murder: Season 1: Let's Get to Scooping (Episode 4),2022-03-16 15:40:28,2698,Device Type 0
User 4,"How to Get Away With Murder: Season 1: Smile, or Go to Jail (Episode 3)",2022-03-16 14:46:19,2644,Device Type 0
User 4,"How to Get Away With Murder: Season 1: Smile, or Go to Jail (Episode 3)",2022-03-16 13:58:08,433,Device Type 0
User 4,How to Get Away With Murder: Season 1: It's All Her Fault (Episode 2),2022-03-16 13:11:23,2513,Device Type 0
User 4,How to Get Away With Murder: Season 1: Pilot (Episode 1),2022-03-16 12:24:35,2593,Device Type 0
User 4,L.A.’s Finest: Season 1: Dangerous Minds (Episode 9),2022-03-16 12:21:59,131,Device Type 0
User 4,L.A.’s Finest: Season 1: Dead Men Tell No Tales (Episode 8),2022-03-16 12:16:59,299,Device Type 0
User 4,L.A.’s Finest: Season 1: Dead Men Tell No Tales (Episode 8),2022-03-16 12:05:41,218,Device Type 0
User 4,L.A.’s Finest: Season 1: Dead Men Tell No Tales (Episode 8),2022-03-16 10:58:49,1103,Device Type 0
User 4,L.A.’s Finest: Season 1: Book of Secrets (Episode 7),2022-03-16 10:58:43,3,Device Type 0
User 4,The Adam Project,2022-03-16 10:34:19,1358,Device Type 2
User 4,The Adam Project,2022-03-16 10:34:19,1304,Device Type 2
User 4,Zombieland: Double Tap_hook_02_16x9,2022-03-16 10:34:02,11,Device Type 2
User 4,L.A.’s Finest: Season 1: Dead Men Tell No Tales (Episode 8),2022-03-16 10:11:14,1181,Device Type 0
User 4,L.A.’s Finest: Season 1: Book of Secrets (Episode 7),2022-03-16 10:02:04,549,Device Type 0
User 4,L.A.’s Finest: Season 1: Book of Secrets (Episode 7),2022-03-16 09:46:12,750,Device Type 0
User 4,L.A.’s Finest: Season 1: Book of Secrets (Episode 7),2022-03-16 09:16:42,539,Device Type 0
User 4,L.A.’s Finest: Season 1: Book of Secrets (Episode 7),2022-03-16 08:52:18,1059,Device Type 0
User 4,L.A.’s Finest: Season 1: …My Lovely (Episode 6),2022-03-16 08:34:19,1079,Device Type 0
User 4,L.A.’s Finest: Season 1: …My Lovely (Episode 6),2022-03-16 07:58:16,1508,Device Type 0
User 4,L.A.’s Finest: Season 1: Farewell… (Episode 5),2022-03-16 07:36:30,1306,Device Type 0
User 4,L.A.’s Finest: Season 1: Farewell… (Episode 5),2022-03-16 07:14:20,331,Device Type 0
User 4,L.A.’s Finest: Season 1: Farewell… (Episode 5),2022-03-16 06:51:48,224,Device Type 0
User 4,L.A.’s Finest: Season 1: Farewell… (Episode 5),2022-03-16 06:26:01,727,Device Type 0
User 4,L.A.’s Finest: Season 1: Déjà Vu (Episode 4),2022-03-16 06:18:16,435,Device Type 0
User 4,L.A.’s Finest: Season 1: Déjà Vu (Episode 4),2022-03-16 05:23:10,95,Device Type 0
User 4,L.A.’s Finest: Season 1: Déjà Vu (Episode 4),2022-03-16 04:41:01,2114,Device Type 0
User 4,L.A.’s Finest: Season 1: Con Air (Episode 3),2022-03-16 04:20:39,1222,Device Type 0
User 4,Dangal_hook_primary_16x9,2022-03-15 20:47:33,6,Device Type 0
User 4,YES DAY,2022-03-15 19:25:37,4912,Device Type 0
User 4,Trailer: Yes Day,2022-03-15 19:25:26,4,Device Type 0
User 4,Trailer: Yes Day,2022-03-15 19:22:44,148,Device Type 0
User 4,L.A.’s Finest: Season 1: Con Air (Episode 3),2022-03-15 18:47:33,1475,Device Type 0
User 4,L.A.’s Finest: Season 1: Defiance (Episode 2),2022-03-15 18:00:50,2799,Device Type 0
User 4,L.A.’s Finest: Season 1: Pilot (Episode 1),2022-03-15 17:57:11,219,Device Type 0
User 4,The Adam Project,2022-03-15 17:51:11,1739,Device Type 2
User 4,The Adam Project,2022-03-15 16:20:20,329,Device Type 2
User 4,L.A.’s Finest: Season 1: Pilot (Episode 1),2022-03-15 16:16:48,584,Device Type 0
User 4,L.A.’s Finest: Season 1: Pilot (Episode 1),2022-03-15 15:44:17,1311,Device Type 0
User 4,L.A.’s Finest: Season 1: Pilot (Episode 1),2022-03-15 15:22:58,658,Device Type 0
User 4,Suits: Season 8: Rocky 8 (Episode 11),2022-03-15 15:16:43,182,Device Type 0
User 4,Suits: Season 8: Rocky 8 (Episode 11),2022-03-15 15:04:13,333,Device Type 0
User 4,Suits: Season 8: Rocky 8 (Episode 11),2022-03-15 14:23:09,1590,Device Type 0
User 4,The Adam Project,2022-03-15 14:18:17,1244,Device Type 2
User 4,Suits: Season 8: Managing Partner (Episode 10),2022-03-15 13:58:58,1434,Device Type 0
User 4,Suits: Season 8: Rocky 8 (Episode 11),2022-03-15 13:45:38,297,Device Type 0
User 4,Suits: Season 8: Managing Partner (Episode 10),2022-03-15 13:01:03,2674,Device Type 0
User 4,The Adam Project,2022-03-15 12:43:25,482,Device Type 2
User 4,Men in Black International_hook_02_16x9,2022-03-15 12:40:35,4,Device Type 2
User 4,Suits: Season 8: Motion to Delay (Episode 9),2022-03-15 12:29:45,1878,Device Type 0
User 4,Suits: Season 8: Coral Gables (Episode 8),2022-03-15 12:29:14,30,Device Type 0
User 4,Suits: Season 8: Motion to Delay (Episode 9),2022-03-15 11:31:43,679,Device Type 0
User 4,Suits: Season 8: Coral Gables (Episode 8),2022-03-15 11:29:29,133,Device Type 0
User 4,Suits: Season 8: Coral Gables (Episode 8),2022-03-15 10:43:33,2673,Device Type 0
User 4,Suits: Season 8: Sour Grapes (Episode 7),2022-03-15 10:29:21,703,Device Type 0
User 4,Suits: Season 8: Sour Grapes (Episode 7),2022-03-15 10:14:07,553,Device Type 0
User 4,Suits: Season 8: Sour Grapes (Episode 7),2022-03-15 09:43:35,1235,Device Type 0
User 4,"Suits: Season 8: Cats, Ballet, Harvey Specter (Episode 6)",2022-03-15 08:47:41,1764,Device Type 0
User 4,"Suits: Season 8: Cats, Ballet, Harvey Specter (Episode 6)",2022-03-15 08:45:49,104,Device Type 0
User 4,"Suits: Season 8: Cats, Ballet, Harvey Specter (Episode 6)",2022-03-15 08:11:43,720,Device Type 0
User 4,Suits: Season 8: Good Mudding (Episode 5),2022-03-15 07:58:53,749,Device Type 0
User 4,Suits: Season 8: Good Mudding (Episode 5),2022-03-15 06:18:23,1729,Device Type 0
User 4,Suits: Season 8: Revenue Per Square Foot (Episode 4),2022-03-15 06:13:18,241,Device Type 0
User 4,Suits: Season 8: Revenue Per Square Foot (Episode 4),2022-03-15 05:19:54,345,Device Type 0
User 4,Suits: Season 8: Revenue Per Square Foot (Episode 4),2022-03-15 04:40:59,1820,Device Type 0
User 4,"Suits: Season 8: Promises, Promises (Episode 3)",2022-03-15 04:20:01,1106,Device Type 0
User 4,"Suits: Season 8: Promises, Promises (Episode 3)",2022-03-15 03:41:25,1287,Device Type 0
User 4,Suits: Season 8: Pecking Order (Episode 2),2022-03-15 03:36:35,289,Device Type 0
User 4,Suits: Season 8: Pecking Order (Episode 2),2022-03-15 03:21:15,861,Device Type 0
User 4,Suits: Season 8: Pecking Order (Episode 2),2022-03-15 02:49:38,1220,Device Type 0
User 4,Suits: Season 8: Pecking Order (Episode 2),2022-03-14 23:29:01,124,Device Type 0
User 4,Suits: Season 8: Right-Hand Man (Episode 1),2022-03-14 23:05:49,1384,Device Type 0
User 4,Trailer: Rescued by Ruby,2022-03-14 22:45:31,54,Device Type 0
User 4,Trailer: Windfall,2022-03-14 22:44:16,53,Device Type 0
User 4,Season 1 Trailer: Human Resources,2022-03-14 22:44:04,11,Device Type 0
User 4,Season 2 Trailer: Top Boy,2022-03-14 22:43:53,10,Device Type 0
User 4,Trailer: The In Between,2022-03-14 21:47:19,164,Device Type 0
User 4,Season 1 High Context Clip: Is It Cake?,2022-03-14 21:47:09,4,Device Type 0
User 4,Season 1 Supporting Character Clip: Eternally Confused and Eager for Love,2022-03-14 21:47:00,8,Device Type 0
User 4,Trailer: Black Crab,2022-03-14 21:46:55,4,Device Type 0
User 4,Trailer: The Bubble,2022-03-14 21:46:46,7,Device Type 0
User 4,Suits: Season 8: Right-Hand Man (Episode 1),2022-03-14 20:43:10,1097,Device Type 0
User 4,Suits: Season 7: Good-Bye (Episode 16),2022-03-14 19:16:07,3245,Device Type 0
User 4,Suits: Season 7: Tiny Violin (Episode 15),2022-03-14 18:33:11,2575,Device Type 0
User 4,Suits: Season 7: Pulling the Goalie (Episode 14),2022-03-14 17:24:35,2913,Device Type 0
User 4,Suits: Season 7: Tiny Violin (Episode 15),2022-03-14 17:24:11,9,Device Type 0
User 4,Suits: Season 7: Pulling the Goalie (Episode 14),2022-03-14 17:24:02,5,Device Type 0
User 4,Suits: Season 7: Inevitable (Episode 13),2022-03-14 16:59:16,544,Device Type 0
User 4,Suits: Season 7: Inevitable (Episode 13),2022-03-14 12:20:12,2065,Device Type 0
User 4,Suits: Season 7: Bad Man (Episode 12),2022-03-14 11:34:37,2529,Device Type 0
User 4,Suits: Season 7: Hard Truths (Episode 11),2022-03-14 11:19:09,927,Device Type 0
User 4,Suits: Season 7: Hard Truths (Episode 11),2022-03-14 10:50:03,1457,Device Type 0
User 4,Suits: Season 7: Donna (Episode 10),2022-03-14 10:30:34,1122,Device Type 0
User 4,Suits: Season 7: Donna (Episode 10),2022-03-14 10:01:12,1500,Device Type 0
User 4,Suits: Season 7: Shame (Episode 9),2022-03-14 10:00:55,16,Device Type 0
User 4,Suits: Season 7: Shame (Episode 9),2022-03-14 09:42:17,267,Device Type 0
User 4,Suits: Season 7: Shame (Episode 9),2022-03-14 08:56:57,2222,Device Type 0
User 4,Suits: Season 7: 100 (Episode 8),2022-03-14 08:54:06,170,Device Type 0
User 4,That's My Boy,2022-03-14 08:54:02,1,Device Type 0
User 4,Suits: Season 7: 100 (Episode 8),2022-03-14 06:01:31,815,Device Type 0
User 4,Suits: Season 7: 100 (Episode 8),2022-03-14 04:45:13,1604,Device Type 0
User 4,Suits: Season 7: Full Disclosure (Episode 7),2022-03-14 03:55:01,2519,Device Type 0
User 4,Suits: Season 7: Shame (Episode 9),2022-03-14 03:54:40,10,Device Type 0
User 4,Suits: Season 7: Shame (Episode 9),2022-03-14 02:30:14,1739,Device Type 0
User 4,Suits: Season 7: 100 (Episode 8),2022-03-14 01:45:55,2589,Device Type 0
User 4,Suits: Season 7: Full Disclosure (Episode 7),2022-03-14 01:43:12,152,Device Type 0
User 4,Suits: Season 7: Full Disclosure (Episode 7),2022-03-14 00:43:24,1824,Device Type 0
User 4,Suits: Season 7: Full Disclosure (Episode 7),2022-03-14 00:23:05,518,Device Type 0
User 4,Suits: Season 7: Home to Roost (Episode 6),2022-03-14 00:22:31,34,Device Type 0
User 4,Suits: Season 7: Full Disclosure (Episode 7),2022-03-14 00:22:15,7,Device Type 0
User 4,Suits: Season 7: Home to Roost (Episode 6),2022-03-14 00:05:31,991,Device Type 0
User 4,Suits: Season 7: Home to Roost (Episode 6),2022-03-13 20:03:31,2146,Device Type 0
User 4,Suits: Season 7: Brooklyn Housing (Episode 5),2022-03-13 19:59:11,260,Device Type 0
User 4,Suits: Season 7: Brooklyn Housing (Episode 5),2022-03-13 19:15:12,1650,Device Type 0
User 4,Suits: Season 7: Brooklyn Housing (Episode 5),2022-03-13 18:55:49,616,Device Type 0
User 4,Suits: Season 7: Divide and Conquer (Episode 4),2022-03-13 18:14:33,2422,Device Type 0
User 4,Suits: Season 7: Mudmare (Episode 3),2022-03-13 17:30:00,2412,Device Type 0
User 4,Suits: Season 7: The Statue (Episode 2),2022-03-13 16:39:40,2408,Device Type 0
User 4,Suits: Season 7: Skin in the Game (Episode 1),2022-03-13 15:42:34,2632,Device Type 0
User 4,Suits: Season 6: Character and Fitness (Episode 16),2022-03-13 14:56:16,2571,Device Type 0
User 4,Suits: Season 6: Quid Pro Quo (Episode 15),2022-03-13 14:08:16,2441,Device Type 0
User 4,Suits: Season 6: Admission of Guilt (Episode 14),2022-03-13 13:11:55,2441,Device Type 0
User 4,"Suits: Season 6: Teeth, Nose, Teeth (Episode 13)",2022-03-13 12:55:07,1007,Device Type 0
User 4,That's My Boy,2022-03-13 12:37:04,1075,Device Type 0
User 4,"Suits: Season 6: Teeth, Nose, Teeth (Episode 13)",2022-03-13 12:04:22,1537,Device Type 0
User 4,Suits: Season 6: The Painting (Episode 12),2022-03-13 11:47:03,1039,Device Type 0
User 4,Suits: Season 6: The Painting (Episode 12),2022-03-13 11:06:41,1435,Device Type 0
User 4,Suits: Season 6: She's Gone (Episode 11),2022-03-13 10:26:35,1843,Device Type 0
User 4,Suits: Season 6: She's Gone (Episode 11),2022-03-13 09:47:10,681,Device Type 0
User 4,Suits: Season 6: P.S.L. (Episode 10),2022-03-13 09:06:33,2436,Device Type 0
User 4,Suits: Season 6: P.S.L. (Episode 10),2022-03-13 09:04:29,103,Device Type 0
User 4,Suits: Season 6: The Hand That Feeds You (Episode 9),2022-03-13 08:24:02,2393,Device Type 0
User 4,Suits: Season 6: Borrowed Time (Episode 8),2022-03-13 08:23:46,14,Device Type 0
User 4,Suits: Season 6: Borrowed Time (Episode 8),2022-03-13 07:35:52,2463,Device Type 0
User 4,Suits: Season 6: Shake the Trees (Episode 7),2022-03-13 06:54:57,2454,Device Type 0
User 4,Suits: Season 6: Spain (Episode 6),2022-03-13 06:13:40,2450,Device Type 0
User 4,Suits: Season 6: Trust (Episode 5),2022-03-13 06:09:19,260,Device Type 0
User 4,Suits: Season 6: Trust (Episode 5),2022-03-13 05:25:27,2145,Device Type 0
User 4,Suits: Season 6: Turn (Episode 4),2022-03-13 04:32:14,2413,Device Type 0
User 4,Suits: Season 6: Back on the Map (Episode 3),2022-03-13 04:27:54,259,Device Type 0
User 4,Suits: Season 6: Back on the Map (Episode 3),2022-03-13 03:44:17,2155,Device Type 0
User 4,Suits: Season 6: Accounts Payable (Episode 2),2022-03-13 03:03:05,2466,Device Type 0
User 4,Suits: Season 6: To Trouble (Episode 1),2022-03-13 02:24:19,2312,Device Type 0
User 4,Suits: Season 5: 25th Hour (Episode 16),2022-03-13 02:06:08,1089,Device Type 0
User 4,Suits: Season 5: No Puedo Hacerlo (Episode 4),2022-03-13 02:05:54,8,Device Type 0
User 4,Suits: Season 6: To Trouble (Episode 1),2022-03-13 02:02:44,183,Device Type 0
User 4,Suits: Season 6: To Trouble (Episode 1),2022-03-12 18:38:36,62,Device Type 0
User 4,Suits: Season 5: 25th Hour (Episode 16),2022-03-12 18:09:24,1751,Device Type 0
User 4,Suits: Season 5: 25th Hour (Episode 16),2022-03-12 17:56:39,578,Device Type 0
User 4,Suits: Season 5: 25th Hour (Episode 16),2022-03-12 17:50:41,341,Device Type 0
User 4,Suits: Season 5: Tick Tock (Episode 15),2022-03-12 17:41:44,536,Device Type 0
User 4,Suits: Season 5: Tick Tock (Episode 15),2022-03-12 16:27:37,1961,Device Type 0
User 4,Suits: Season 5: Self Defense (Episode 14),2022-03-12 16:24:53,163,Device Type 0
User 4,Suits: Season 5: Self Defense (Episode 14),2022-03-12 14:00:04,2355,Device Type 0
User 4,Suits: Season 5: God's Green Earth (Episode 13),2022-03-12 13:53:25,399,Device Type 0
User 4,Suits: Season 5: God's Green Earth (Episode 13),2022-03-12 08:33:21,1417,Device Type 0
User 4,Suits: Season 5: God's Green Earth (Episode 13),2022-03-12 08:16:54,635,Device Type 0
User 4,Suits: Season 5: Live to Fight... (Episode 12),2022-03-12 07:40:39,1904,Device Type 0
User 4,Suits: Season 5: Live to Fight... (Episode 12),2022-03-12 07:24:49,597,Device Type 0
User 4,Suits: Season 5: Blowback (Episode 11),2022-03-12 07:24:36,13,Device Type 0
User 4,Suits: Season 5: Blowback (Episode 11),2022-03-12 07:03:59,1204,Device Type 0
User 4,Suits: Season 5: Blowback (Episode 11),2022-03-12 06:35:23,1386,Device Type 0
User 4,Suits: Season 5: Faith (Episode 10),2022-03-12 05:52:33,2569,Device Type 0
User 4,Suits: Season 5: Uninvited Guests (Episode 9),2022-03-12 05:23:45,1649,Device Type 0
User 4,Suits: Season 5: Uninvited Guests (Episode 9),2022-03-12 05:10:30,274,Device Type 0
User 4,Suits: Season 5: Uninvited Guests (Episode 9),2022-03-11 09:56:53,597,Device Type 0
User 4,Suits: Season 5: Mea Culpa (Episode 8),2022-03-11 09:16:51,2286,Device Type 0
User 4,Badhaai Do,2022-03-11 09:03:15,661,Device Type 0
User 4,Badhaai Do,2022-03-11 07:04:23,3618,Device Type 0
User 4,Badhaai Do,2022-03-11 05:51:30,4224,Device Type 0
User 4,Suits: Season 5: Mea Culpa (Episode 8),2022-03-11 05:02:52,447,Device Type 0
User 4,Suits: Season 5: Hitting Home (Episode 7),2022-03-11 04:18:25,2520,Device Type 0
User 4,Suits: Season 5: Privilege (Episode 6),2022-03-11 03:38:50,2370,Device Type 0
User 4,Suits: Season 5: Toe to Toe (Episode 5),2022-03-11 03:34:04,286,Device Type 0
User 4,Suits: Season 5: Toe to Toe (Episode 5),2022-03-11 03:06:34,1411,Device Type 0
User 4,Suits: Season 5: Toe to Toe (Episode 5),2022-03-11 02:53:01,800,Device Type 0
User 4,Suits: Season 5: No Puedo Hacerlo (Episode 4),2022-03-11 02:29:34,1405,Device Type 0
User 4,Suits: Season 5: No Puedo Hacerlo (Episode 4),2022-03-10 19:39:53,1082,Device Type 0
User 4,Suits: Season 5: No Refills (Episode 3),2022-03-10 18:49:07,2484,Device Type 0
User 4,Suits: Season 5: Compensation (Episode 2),2022-03-10 18:08:59,2407,Device Type 0
User 4,Suits: Season 5: Denial (Episode 1),2022-03-10 18:08:51,7,Device Type 0
User 4,Suits: Season 5: Compensation (Episode 2),2022-03-10 18:00:17,16,Device Type 0
User 4,Suits: Season 5: Denial (Episode 1),2022-03-10 17:55:26,291,Device Type 0
User 4,Suits: Season 5: Denial (Episode 1),2022-03-10 17:44:21,369,Device Type 0
User 4,Suits: Season 5: Denial (Episode 1),2022-03-10 17:23:39,1238,Device Type 0
User 4,Suits: Season 5: Denial (Episode 1),2022-03-10 17:05:25,620,Device Type 0
User 4,Suits: Season 4: Not Just a Pretty Face (Episode 16),2022-03-10 16:42:06,1356,Device Type 0
User 4,Suits: Season 4: Not Just a Pretty Face (Episode 16),2022-03-10 16:15:34,1318,Device Type 0
User 4,DEATH NOTE: Death Note: Unraveling (Episode 6),2022-03-10 15:38:14,6,Device Type 5
User 4,Suits: Season 4: Intent (Episode 15),2022-03-10 15:30:22,2567,Device Type 0
User 4,DEATH NOTE: Death Note: Tactics (Episode 5),2022-03-10 15:18:09,1203,Device Type 5
User 4,DEATH NOTE: Death Note: Pursuit (Episode 4),2022-03-10 14:56:45,1283,Device Type 5
User 4,DEATH NOTE: Death Note: Dealings (Episode 3),2022-03-10 14:46:13,628,Device Type 5
User 4,Suits: Season 4: Derailed (Episode 14),2022-03-10 14:42:45,2082,Device Type 0
User 4,Suits: Season 4: Derailed (Episode 14),2022-03-10 13:11:34,488,Device Type 0
User 4,Suits: Season 4: Fork in the Road (Episode 13),2022-03-10 12:46:06,1298,Device Type 0
User 4,DEATH NOTE: Death Note: Dealings (Episode 3),2022-03-10 08:20:34,660,Device Type 5
User 4,DEATH NOTE: Death Note: Confrontation (Episode 2),2022-03-10 07:58:33,1313,Device Type 5
User 4,DEATH NOTE: Death Note: Rebirth (Episode 1),2022-03-10 04:11:26,1116,Device Type 5
User 4,Death Note_hook_primary_16x9,2022-03-10 04:11:14,9,Device Type 5
User 4,The Big Bang Theory: Season 1_hook_primary_16x9,2022-03-10 04:11:04,5,Device Type 5
User 4,Trailer: Mimi,2022-03-10 04:10:49,11,Device Type 5
User 4,Naruto: Season 1_hook_primary_16x9,2022-03-10 04:10:41,5,Device Type 5
User 4,Pacific Rim_hook_primary_16x9,2022-03-10 04:09:52,45,Device Type 5
User 4,Season 5 Supporting Character Clip: The Last Kingdom,2022-03-10 04:09:28,6,Device Type 5
User 4,The Holiday - Clip 1,2022-03-09 18:13:52,10,Device Type 0
User 4,Medical Police: Season 1 - Clip 1,2022-03-09 18:13:31,20,Device Type 0
User 4,Dad Stop Embarrassing Me!: Season 1 - Clip 1,2022-03-09 18:13:02,29,Device Type 0
User 4,Dad Stop Embarrassing Me!: Season 1 - Clip 1,2022-03-09 18:12:54,6,Device Type 0
User 4,Kevin Hart's Guide to Black History - Clip 3,2022-03-09 18:12:22,31,Device Type 0
User 4,After Life: Season 1 - Clip 1 Cutdown,2022-03-09 18:11:25,56,Device Type 0
User 4,The Chair: Season 1 - Clip 3,2022-03-09 18:11:11,14,Device Type 0
User 4,Jack and Jill - Clip 3,2022-03-09 18:11:06,4,Device Type 0
User 4,The Kominsky Method: Season 2 - Clip 2,2022-03-09 18:10:53,10,Device Type 0
User 4,Ghostbusters - Clip 2,2022-03-09 18:10:26,26,Device Type 0
User 4,The Ugly Truth - Clip 2,2022-03-09 18:09:36,44,Device Type 0
User 4,Hubie Halloween - Clip 1,2022-03-09 18:09:26,9,Device Type 0
User 4,The Meyerowitz Stories (New and Selected) - Clip 1,2022-03-09 18:09:13,12,Device Type 0
User 4,Dad Stop Embarrassing Me!: Season 1 - Clip 2,2022-03-09 18:08:45,27,Device Type 0
User 4,Instant Family,2022-03-09 17:12:39,3325,Device Type 0
User 4,Instant Family,2022-03-09 16:18:44,127,Device Type 0
User 4,Instant Family,2022-03-09 15:17:30,3500,Device Type 0
User 4,Pacific Rim,2022-03-09 04:17:48,1035,Device Type 5
User 4,Pacific Rim,2022-03-08 15:18:12,3659,Device Type 5
User 4,Pacific Rim,2022-03-08 08:08:38,2521,Device Type 5
User 4,Pacific Rim_hook_primary_16x9,2022-03-08 08:08:32,4,Device Type 5
User 4,Venom: Let There Be Carnage_hook_03_16x9,2022-03-08 08:08:09,9,Device Type 5
User 4,The Big Bang Theory: Season 1_hook_primary_16x9,2022-03-08 08:07:01,31,Device Type 5
User 4,Naruto: Season 1_hook_primary_16x9,2022-03-08 08:06:40,13,Device Type 5
User 4,Season 1 Moment of High Emotion Clip: The Fame Game,2022-03-08 08:06:27,9,Device Type 5
User 4,Suits: Season 4: Fork in the Road (Episode 13),2022-03-08 07:05:44,1301,Device Type 0
User 4,Suits: Season 4: Fork in the Road (Episode 13),2022-03-08 07:04:14,55,Device Type 0
User 4,Naruto: Season 9: The Village of Artisans: Departure (Episode 8),2022-03-07 07:26:14,242,Device Type 3
User 4,Suits: Season 4: Fork in the Road (Episode 13),2022-03-07 07:12:02,1,Device Type 0
User 4,Naruto: Season 9: The Village of Artisans: The Ultimate Weapon Reborn (Episode 7),2022-03-07 07:08:55,1036,Device Type 3
User 4,The Departed_hook_primary_16x9,2022-03-07 07:08:37,6,Device Type 3
User 4,Venom: Let There Be Carnage_hook_03_16x9,2022-03-07 04:35:04,6,Device Type 3
User 4,Suits: Season 4: Respect (Episode 12),2022-03-06 18:32:00,2422,Device Type 0
User 4,Suits: Season 4: Enough is Enough (Episode 11),2022-03-06 18:18:14,825,Device Type 0
User 4,Suits: Season 4: Enough is Enough (Episode 11),2022-03-06 17:46:45,1690,Device Type 0
User 4,Suits: Season 4: This Is Rome (Episode 10),2022-03-06 17:33:13,811,Device Type 0
User 4,Suits: Season 4: This Is Rome (Episode 10),2022-03-01 10:18:30,1742,Device Type 0
User 4,Suits: Season 4: Gone (Episode 9),2022-03-01 09:45:06,1863,Device Type 0
User 4,Suits: Season 4: Gone (Episode 9),2022-03-01 04:45:43,166,Device Type 0
User 4,Suits: Season 4: Exposure (Episode 8),2022-03-01 04:04:29,2474,Device Type 0
User 4,Suits: Season 4: We're Done (Episode 7),2022-03-01 04:03:40,46,Device Type 0
User 4,Suits: Season 4: We're Done (Episode 7),2022-03-01 03:42:05,760,Device Type 0
User 4,Suits: Season 4: We're Done (Episode 7),2022-03-01 03:00:07,2367,Device Type 0
User 4,Suits: Season 4: Litt the Hell Up (Episode 6),2022-03-01 02:44:13,954,Device Type 0
User 4,Suits: Season 4: Litt the Hell Up (Episode 6),2022-03-01 02:12:42,1586,Device Type 0
User 4,Suits: Season 4: Pound of Flesh (Episode 5),2022-03-01 01:51:44,1252,Device Type 0
User 4,Suits: Season 4: Pound of Flesh (Episode 5),2022-02-28 20:13:54,1228,Device Type 0
User 4,Suits: Season 4: Leveraged (Episode 4),2022-02-28 19:29:17,2598,Device Type 0
User 4,Suits: Season 4: Two in the Knees (Episode 3),2022-02-28 19:28:57,18,Device Type 0
User 4,Suits: Season 4: Two in the Knees (Episode 3),2022-02-28 18:15:02,1392,Device Type 0
User 4,Suits: Season 4: Two in the Knees (Episode 3),2022-02-28 04:08:22,1130,Device Type 0
User 4,"Suits: Season 4: Breakfast, Lunch and Dinner (Episode 2)",2022-02-28 03:31:27,2215,Device Type 0
User 4,"Suits: Season 4: Breakfast, Lunch and Dinner (Episode 2)",2022-02-26 13:46:45,270,Device Type 0
User 4,Suits: Season 4: One-Two-Three Go... (Episode 1),2022-02-26 13:26:22,1049,Device Type 0
User 4,Suits: Season 4: One-Two-Three Go... (Episode 1),2022-02-26 12:52:04,1441,Device Type 0
User 4,Suits: Season 3: No Way Out (Episode 16),2022-02-26 12:46:50,314,Device Type 0
User 4,Suits: Season 3: No Way Out (Episode 16),2022-02-25 08:08:18,279,Device Type 0
User 4,Suits: Season 3: No Way Out (Episode 16),2022-02-25 07:54:30,726,Device Type 0
User 4,Suits: Season 3: No Way Out (Episode 16),2022-02-25 04:22:24,1340,Device Type 0
User 4,Suits: Season 3: Know When to Fold 'Em (Episode 15),2022-02-25 03:40:54,2489,Device Type 0
User 4,Suits: Season 3: Heartburn (Episode 14),2022-02-25 03:24:40,962,Device Type 0
User 4,Suits: Season 3: Heartburn (Episode 14),2022-02-25 02:55:54,1564,Device Type 0
User 4,Suits: Season 3: Moot Point (Episode 13),2022-02-25 02:31:41,1449,Device Type 0
User 4,Suits: Season 3: Know When to Fold 'Em (Episode 15),2022-02-25 02:31:18,11,Device Type 0
User 4,Suits: Season 3: Heartburn (Episode 14),2022-02-24 20:30:55,2491,Device Type 0
User 4,Suits: Season 3: Moot Point (Episode 13),2022-02-24 20:05:52,1502,Device Type 0
User 4,Suits: Season 3: Moot Point (Episode 13),2022-02-24 19:42:37,1004,Device Type 0
User 4,Suits: Season 3: Yesterday’s Gone (Episode 12),2022-02-24 18:59:47,2446,Device Type 0
User 4,Suits: Season 3: Buried Secrets (Episode 11),2022-02-24 18:18:07,2499,Device Type 0
User 4,Suits: Season 3: Stay (Episode 10),2022-02-24 18:01:33,993,Device Type 0
User 4,Suits: Season 3: Stay (Episode 10),2022-02-24 17:36:19,1503,Device Type 0
User 4,Suits: Season 3: Bad Faith (Episode 9),2022-02-24 17:20:50,929,Device Type 0
User 4,Suits: Season 3: Bad Faith (Episode 9),2022-02-24 17:00:09,89,Device Type 0
User 4,Suits: Season 3: Bad Faith (Episode 9),2022-02-24 16:44:11,947,Device Type 0
User 4,Suits: Season 3: Bad Faith (Episode 9),2022-02-24 15:59:23,561,Device Type 0
User 4,Suits: Season 3: Endgame (Episode 8),2022-02-24 15:19:05,2404,Device Type 0
User 4,Suits: Season 3: Endgame (Episode 8),2022-02-24 14:47:45,146,Device Type 0
User 4,Suits: Season 3: She's Mine (Episode 7),2022-02-24 14:43:14,269,Device Type 0
User 4,Suits: Season 3: She's Mine (Episode 7),2022-02-24 03:54:54,2227,Device Type 0
User 4,Suits: Season 3: The Other Time (Episode 6),2022-02-24 03:37:56,1016,Device Type 0
User 4,Angels & Demons,2022-02-24 03:37:48,4,Device Type 0
User 4,Suits: Season 3: The Other Time (Episode 6),2022-02-24 03:14:44,1132,Device Type 0
User 4,Suits: Season 3: The Other Time (Episode 6),2022-02-24 03:06:30,381,Device Type 0
User 4,Suits: Season 3: She's Mine (Episode 7),2022-02-24 03:05:59,25,Device Type 0
User 4,Suits: Season 3: The Other Time (Episode 6),2022-02-24 03:05:54,2,Device Type 0
User 4,Suits: Season 3: Shadow of a Doubt (Episode 5),2022-02-24 03:05:34,15,Device Type 0
User 4,Suits: Season 3: Shadow of a Doubt (Episode 5),2022-02-24 02:32:03,1718,Device Type 0
User 4,Suits: Season 3: Shadow of a Doubt (Episode 5),2022-02-24 02:27:15,285,Device Type 0
User 4,Suits: Season 3: Shadow of a Doubt (Episode 5),2022-02-23 19:05:51,515,Device Type 0
User 4,Suits: Season 3: Conflict of Interest (Episode 4),2022-02-23 19:05:45,3,Device Type 0
User 4,Suits: Season 3: Conflict of Interest (Episode 4),2022-02-23 18:23:19,2494,Device Type 0
User 4,Suits: Season 3: Unfinished Business (Episode 3),2022-02-23 18:11:07,726,Device Type 0
User 4,Suits: Season 3: Unfinished Business (Episode 3),2022-02-23 17:37:30,1940,Device Type 0
User 4,Suits: Season 3: I Want You to Want Me (Episode 2),2022-02-23 17:25:35,715,Device Type 0
User 4,Suits: Season 3: I Want You to Want Me (Episode 2),2022-02-23 16:09:44,1833,Device Type 0
User 4,Suits: Season 3: The Arrangement (Episode 1),2022-02-23 15:49:15,1188,Device Type 0
User 4,Suits: Season 3: The Arrangement (Episode 1),2022-02-23 15:20:22,1669,Device Type 0
User 4,Suits: Season 2: War (Episode 16),2022-02-23 15:15:43,234,Device Type 0
User 4,Suits: Season 2: War (Episode 16),2022-02-23 15:02:57,121,Device Type 0
User 4,Suits: Season 2: War (Episode 16),2022-02-23 05:38:26,328,Device Type 0
User 4,Suits: Season 2: War (Episode 16),2022-02-23 04:00:35,1869,Device Type 0
User 4,Suits: Season 2: Normandy (Episode 15),2022-02-23 03:18:30,2500,Device Type 0
User 4,Suits: Season 2: He's Back (Episode 14),2022-02-23 03:11:55,395,Device Type 0
User 4,Suits: Season 2: He's Back (Episode 14),2022-02-23 01:41:53,2003,Device Type 0
User 4,Suits: Season 2: Normandy (Episode 15),2022-02-23 01:41:35,6,Device Type 0
User 4,Suits: Season 2: Normandy (Episode 15),2022-02-22 21:34:20,1416,Device Type 0
User 4,Suits: Season 2: He's Back (Episode 14),2022-02-22 20:52:44,2494,Device Type 0
User 4,Suits: Season 2: Zane Vs. Zane (Episode 13),2022-02-22 20:45:54,409,Device Type 0
User 4,Suits: Season 2: Zane Vs. Zane (Episode 13),2022-02-22 20:20:19,1307,Device Type 0
User 4,Suits: Season 2: Zane Vs. Zane (Episode 13),2022-02-22 20:00:34,814,Device Type 0
User 4,Suits: Season 2: Blood in the Water (Episode 12),2022-02-22 19:19:05,2487,Device Type 0
User 4,Suits: Season 2: Blind-Sided (Episode 11),2022-02-22 18:36:56,2473,Device Type 0
User 4,Suits: Season 2: High Noon (Episode 10),2022-02-22 18:02:21,2023,Device Type 0
User 4,Suits: Season 2: High Noon (Episode 10),2022-02-22 17:35:35,609,Device Type 0
User 4,Suits: Season 2: Asterisk (Episode 9),2022-02-22 17:09:51,1543,Device Type 0
User 4,Suits: Season 2: Asterisk (Episode 9),2022-02-22 16:29:37,1040,Device Type 0
User 4,Suits: Season 2: Rewind (Episode 8),2022-02-22 16:17:30,726,Device Type 0
User 4,Suits: Season 2: Rewind (Episode 8),2022-02-22 15:42:44,1817,Device Type 0
User 4,Suits: Season 2: Sucker Punch (Episode 7),2022-02-22 15:27:10,933,Device Type 0
User 4,Suits: Season 2: Sucker Punch (Episode 7),2022-02-22 15:02:19,1454,Device Type 0
User 4,Suits: Season 2: Sucker Punch (Episode 7),2022-02-22 14:59:50,145,Device Type 0
User 4,Suits: Season 2: All In (Episode 6),2022-02-22 14:51:13,516,Device Type 0
User 4,Suits: Season 2: All In (Episode 6),2022-02-22 13:20:46,2062,Device Type 0
User 4,Suits: Season 2: Break Point (Episode 5),2022-02-22 13:12:15,511,Device Type 0
User 4,Suits: Season 2: Break Point (Episode 5),2022-02-22 12:55:41,340,Device Type 0
User 4,Suits: Season 2: Break Point (Episode 5),2022-02-22 12:38:52,427,Device Type 0
User 4,Suits: Season 2: Break Point (Episode 5),2022-02-22 12:34:49,105,Device Type 0
User 4,Suits: Season 2: Break Point (Episode 5),2022-02-22 12:27:09,450,Device Type 0
User 4,Suits: Season 2: Break Point (Episode 5),2022-02-22 03:48:41,705,Device Type 0
User 4,Suits: Season 2: Discovery (Episode 4),2022-02-22 03:06:20,2541,Device Type 0
User 4,Suits: Season 2: Meet the New Boss (Episode 3),2022-02-22 03:00:50,330,Device Type 0
User 4,Suits: Season 2: Meet the New Boss (Episode 3),2022-02-22 02:25:21,1807,Device Type 0
User 4,Suits: Season 2: Meet the New Boss (Episode 3),2022-02-21 20:28:45,402,Device Type 0
User 4,Suits: Season 2: The Choice (Episode 2),2022-02-21 19:45:54,2570,Device Type 0
User 4,Suits: Season 2: She Knows (Episode 1),2022-02-21 19:03:43,2531,Device Type 0
User 4,Suits: Season 1: Dog Fight (Episode 12),2022-02-21 18:22:38,2464,Device Type 0
User 4,Suits: Season 1: Rules of the Game (Episode 11),2022-02-21 17:39:05,2516,Device Type 0
User 4,Suits: Season 1: The Shelf Life (Episode 10),2022-02-21 17:20:40,996,Device Type 0
User 4,Suits: Season 1: Undefeated (Episode 9),2022-02-21 17:19:27,53,Device Type 0
User 4,Suits: Season 1: Rules of the Game (Episode 11),2022-02-21 17:18:47,27,Device Type 0
User 4,Suits: Season 1: Rules of the Game (Episode 11),2022-02-21 16:44:34,503,Device Type 0
User 4,Suits: Season 1: The Shelf Life (Episode 10),2022-02-21 16:02:49,2504,Device Type 0
User 4,Suits: Season 1: Undefeated (Episode 9),2022-02-21 15:59:43,185,Device Type 0
User 4,Suits: Season 1: Undefeated (Episode 9),2022-02-21 15:36:40,1317,Device Type 0
User 4,Suits: Season 1: Undefeated (Episode 9),2022-02-21 15:13:59,1039,Device Type 0
User 4,Suits: Season 1: Identity Crisis (Episode 8),2022-02-21 15:03:27,630,Device Type 0
User 4,Suits: Season 1: Identity Crisis (Episode 8),2022-02-21 14:55:08,486,Device Type 0
User 4,Suits: Season 1: Identity Crisis (Episode 8),2022-02-21 14:50:08,293,Device Type 0
User 4,Suits: Season 1: Identity Crisis (Episode 8),2022-02-21 03:46:29,894,Device Type 0
User 4,Suits: Season 1: Identity Crisis (Episode 8),2022-02-21 03:41:46,280,Device Type 0
User 4,Suits: Season 1: Play the Man (Episode 7),2022-02-21 02:57:05,2507,Device Type 0
User 4,Suits: Season 1: Tricks of the Trade (Episode 6),2022-02-21 02:56:47,15,Device Type 0
User 4,Suits: Season 1: Tricks of the Trade (Episode 6),2022-02-21 02:10:20,2513,Device Type 0
User 4,Suits: Season 1: Bail Out (Episode 5),2022-02-21 01:26:06,2539,Device Type 0
User 4,Suits: Season 1: Play the Man (Episode 7),2022-02-21 01:25:05,47,Device Type 0
User 4,Suits: Season 1: Tricks of the Trade (Episode 6),2022-02-21 00:30:04,2531,Device Type 0
User 4,Suits: Season 1: Bail Out (Episode 5),2022-02-20 23:48:24,2499,Device Type 0
User 4,Suits: Season 1: Dirty Little Secrets (Episode 4),2022-02-20 23:05:38,2533,Device Type 0
User 4,Suits: Season 1: Inside Track (Episode 3),2022-02-20 22:30:41,2086,Device Type 0
User 4,Suits: Season 1: Inside Track (Episode 3),2022-02-20 21:41:17,1122,Device Type 0
User 4,Suits: Season 1: Errors and Omissions (Episode 2),2022-02-20 21:01:20,2396,Device Type 0
User 4,Suits: Season 1: Errors and Omissions (Episode 2),2022-02-20 20:46:04,134,Device Type 0
User 4,Suits: Season 1: Pilot Part 1 & 2 (Episode 1),2022-02-20 19:46:25,3578,Device Type 0
User 4,Suits: Season 1: Pilot Part 1 & 2 (Episode 1),2022-02-20 19:39:25,405,Device Type 0
User 4,Suits: Season 1: Pilot Part 1 & 2 (Episode 1),2022-02-20 19:19:15,885,Device Type 0
User 4,Inventing Anna: Limited Series: Life of a VIP (Episode 1),2022-02-20 19:19:13,1,Device Type 0
User 4,Suits: Season 1: Pilot Part 1 & 2 (Episode 1),2022-02-20 19:19:08,3,Device Type 0
User 4,The Good Doctor: Season 3: I Love You (Episode 20),2022-02-20 19:02:23,946,Device Type 0
User 4,The Good Doctor: Season 3: I Love You (Episode 20),2022-02-20 18:34:30,1613,Device Type 0
User 4,The Good Doctor: Season 3: Hurt (Episode 19),2022-02-20 18:13:23,1249,Device Type 0
User 4,The Good Doctor: Season 3: Hurt (Episode 19),2022-02-20 17:53:38,1182,Device Type 0
User 4,The Good Doctor: Season 3: Hurt (Episode 19),2022-02-20 17:52:00,95,Device Type 0
User 4,The Good Doctor: Season 3: Heartbreak (Episode 18),2022-02-20 17:37:25,875,Device Type 0
User 4,The Good Doctor: Season 3: Heartbreak (Episode 18),2022-02-20 17:09:10,1684,Device Type 0
User 4,The Good Doctor: Season 3: Fixation (Episode 17),2022-02-20 16:53:28,846,Device Type 0
User 4,The Good Doctor: Season 3: Fixation (Episode 17),2022-02-20 16:43:24,316,Device Type 0
User 4,The Good Doctor: Season 3: Fixation (Episode 17),2022-02-20 16:41:06,5,Device Type 0
User 4,The Good Doctor: Season 3: Fixation (Episode 17),2022-02-20 15:09:17,1404,Device Type 0
User 4,The Good Doctor: Season 3: Autopsy (Episode 16),2022-02-20 14:57:33,703,Device Type 0
User 4,The Good Doctor: Season 3: Autopsy (Episode 16),2022-02-20 12:57:07,3379,Device Type 0
User 4,The Good Doctor: Season 3: Unsaid (Episode 15),2022-02-20 12:51:04,363,Device Type 0
User 4,The Good Doctor: Season 3: Unsaid (Episode 15),2022-02-20 12:13:29,2163,Device Type 0
User 4,The Good Doctor: Season 3: Influence (Episode 14),2022-02-20 12:08:44,284,Device Type 0
User 4,The Good Doctor: Season 3: Influence (Episode 14),2022-02-20 11:05:24,2270,Device Type 0
User 4,The Good Doctor: Season 3: Sex and Death (Episode 13),2022-02-20 10:46:32,1131,Device Type 0
User 4,The Good Doctor: Season 3: Sex and Death (Episode 13),2022-02-20 10:28:46,957,Device Type 0
User 4,The Good Doctor: Season 3: Sex and Death (Episode 13),2022-02-20 10:04:44,491,Device Type 0
User 4,The Good Doctor: Season 3: Mutations (Episode 12),2022-02-20 09:21:14,2510,Device Type 0
User 4,The Good Doctor: Season 3: Fractured (Episode 11),2022-02-20 08:36:57,2525,Device Type 0
User 4,The Good Doctor: Season 3: Friends and Family (Episode 10),2022-02-20 08:32:44,253,Device Type 0
User 4,The Good Doctor: Season 3: Friends and Family (Episode 10),2022-02-20 08:03:36,1482,Device Type 0
User 4,The Good Doctor: Season 3: Friends and Family (Episode 10),2022-02-20 07:42:58,826,Device Type 0
User 4,The Good Doctor: Season 3: Incomplete (Episode 9),2022-02-20 07:10:30,1773,Device Type 0
User 4,The Good Doctor: Season 3: Incomplete (Episode 9),2022-02-20 07:04:52,274,Device Type 0
User 4,The Good Doctor: Season 3: Incomplete (Episode 9),2022-02-20 06:48:22,509,Device Type 0
User 4,The Good Doctor: Season 3: Moonshot (Episode 8),2022-02-20 06:36:11,713,Device Type 0
User 4,The Good Doctor: Season 3: Moonshot (Episode 8),2022-02-20 05:52:56,1871,Device Type 0
User 4,The Good Doctor: Season 3: Sfad (Episode 7),2022-02-20 05:09:10,2555,Device Type 0
User 4,The Good Doctor: Season 3: 45-degree Angle (Episode 6),2022-02-20 04:53:48,851,Device Type 0
User 4,The Good Doctor: Season 3: 45-degree Angle (Episode 6),2022-02-20 03:50:53,1743,Device Type 0
User 4,"The Good Doctor: Season 3: First Case, Second Base (Episode 5)",2022-02-20 03:19:13,1899,Device Type 0
User 4,"The Good Doctor: Season 3: First Case, Second Base (Episode 5)",2022-02-20 03:04:38,441,Device Type 0
User 4,"The Good Doctor: Season 3: First Case, Second Base (Episode 5)",2022-02-20 02:55:44,229,Device Type 0
User 4,The Good Doctor: Season 3: Take My Hand (Episode 4),2022-02-20 02:24:35,1868,Device Type 0
User 4,The Good Doctor: Season 3: Take My Hand (Episode 4),2022-02-19 20:31:46,707,Device Type 0
User 4,The Good Doctor: Season 3: Claire (Episode 3),2022-02-19 20:12:37,1129,Device Type 0
User 4,The Good Doctor: Season 3: Claire (Episode 3),2022-02-19 19:46:11,1487,Device Type 0
User 4,The Good Doctor: Season 3: Debts (Episode 2),2022-02-19 19:38:29,462,Device Type 0
User 4,The Good Doctor: Season 3: Debts (Episode 2),2022-02-19 19:08:17,1788,Device Type 0
User 4,The Good Doctor: Season 3: Debts (Episode 2),2022-02-19 18:58:19,321,Device Type 0
User 4,The Good Doctor: Season 3: Disaster (Episode 1),2022-02-19 18:36:09,621,Device Type 0
User 4,The Good Doctor: Season 3: Disaster (Episode 1),2022-02-19 17:31:34,1861,Device Type 0
User 4,The Good Doctor: Season 2: Trampoline (Episode 18),2022-02-19 16:50:54,503,Device Type 0
User 4,The Good Doctor: Season 2: Trampoline (Episode 18),2022-02-19 16:07:19,1338,Device Type 0
User 4,The Good Doctor: Season 2: Trampoline (Episode 18),2022-02-19 15:54:05,785,Device Type 0
User 4,The Good Doctor: Season 2: Breakdown (Episode 17),2022-02-19 15:09:01,2546,Device Type 0
User 4,The Good Doctor: Season 2: Believe (Episode 16),2022-02-19 15:04:14,281,Device Type 0
User 4,The Good Doctor: Season 2: Believe (Episode 16),2022-02-19 14:58:52,282,Device Type 0
User 4,The Good Doctor: Season 2: Believe (Episode 16),2022-02-19 14:34:33,1415,Device Type 0
User 4,The Good Doctor: Season 2: Believe (Episode 16),2022-02-19 14:30:22,230,Device Type 0
User 4,The Good Doctor: Season 2: Believe (Episode 16),2022-02-19 14:06:10,437,Device Type 0
User 4,The Good Doctor: Season 2: Risk and Reward (Episode 15),2022-02-19 13:22:17,2554,Device Type 0
User 4,The Good Doctor: Season 2: Faces (Episode 14),2022-02-19 12:37:09,2108,Device Type 0
User 4,The Good Doctor: Season 2: Faces (Episode 14),2022-02-19 06:08:43,489,Device Type 0
User 4,The Good Doctor: Season 2: Xin (Episode 13),2022-02-19 05:19:54,2569,Device Type 0
User 4,The Good Doctor: Season 2: Aftermath (Episode 12),2022-02-19 04:47:36,1373,Device Type 0
User 4,The Good Doctor: Season 2: Aftermath (Episode 12),2022-02-18 19:45:24,889,Device Type 0
User 4,The Good Doctor: Season 2: Aftermath (Episode 12),2022-02-18 16:59:18,311,Device Type 0
User 4,The Good Doctor: Season 2: Quarantine: Part 2 (Episode 11),2022-02-18 16:59:14,2,Device Type 0
User 4,The Good Doctor: Season 2: Quarantine (Episode 10),2022-02-18 16:57:14,118,Device Type 0
User 4,The Good Doctor: Season 2: Empathy (Episode 9),2022-02-18 16:14:32,2548,Device Type 0
User 4,The Good Doctor: Season 2: Stories (Episode 8),2022-02-18 16:10:19,253,Device Type 0
User 4,The Good Doctor: Season 2: Stories (Episode 8),2022-02-18 15:32:05,1563,Device Type 0
User 4,The Good Doctor: Season 2: Stories (Episode 8),2022-02-18 15:12:15,721,Device Type 0
User 4,The Good Doctor: Season 2: Hubert (Episode 7),2022-02-18 15:06:07,209,Device Type 0
User 4,The Good Doctor: Season 2: Hubert (Episode 7),2022-02-18 14:56:33,299,Device Type 0
User 4,The Good Doctor: Season 2: Hubert (Episode 7),2022-02-18 14:43:29,482,Device Type 0
User 4,The Good Doctor: Season 2: Hubert (Episode 7),2022-02-18 14:10:47,1479,Device Type 0
User 4,The Good Doctor: Season 2: Hubert (Episode 7),2022-02-18 14:01:41,81,Device Type 0
User 4,The Good Doctor: Season 2: Two-ply (or Not Two-ply) (Episode 6),2022-02-18 13:26:27,2053,Device Type 0
User 4,The Good Doctor: Season 2: Two-ply (or Not Two-ply) (Episode 6),2022-02-18 13:21:37,75,Device Type 0
User 4,The Good Doctor: Season 2: Two-ply (or Not Two-ply) (Episode 6),2022-02-18 06:29:10,93,Device Type 0
User 4,The Good Doctor: Season 2: Two-ply (or Not Two-ply) (Episode 6),2022-02-18 05:53:07,163,Device Type 0
User 4,The Good Doctor: Season 2: Two-ply (or Not Two-ply) (Episode 6),2022-02-18 05:46:13,181,Device Type 0
User 4,The Good Doctor: Season 2: Carrots (Episode 5),2022-02-18 05:14:34,1565,Device Type 0
User 4,The Good Doctor: Season 2: Carrots (Episode 5),2022-02-18 05:02:36,610,Device Type 0
User 4,The Good Doctor: Season 2: Carrots (Episode 5),2022-02-18 04:52:00,230,Device Type 0
User 4,The Good Doctor: Season 2: Carrots (Episode 5),2022-02-18 04:18:44,169,Device Type 0
User 4,The Good Doctor: Season 2: Tough Titmouse (Episode 4),2022-02-18 03:32:50,2555,Device Type 0
User 4,The Good Doctor: Season 2: 36 Hours (Episode 3),2022-02-18 03:15:55,819,Device Type 0
User 4,The Good Doctor: Season 2: 36 Hours (Episode 3),2022-02-18 02:43:46,1735,Device Type 0
User 4,The Good Doctor: Season 2: Middle Ground (Episode 2),2022-02-18 02:00:56,2565,Device Type 0
User 4,The Good Doctor: Season 2: Middle Ground (Episode 2),2022-02-17 20:41:20,2191,Device Type 0
User 4,The Good Doctor: Season 2: Hello (Episode 1),2022-02-17 20:31:59,561,Device Type 0
User 4,The Good Doctor: Season 2: Hello (Episode 1),2022-02-17 19:54:00,1958,Device Type 0
User 4,The Good Doctor: Season 1: More (Episode 18),2022-02-17 19:11:23,2556,Device Type 0
User 4,The Good Doctor: Season 1: Smile (Episode 17),2022-02-17 19:02:06,556,Device Type 0
User 4,Seinfeld: Season 1: Seinfeld (Episode 1),2022-02-17 19:01:43,3,Device Type 0
User 4,The Good Doctor: Season 1: Smile (Episode 17),2022-02-17 18:19:31,2002,Device Type 0
User 4,The Good Doctor: Season 1: Pain (Episode 16),2022-02-17 17:37:29,2522,Device Type 0
User 4,The Good Doctor: Season 1: Heartfelt (Episode 15),2022-02-17 16:54:10,2598,Device Type 0
User 4,The Good Doctor: Season 1: She (Episode 14),2022-02-17 16:44:06,603,Device Type 0
User 4,The Good Doctor: Season 1: She (Episode 14),2022-02-17 09:02:48,440,Device Type 0
User 4,The Good Doctor: Season 1: She (Episode 14),2022-02-17 03:15:38,1510,Device Type 0
User 4,The Good Doctor: Season 1: Seven Reasons (Episode 13),2022-02-17 02:44:23,1874,Device Type 0
User 4,The Good Doctor: Season 1: Seven Reasons (Episode 13),2022-02-16 20:57:43,674,Device Type 0
User 4,The Good Doctor: Season 1: Islands: Part 2 (Episode 12),2022-02-16 20:15:32,2527,Device Type 0
User 4,The Good Doctor: Season 1: Islands: Part 1 (Episode 11),2022-02-16 20:14:00,91,Device Type 0
User 4,The Good Doctor: Season 1: Islands: Part 2 (Episode 12),2022-02-16 20:13:48,5,Device Type 0
User 4,The Good Doctor: Season 1: Islands: Part 1 (Episode 11),2022-02-16 19:31:38,2447,Device Type 0
User 4,The Good Doctor: Season 1: Sacrifice (Episode 10),2022-02-16 19:13:41,1070,Device Type 0
User 4,The Good Doctor: Season 1: Sacrifice (Episode 10),2022-02-16 18:38:31,1158,Device Type 0
User 4,War of the Worlds,2022-02-16 14:51:20,3367,Device Type 5
User 4,War of the Worlds_hook_primary_16x9,2022-02-16 14:51:12,4,Device Type 5
User 4,War of the Worlds,2022-02-16 08:06:46,2149,Device Type 5
User 4,War of the Worlds_hook_primary_16x9,2022-02-16 08:06:32,10,Device Type 5
User 4,Sully,2022-02-16 07:56:33,565,Device Type 5
User 4,The Jackal_hook_primary_16x9,2022-02-16 07:54:29,80,Device Type 5
User 4,S.W.A.T.: S.W.A.T.: Season 1_hook_primary_16x9,2022-02-16 07:54:12,4,Device Type 5
User 4,Sully_hook_primary_16x9,2022-02-16 07:53:49,18,Device Type 5
User 4,Body of Lies_hook_primary_16x9,2022-02-16 07:53:36,5,Device Type 5
User 4,Season 1 Trailer 2: All of Us Are Dead,2022-02-16 07:52:56,4,Device Type 5
User 4,Sweet Home: Season 1_CLIP_MUSIC_NON1,2022-02-16 07:50:42,90,Device Type 5
User 4,Blade Runner 2049_hook_primary_16x9,2022-02-16 07:49:20,30,Device Type 5
User 4,Focus_hook_primary_16x9,2022-02-16 07:48:34,40,Device Type 5
User 4,The Fugitive_hook_primary_16x9,2022-02-16 07:48:03,8,Device Type 5
User 4,Naruto: Season 1_hook_primary_16x9,2022-02-16 07:47:41,7,Device Type 5
User 4,The Good Doctor: Season 1: Sacrifice (Episode 10),2022-02-16 04:07:13,476,Device Type 0
User 4,The Good Doctor: Season 1: Intangibles (Episode 9),2022-02-16 04:07:06,4,Device Type 0
User 4,The Good Doctor: Season 1: Intangibles (Episode 9),2022-02-16 03:44:56,923,Device Type 0
User 4,Naruto: Season 9: The Village of Artisans: The Counterattack! (Episode 6),2022-02-16 03:14:31,1184,Device Type 5
User 4,The Good Doctor: Season 1: Intangibles (Episode 9),2022-02-16 03:14:30,1615,Device Type 0
User 4,Naruto: Season 6: Pure Terror! The House of Orochimaru (Episode 4),2022-02-16 03:12:42,12,Device Type 5
User 4,The Meg_hook_primary_16x9,2022-02-16 03:10:45,85,Device Type 5
User 4,Now You See Me 2_hook_primary_16x9,2022-02-16 03:10:15,20,Device Type 5
User 4,The Good Doctor: Season 1: Apple (Episode 8),2022-02-16 02:45:08,1761,Device Type 0
User 4,The Good Doctor: Season 1: Apple (Episode 8),2022-02-16 02:22:27,811,Device Type 0
User 4,The Good Doctor: Season 1: 22 Steps (Episode 7),2022-02-16 01:55:06,1389,Device Type 0
User 4,The Good Doctor: Season 1: 22 Steps (Episode 7),2022-02-15 19:39:45,1145,Device Type 0
User 4,The Good Doctor: Season 1: Not Fake (Episode 6),2022-02-15 19:34:48,296,Device Type 0
User 4,The Queen's Gambit: Limited Series: End Game (Episode 7),2022-02-15 18:19:48,4181,Device Type 0
User 4,The Queen's Gambit: Limited Series: Adjournment (Episode 6),2022-02-15 17:20:25,3539,Device Type 0
User 4,The Queen's Gambit: Limited Series: Fork (Episode 5),2022-02-15 16:34:47,2731,Device Type 0
User 4,The Queen's Gambit: Limited Series: Middle Game (Episode 4),2022-02-15 16:19:06,937,Device Type 0
User 4,The Queen's Gambit: Limited Series: Middle Game (Episode 4),2022-02-15 16:12:39,331,Device Type 0
User 4,The Queen's Gambit: Limited Series: Middle Game (Episode 4),2022-02-15 15:31:57,412,Device Type 0
User 4,The Queen's Gambit: Limited Series: Middle Game (Episode 4),2022-02-15 15:08:33,1116,Device Type 0
User 4,Now You See Me 2,2022-02-15 14:54:07,4859,Device Type 5
User 4,Rush Hour 2_hook_primary_16x9,2022-02-15 14:53:47,4,Device Type 5
User 4,The Queen's Gambit: Limited Series: Doubled Pawns (Episode 3),2022-02-15 14:34:26,2015,Device Type 0
User 4,The Queen's Gambit: Limited Series: Doubled Pawns (Episode 3),2022-02-15 14:23:50,596,Device Type 0
User 4,The Queen's Gambit: Limited Series: Exchanges (Episode 2),2022-02-15 13:16:59,3762,Device Type 0
User 4,The Queen's Gambit: Limited Series: Openings (Episode 1),2022-02-15 12:10:20,3123,Device Type 0
User 4,The Queen's Gambit: Limited Series: Openings (Episode 1),2022-02-15 12:04:22,317,Device Type 0
User 4,Rush Hour,2022-02-15 11:56:56,327,Device Type 0
User 4,Rush Hour,2022-02-15 11:46:05,639,Device Type 0
User 4,Rush Hour,2022-02-15 11:26:26,886,Device Type 0
User 4,Angel Has Fallen,2022-02-15 11:14:05,731,Device Type 0
User 4,Angel Has Fallen,2022-02-15 11:09:46,20,Device Type 0
User 4,Angel Has Fallen,2022-02-15 10:26:31,2168,Device Type 0
User 4,Angel Has Fallen,2022-02-15 09:52:18,1467,Device Type 0
User 4,Angel Has Fallen,2022-02-15 09:13:50,2049,Device Type 0
User 4,Sherlock: Series 2: The Reichenbach Fall (Episode 3),2022-02-15 08:47:19,1563,Device Type 0
User 4,Sherlock: Series 2: The Hounds of Baskerville (Episode 2),2022-02-15 08:35:16,722,Device Type 0
User 4,Now You See Me 2,2022-02-15 07:58:58,1185,Device Type 5
User 4,Sherlock: Series 2: The Hounds of Baskerville (Episode 2),2022-02-15 06:29:41,1474,Device Type 0
User 4,Sherlock: Series 2: The Hounds of Baskerville (Episode 2),2022-02-15 06:01:15,1288,Device Type 0
User 4,Sherlock: Series 2: The Hounds of Baskerville (Episode 2),2022-02-15 05:55:03,185,Device Type 0
User 4,Sherlock: Series 2: The Hounds of Baskerville (Episode 2),2022-02-15 05:47:09,470,Device Type 0
User 4,The Good Doctor: Season 1: Not Fake (Episode 6),2022-02-15 05:13:22,1309,Device Type 0
User 4,Mission: Impossible II,2022-02-15 04:06:42,3771,Device Type 0
User 4,Mission: Impossible II,2022-02-15 03:44:37,395,Device Type 0
User 4,Mission: Impossible II,2022-02-15 03:34:22,285,Device Type 0
User 4,Mission: Impossible II,2022-02-15 03:01:19,1914,Device Type 0
User 4,Mission: Impossible II,2022-02-15 02:49:21,431,Device Type 0
User 4,Mission: Impossible II,2022-02-15 02:40:31,371,Device Type 0
User 4,Mission: Impossible,2022-02-15 02:20:29,1196,Device Type 0
User 4,Mission: Impossible,2022-02-14 17:53:49,5105,Device Type 0
User 4,Mission: Impossible,2022-02-14 17:31:56,115,Device Type 0
User 4,The Good Doctor: Season 1: Not Fake (Episode 6),2022-02-14 17:24:04,430,Device Type 0
User 4,Flight,2022-02-14 17:05:38,2,Device Type 0
User 4,Flight,2022-02-14 15:37:43,198,Device Type 0
User 4,Flight,2022-02-14 15:13:08,1453,Device Type 0
User 4,Jack Ryan: Shadow Recruit,2022-02-14 14:20:45,2730,Device Type 0
User 4,Jack Ryan: Shadow Recruit,2022-02-14 13:51:20,1147,Device Type 0
User 4,Jack Ryan: Shadow Recruit,2022-02-14 13:46:22,283,Device Type 0
User 4,Jack Ryan: Shadow Recruit,2022-02-14 12:45:43,1194,Device Type 0
User 4,Jack Ryan: Shadow Recruit,2022-02-14 11:29:34,770,Device Type 0
User 4,White House Down,2022-02-14 11:11:42,822,Device Type 0
User 4,White House Down,2022-02-14 10:26:44,776,Device Type 0
User 4,White House Down,2022-02-14 09:54:21,613,Device Type 0
User 4,White House Down,2022-02-14 09:51:05,67,Device Type 0
User 4,White House Down,2022-02-14 09:47:56,88,Device Type 0
User 4,White House Down,2022-02-14 09:39:55,446,Device Type 0
User 4,White House Down,2022-02-14 09:33:01,172,Device Type 0
User 4,"Naruto: Season 6: Pure Betrayal, and a Fleeting Plea! (Episode 3)",2022-02-14 08:03:23,30,Device Type 5
User 4,Naruto: Season 1_hook_primary_16x9,2022-02-14 08:03:12,8,Device Type 5
User 4,Venom_hook_primary_16x9,2022-02-14 08:02:59,10,Device Type 5
User 4,Naruto: Season 1_hook_primary_16x9,2022-02-14 08:02:51,5,Device Type 5
User 4,White House Down,2022-02-14 06:03:44,275,Device Type 0
User 4,Now You See Me 2,2022-02-14 04:31:08,815,Device Type 5
User 4,Now You See Me 2_hook_primary_16x9,2022-02-14 04:31:00,5,Device Type 5
User 4,The Bourne Identity_hook_primary_16x9,2022-02-14 04:30:50,5,Device Type 5
User 4,Inglourious Basterds_hook_primary_16x9,2022-02-14 04:30:07,38,Device Type 5
User 4,Wu Assassins: Asian American Diner (Rich Hook),2022-02-14 04:28:26,91,Device Type 5
User 4,Marvel's Daredevil: Season 1_VAR2-RECIPE-1_AGENCY1,2022-02-14 04:28:00,10,Device Type 5
User 4,Trailer: Inventing Anna,2022-02-14 04:27:32,9,Device Type 5
User 4,Sully_hook_primary_16x9,2022-02-14 04:27:26,4,Device Type 5
User 4,The Pursuit of Happyness_hook_primary_16x9,2022-02-14 04:27:02,11,Device Type 5
User 4,Coach Carter_hook_primary_16x9,2022-02-14 04:26:27,32,Device Type 5
User 4,White House Down,2022-02-14 04:24:11,2310,Device Type 0
User 4,White House Down,2022-02-14 03:50:43,1994,Device Type 0
User 4,The Good Doctor: Season 1: Not Fake (Episode 6),2022-02-14 03:50:33,5,Device Type 0
User 4,Sherlock: Series 2: The Hounds of Baskerville (Episode 2),2022-02-14 02:31:21,3488,Device Type 0
User 4,Sherlock: Series 2: A Scandal in Belgravia (Episode 1),2022-02-14 01:50:15,2413,Device Type 0
User 4,Sherlock: Series 2: A Scandal in Belgravia (Episode 1),2022-02-13 21:10:59,895,Device Type 0
User 4,Sherlock: Series 2: A Scandal in Belgravia (Episode 1),2022-02-13 20:29:04,2061,Device Type 0
User 4,Sherlock: Series 1: The Great Game (Episode 3),2022-02-13 20:03:29,1468,Device Type 0
User 4,Sherlock: Series 1: The Great Game (Episode 3),2022-02-13 19:57:12,146,Device Type 0
User 4,Sherlock: Series 1: The Great Game (Episode 3),2022-02-13 19:14:59,1279,Device Type 0
User 4,Sherlock: Series 1: The Great Game (Episode 3),2022-02-13 18:37:41,1560,Device Type 0
User 4,Sherlock: Series 1: The Great Game (Episode 3),2022-02-13 18:21:53,923,Device Type 0
User 4,Sherlock: Series 1: The Blind Banker (Episode 2),2022-02-13 18:09:24,748,Device Type 0
User 4,Sherlock: Series 1: The Blind Banker (Episode 2),2022-02-13 17:23:28,2619,Device Type 0
User 4,Sherlock: Series 1: The Blind Banker (Episode 2),2022-02-13 17:03:30,226,Device Type 0
User 4,Sherlock: Series 1: The Blind Banker (Episode 2),2022-02-13 16:30:07,1697,Device Type 0
User 4,Sherlock: Series 1: A Study in Pink (Episode 1),2022-02-13 15:31:36,3214,Device Type 0
User 4,Sherlock: Series 1: A Study in Pink (Episode 1),2022-02-13 14:55:52,2063,Device Type 0
User 4,The Good Doctor: Season 1: Not Fake (Episode 6),2022-02-13 14:54:22,34,Device Type 0
User 4,The Good Doctor: Season 1: Not Fake (Episode 6),2022-02-13 14:43:12,281,Device Type 0
User 4,Venom,2022-02-13 14:29:11,3551,Device Type 5
User 4,Season 2 Recap: Cobra Kai,2022-02-13 13:56:39,145,Device Type 0
User 4,Heat_hook_03_16x9,2022-02-13 13:53:02,21,Device Type 0
User 4,The Blacklist: Season 1_hook_primary_16x9,2022-02-13 13:38:43,33,Device Type 0
User 4,The Bourne Identity,2022-02-13 11:39:52,6775,Device Type 0
User 4,Oh My God,2022-02-13 11:04:03,2111,Device Type 0
User 4,Oh My God,2022-02-13 10:19:59,2039,Device Type 0
User 4,Oh My God,2022-02-13 09:29:13,2616,Device Type 0
User 4,Oh My God,2022-02-13 09:05:35,418,Device Type 0
User 4,The Good Doctor: Season 1: Not Fake (Episode 6),2022-02-13 09:01:56,146,Device Type 0
User 4,The Good Doctor: Season 1: Point Three Percent (Episode 5),2022-02-13 08:44:39,1036,Device Type 0
User 4,The Good Doctor: Season 1: Point Three Percent (Episode 5),2022-02-13 08:03:42,1259,Device Type 0
User 4,The Good Doctor: Season 1: Point Three Percent (Episode 5),2022-02-13 07:58:55,245,Device Type 0
User 4,The Good Doctor: Season 1: Pipes (Episode 4),2022-02-13 07:55:32,203,Device Type 0
User 4,Venom,2022-02-13 07:53:18,1947,Device Type 5
User 4,Marvel's The Punisher: Season 2 (Trailer),2022-02-13 07:52:03,22,Device Type 5
User 4,The Equalizer_hook_primary_16x9,2022-02-13 07:51:55,4,Device Type 5
User 4,The Bourne Identity_hook_primary_16x9,2022-02-13 07:51:20,9,Device Type 5
User 4,Shooter (Trailer),2022-02-13 07:50:34,42,Device Type 5
User 4,Once Upon a Time in Hollywood_hook_02_16x9,2022-02-13 07:50:22,5,Device Type 5
User 4,The Good Doctor: Season 1: Pipes (Episode 4),2022-02-13 07:25:47,1564,Device Type 0
User 4,Friends: Season 10: The Last One: Part 1 & Part 2 (Episode 17),2022-02-13 07:25:36,7,Device Type 0
User 4,Tall Girl 2,2022-02-13 06:57:30,1539,Device Type 0
User 4,Tall Girl 2,2022-02-13 05:35:23,4096,Device Type 0
User 4,The Transporter Refueled,2022-02-13 05:08:59,1563,Device Type 0
User 4,"Naruto: Season 6: Pure Betrayal, and a Fleeting Plea! (Episode 3)",2022-02-13 04:54:28,1049,Device Type 5
User 4,Peaky Blinders: Season 1_hook_primary_16x9,2022-02-13 04:53:51,32,Device Type 5
User 4,Once Upon a Time in Hollywood_hook_05_16x9,2022-02-13 04:51:59,74,Device Type 5
User 4,Mission: Impossible_hook_03_16x9,2022-02-13 04:51:45,5,Device Type 5
User 4,The Transporter Refueled,2022-02-13 00:45:41,1589,Device Type 0
User 4,The Transporter Refueled,2022-02-13 00:27:38,724,Device Type 0
User 4,The Transporter Refueled,2022-02-12 23:41:14,2390,Device Type 0
User 4,The Old Guard,2022-02-12 22:42:03,2700,Device Type 0
User 4,The Old Guard,2022-02-12 17:37:47,4548,Device Type 0
User 4,The Old Guard,2022-02-12 17:31:40,252,Device Type 0
User 4,The Old Guard,2022-02-12 17:22:09,560,Device Type 0
User 4,The Old Guard,2022-02-12 17:15:09,338,Device Type 0
User 4,The Old Guard,2022-02-12 17:07:36,131,Device Type 0
User 4,Kannathil Muthamittal,2022-02-12 17:01:53,175,Device Type 0
User 4,Kannathil Muthamittal,2022-02-12 15:08:53,6704,Device Type 0
User 4,Kannathil Muthamittal,2022-02-12 14:59:59,62,Device Type 0
User 4,The Man from U.N.C.L.E.,2022-02-12 14:48:57,2721,Device Type 5
User 4,Kannathil Muthamittal,2022-02-12 14:48:56,419,Device Type 0
User 4,Killer's Shadow Trailer: Young Wallander,2022-02-12 13:51:38,4,Device Type 0
User 4,Season 1 Trailer: Making Fun: Season 1,2022-02-12 13:51:27,4,Device Type 0
User 4,"Season 1 Plot Clip: Devotion, a Story of Love and Desire",2022-02-12 13:51:16,5,Device Type 0
User 4,BrightBurn_hook_primary_16x9,2022-02-12 13:50:59,14,Device Type 0
User 4,Season 1 Villain/Antagonist Clip: The Guardians of Justice,2022-02-12 13:50:45,7,Device Type 0
User 4,Seventh Son_hook_primary_16x9,2022-02-12 13:50:28,16,Device Type 0
User 4,Genre Specific Moment Clip: A Madea Homecoming,2022-02-12 13:50:08,7,Device Type 0
User 4,Season 1 Teaser 1: The Fame Game,2022-02-12 13:49:05,54,Device Type 0
User 4,Trailer: Downfall: The Case Against Boeing,2022-02-12 13:48:35,24,Device Type 0
User 4,Season 1 Trailer: Vikings: Valhalla,2022-02-12 13:48:25,9,Device Type 0
User 4,Season 2 Trailer: Space Force,2022-02-12 13:48:20,4,Device Type 0
User 4,Top Gun,2022-02-12 12:08:30,5855,Device Type 0
User 4,Top Gun,2022-02-12 12:02:43,333,Device Type 0
User 4,Top Gun,2022-02-12 11:50:27,116,Device Type 0
User 4,Friends: Season 10: The Last One: Part 1 & Part 2 (Episode 17),2022-02-12 11:23:49,26,Device Type 0
User 4,Friends: Season 10: The One with Rachel's Going Away Party (Episode 16),2022-02-12 11:14:44,545,Device Type 0
User 4,Friends: Season 10: The One with Rachel's Going Away Party (Episode 16),2022-02-12 10:59:19,820,Device Type 0
User 4,Friends: Season 10: The One Where Estelle Dies (Episode 15),2022-02-12 10:57:50,89,Device Type 0
User 4,The Good Doctor: Season 1: Pipes (Episode 4),2022-02-12 10:43:30,761,Device Type 0
User 4,The Good Doctor: Season 1: Oliver (Episode 3),2022-02-12 09:59:45,2470,Device Type 0
User 4,The Good Doctor: Season 1: Mount Rushmore (Episode 2),2022-02-12 09:17:51,2512,Device Type 0
User 4,The Good Doctor: Season 1: Burnt Food (Episode 1),2022-02-12 08:26:16,2628,Device Type 0
User 4,Saving Private Ryan,2022-02-12 08:15:34,593,Device Type 0
User 4,Season 1 Trailer:  Space Force,2022-02-12 08:14:49,22,Device Type 0
User 4,The Italian Job,2022-02-12 07:55:56,1132,Device Type 0
User 4,The Man from U.N.C.L.E.,2022-02-12 07:54:30,2645,Device Type 5
User 4,The Italian Job,2022-02-12 05:59:39,5288,Device Type 0
User 4,Brooklyn Nine-Nine: Season 7: Lights Out (Episode 13),2022-02-11 19:23:32,610,Device Type 0
User 4,Brooklyn Nine-Nine: Season 7: Lights Out (Episode 13),2022-02-11 19:10:16,665,Device Type 0
User 4,Brooklyn Nine-Nine: Season 7: Ransom (Episode 12),2022-02-11 18:48:46,1273,Device Type 0
User 4,Brooklyn Nine-Nine: Season 7: Valloweaster (Episode 11),2022-02-11 18:36:45,721,Device Type 0
User 4,Brooklyn Nine-Nine: Season 7: Valloweaster (Episode 11),2022-02-11 18:28:46,466,Device Type 0
User 4,Brooklyn Nine-Nine: Season 7: Admiral Peralta (Episode 10),2022-02-11 18:11:28,1038,Device Type 0
User 4,Brooklyn Nine-Nine: Season 7: Admiral Peralta (Episode 10),2022-02-11 18:04:21,239,Device Type 0
User 4,Brooklyn Nine-Nine: Season 7: Dillman (Episode 9),2022-02-11 17:43:06,1275,Device Type 0
User 4,Brooklyn Nine-Nine: Season 7: The Takeback (Episode 8),2022-02-11 17:36:24,402,Device Type 0
User 4,Brooklyn Nine-Nine: Season 7: The Takeback (Episode 8),2022-02-11 17:32:06,23,Device Type 0
User 4,Brooklyn Nine-Nine: Season 7: The Takeback (Episode 8),2022-02-11 16:59:11,867,Device Type 0
User 4,Brooklyn Nine-Nine: Season 7: Ding Dong (Episode 7),2022-02-11 16:39:44,1166,Device Type 0
User 4,Brooklyn Nine-Nine: Season 7: Ding Dong (Episode 7),2022-02-11 16:26:05,119,Device Type 0
User 4,Brooklyn Nine-Nine: Season 7: Trying (Episode 6),2022-02-11 16:16:00,604,Device Type 0
User 4,Brooklyn Nine-Nine: Season 7: Trying (Episode 6),2022-02-11 16:04:09,678,Device Type 0
User 4,Brooklyn Nine-Nine: Season 7: Debbie (Episode 5),2022-02-11 15:49:56,853,Device Type 0
User 4,Brooklyn Nine-Nine: Season 7: Debbie (Episode 5),2022-02-11 15:32:48,419,Device Type 0
User 4,Brooklyn Nine-Nine: Season 7: The Jimmy Jab Games II (Episode 4),2022-02-11 15:25:06,461,Device Type 0
User 4,Brooklyn Nine-Nine: Season 7: The Jimmy Jab Games II (Episode 4),2022-02-11 15:08:37,793,Device Type 0
User 4,Brooklyn Nine-Nine: Season 7: The Jimmy Jab Games II (Episode 4),2022-02-11 14:48:51,7,Device Type 0
User 4,Brooklyn Nine-Nine: Season 7: The Jimmy Jab Games II (Episode 4),2022-02-11 06:45:27,217,Device Type 0
User 4,Brooklyn Nine-Nine: Season 7: Pimemento (Episode 3),2022-02-11 06:35:11,615,Device Type 0
User 4,Brooklyn Nine-Nine: Season 7: Pimemento (Episode 3),2022-02-11 06:28:17,396,Device Type 0
User 4,Brooklyn Nine-Nine: Season 7: Pimemento (Episode 3),2022-02-11 06:08:17,306,Device Type 0
User 4,Brooklyn Nine-Nine: Season 7: Pimemento (Episode 3),2022-02-11 06:07:44,21,Device Type 0
User 4,Brooklyn Nine-Nine: Season 7: Captain Kim (Episode 2),2022-02-11 05:56:18,557,Device Type 0
User 4,Brooklyn Nine-Nine: Season 7: Captain Kim (Episode 2),2022-02-11 05:35:33,218,Device Type 0
User 4,Brooklyn Nine-Nine: Season 7: Captain Kim (Episode 2),2022-02-11 05:31:29,85,Device Type 0
User 4,Brooklyn Nine-Nine: Season 7: Captain Kim (Episode 2),2022-02-11 04:45:01,437,Device Type 0
User 4,Brooklyn Nine-Nine: Season 7: Manhunter (Episode 1),2022-02-11 04:23:16,1305,Device Type 0
User 4,Brooklyn Nine-Nine: Season 6: The Suicide Squad (Episode 18),2022-02-11 04:07:14,958,Device Type 0
User 4,Brooklyn Nine-Nine: Season 6: The Suicide Squad (Episode 18),2022-02-11 03:52:52,316,Device Type 0
User 4,Brooklyn Nine-Nine: Season 6: Sicko (Episode 17),2022-02-10 19:45:59,625,Device Type 0
User 4,Brooklyn Nine-Nine: Season 6: Sicko (Episode 17),2022-02-10 19:18:49,173,Device Type 0
User 4,Brooklyn Nine-Nine: Season 6: Sicko (Episode 17),2022-02-10 19:09:08,565,Device Type 0
User 4,Brooklyn Nine-Nine: Season 6: Cinco de Mayo (Episode 16),2022-02-10 18:46:39,1323,Device Type 0
User 4,Brooklyn Nine-Nine: Season 6: Return of the King (Episode 15),2022-02-10 18:11:04,1305,Device Type 0
User 4,Brooklyn Nine-Nine: Season 6: Ticking Clocks (Episode 14),2022-02-10 17:50:32,1232,Device Type 0
User 4,Brooklyn Nine-Nine: Season 6: The Bimbo (Episode 13),2022-02-10 17:35:33,898,Device Type 0
User 4,Brooklyn Nine-Nine: Season 6: The Bimbo (Episode 13),2022-02-10 15:46:14,438,Device Type 0
User 4,Brooklyn Nine-Nine: Season 6: Casecation (Episode 12),2022-02-10 15:30:25,948,Device Type 0
User 4,Brooklyn Nine-Nine: Season 6: Casecation (Episode 12),2022-02-10 15:17:27,348,Device Type 0
User 4,Brooklyn Nine-Nine: Season 6: The Therapist (Episode 11),2022-02-10 14:55:59,1287,Device Type 0
User 4,Brooklyn Nine-Nine: Season 6: Gintars (Episode 10),2022-02-10 14:53:38,141,Device Type 0
User 4,Brooklyn Nine-Nine: Season 6: Gintars (Episode 10),2022-02-10 14:23:46,1180,Device Type 0
User 4,Brooklyn Nine-Nine: Season 6: The Golden Child (Episode 9),2022-02-10 13:58:01,1304,Device Type 0
User 4,"Brooklyn Nine-Nine: Season 6: He Said, She Said (Episode 8)",2022-02-10 13:34:53,1350,Device Type 0
User 4,Brooklyn Nine-Nine: Season 6: The Honeypot (Episode 7),2022-02-10 13:06:43,1686,Device Type 0
User 4,Brooklyn Nine-Nine: Season 6: The Crime Scene (Episode 6),2022-02-10 12:42:51,1316,Device Type 0
User 4,Brooklyn Nine-Nine: Season 6: The Honeypot (Episode 7),2022-02-10 12:42:46,1,Device Type 0
User 4,Brooklyn Nine-Nine: Season 6: A Tale of Two Bandits (Episode 5),2022-02-10 12:20:33,1273,Device Type 0
User 4,Brooklyn Nine-Nine: Season 6: Four Movements (Episode 4),2022-02-10 10:08:29,1007,Device Type 0
User 4,Brooklyn Nine-Nine: Season 6: Four Movements (Episode 4),2022-02-10 07:21:28,283,Device Type 0
User 4,Brooklyn Nine-Nine: Season 6: The Tattler (Episode 3),2022-02-10 07:02:51,1108,Device Type 0
User 4,Brooklyn Nine-Nine: Season 6: The Tattler (Episode 3),2022-02-10 06:50:13,199,Device Type 0
User 4,Brooklyn Nine-Nine: Season 6: Hitchcock & Scully (Episode 2),2022-02-10 06:42:01,491,Device Type 0
User 4,Brooklyn Nine-Nine: Season 6: Hitchcock & Scully (Episode 2),2022-02-10 06:26:53,801,Device Type 0
User 4,Brooklyn Nine-Nine: Season 6: Honeymoon (Episode 1),2022-02-10 06:05:37,1275,Device Type 0
User 4,Brooklyn Nine-Nine: Season 5: Jake & Amy (Episode 22),2022-02-10 06:03:03,154,Device Type 0
User 4,Brooklyn Nine-Nine: Season 5: Jake & Amy (Episode 22),2022-02-10 05:41:27,361,Device Type 0
User 4,Brooklyn Nine-Nine: Season 5: Jake & Amy (Episode 22),2022-02-10 05:22:14,813,Device Type 0
User 4,Brooklyn Nine-Nine: Season 5: White Whale (Episode 21),2022-02-10 04:56:54,1285,Device Type 0
User 4,Brooklyn Nine-Nine: Season 5: Show Me Going (Episode 20),2022-02-10 04:33:42,1256,Device Type 0
User 4,Brooklyn Nine-Nine: Season 5: Bachelor/ette Party (Episode 19),2022-02-10 04:32:18,84,Device Type 0
User 4,Brooklyn Nine-Nine: Season 5: Bachelor/ette Party (Episode 19),2022-02-10 04:11:51,1197,Device Type 0
User 4,Brooklyn Nine-Nine: Season 5: Gray Star Mutual (Episode 18),2022-02-10 03:51:42,1205,Device Type 0
User 4,Brooklyn Nine-Nine: Season 5: Gray Star Mutual (Episode 18),2022-02-09 20:19:40,507,Device Type 0
User 4,Brooklyn Nine-Nine: Season 5: DFW (Episode 17),2022-02-09 19:58:06,1294,Device Type 0
User 4,Brooklyn Nine-Nine: Season 5: NutriBoom (Episode 16),2022-02-09 19:35:24,1294,Device Type 0
User 4,Brooklyn Nine-Nine: Season 5: The Puzzle Master (Episode 15),2022-02-09 19:28:34,409,Device Type 0
User 4,Brooklyn Nine-Nine: Season 5: The Puzzle Master (Episode 15),2022-02-09 18:59:40,892,Device Type 0
User 4,Brooklyn Nine-Nine: Season 5: The Box (Episode 14),2022-02-09 18:44:56,881,Device Type 0
User 4,Brooklyn Nine-Nine: Season 5: The Box (Episode 14),2022-02-09 17:50:28,943,Device Type 0
User 4,Brooklyn Nine-Nine: Season 5: The Negotiation (Episode 13),2022-02-09 17:35:00,784,Device Type 0
User 4,Brooklyn Nine-Nine: Season 5: The Negotiation (Episode 13),2022-02-09 17:02:52,26,Device Type 0
User 4,Brooklyn Nine-Nine: Season 5: The Negotiation (Episode 13),2022-02-09 16:54:18,488,Device Type 0
User 4,Brooklyn Nine-Nine: Season 5: Safe House (Episode 12),2022-02-09 16:40:48,724,Device Type 0
User 4,Brooklyn Nine-Nine: Season 5: Safe House (Episode 12),2022-02-09 16:29:01,560,Device Type 0
User 4,Brooklyn Nine-Nine: Season 5: The Favor (Episode 11),2022-02-09 16:23:22,338,Device Type 0
User 4,Brooklyn Nine-Nine: Season 5: The Favor (Episode 11),2022-02-09 16:12:14,657,Device Type 0
User 4,Brooklyn Nine-Nine: Season 5: The Favor (Episode 11),2022-02-09 10:16:29,78,Device Type 0
User 4,Brooklyn Nine-Nine: Season 5: The Favor (Episode 11),2022-02-09 07:27:02,2,Device Type 0
User 4,Brooklyn Nine-Nine: Season 5: The Favor (Episode 11),2022-02-09 05:51:14,249,Device Type 0
User 4,Brooklyn Nine-Nine: Season 5: Game Night (Episode 10),2022-02-09 05:29:46,1288,Device Type 0
User 4,Brooklyn Nine-Nine: Season 5: 99 (Episode 9),2022-02-09 05:15:01,885,Device Type 0
User 4,Brooklyn Nine-Nine: Season 5: 99 (Episode 9),2022-02-09 05:04:49,396,Device Type 0
User 4,Brooklyn Nine-Nine: Season 5: Return to Skyfire (Episode 8),2022-02-09 04:58:08,400,Device Type 0
User 4,Brooklyn Nine-Nine: Season 5: Return to Skyfire (Episode 8),2022-02-09 04:42:17,897,Device Type 0
User 4,Brooklyn Nine-Nine: Season 5: Two Turkeys (Episode 7),2022-02-09 04:33:18,538,Device Type 0
User 4,Brooklyn Nine-Nine: Season 5: Two Turkeys (Episode 7),2022-02-09 04:20:20,761,Device Type 0
User 4,Brooklyn Nine-Nine: Season 5: The Venue (Episode 6),2022-02-09 04:16:38,222,Device Type 0
User 4,Brooklyn Nine-Nine: Season 5: The Venue (Episode 6),2022-02-09 03:50:28,1060,Device Type 0
User 4,Brooklyn Nine-Nine: Season 5: Bad Beat (Episode 5),2022-02-09 03:47:36,164,Device Type 0
User 4,Brooklyn Nine-Nine: Season 5: The Venue (Episode 6),2022-02-09 03:46:55,31,Device Type 0
User 4,Brooklyn Nine-Nine: Season 5: The Venue (Episode 6),2022-02-08 22:30:01,636,Device Type 0
User 4,Brooklyn Nine-Nine: Season 5: Bad Beat (Episode 5),2022-02-08 22:25:40,261,Device Type 0
User 4,Brooklyn Nine-Nine: Season 5: Bad Beat (Episode 5),2022-02-08 22:15:05,424,Device Type 0
User 4,Brooklyn Nine-Nine: Season 5: Bad Beat (Episode 5),2022-02-08 22:05:24,561,Device Type 0
User 4,Brooklyn Nine-Nine: Season 5: Bad Beat (Episode 5),2022-02-08 18:50:28,122,Device Type 0
User 4,Brooklyn Nine-Nine: Season 5: HalloVeen (Episode 4),2022-02-08 18:29:02,1286,Device Type 0
User 4,Brooklyn Nine-Nine: Season 5: Kicks (Episode 3),2022-02-08 18:07:02,1290,Device Type 0
User 4,"Brooklyn Nine-Nine: Season 5: The Big House, Pt. 2 (Episode 2)",2022-02-08 17:45:25,1296,Device Type 0
User 4,"Brooklyn Nine-Nine: Season 5: The Big House, Pt. 1 (Episode 1)",2022-02-08 17:13:46,1295,Device Type 0
User 4,Brooklyn Nine-Nine: Season 4: Crime & Punishment (Episode 22),2022-02-08 16:43:55,1311,Device Type 0
User 4,Brooklyn Nine-Nine: Season 4: The Bank Job (Episode 21),2022-02-08 16:25:24,1111,Device Type 0
User 4,Brooklyn Nine-Nine: Season 4: The Bank Job (Episode 21),2022-02-08 16:20:59,110,Device Type 0
User 4,Brooklyn Nine-Nine: Season 4: The Bank Job (Episode 21),2022-02-08 15:54:19,76,Device Type 0
User 4,Brooklyn Nine-Nine: Season 4: The Slaughterhouse (Episode 20),2022-02-08 15:35:56,1043,Device Type 0
User 4,Brooklyn Nine-Nine: Season 4: The Slaughterhouse (Episode 20),2022-02-08 10:02:47,227,Device Type 0
User 4,Brooklyn Nine-Nine: Season 4: Your Honor (Episode 19),2022-02-08 10:01:04,102,Device Type 0
User 4,Brooklyn Nine-Nine: Season 4: Your Honor (Episode 19),2022-02-08 05:01:16,907,Device Type 0
User 4,Brooklyn Nine-Nine: Season 4: Your Honor (Episode 19),2022-02-08 04:53:42,291,Device Type 0
User 4,Brooklyn Nine-Nine: Season 4: Chasing Amy (Episode 18),2022-02-08 04:43:50,591,Device Type 0
User 4,The Man from U.N.C.L.E.,2022-02-08 04:39:40,939,Device Type 5
User 4,The Man from U.N.C.L.E._hook_01_16x9,2022-02-08 04:33:17,56,Device Type 5
User 4,The Judge_hook_01_16x9,2022-02-08 04:32:55,6,Device Type 5
User 4,Kadaseela Biriyani_hook_04_16x9,2022-02-08 04:32:39,12,Device Type 5
User 4,Moment of High Emotion Clip: Looop Lapeta,2022-02-08 04:32:28,6,Device Type 5
User 4,Brooklyn Nine-Nine: Season 4: Chasing Amy (Episode 18),2022-02-08 04:12:57,705,Device Type 0
User 4,Brooklyn Nine-Nine: Season 4: Cop-Con (Episode 17),2022-02-08 04:10:39,137,Device Type 0
User 4,Brooklyn Nine-Nine: Season 4: Cop-Con (Episode 17),2022-02-08 03:49:02,807,Device Type 0
User 4,Brooklyn Nine-Nine: Season 4: Cop-Con (Episode 17),2022-02-08 03:35:54,346,Device Type 0
User 4,Brooklyn Nine-Nine: Season 4: Moo Moo (Episode 16),2022-02-08 03:29:31,382,Device Type 0
User 4,Brooklyn Nine-Nine: Season 4: Moo Moo (Episode 16),2022-02-08 03:14:15,886,Device Type 0
User 4,Brooklyn Nine-Nine: Season 4: The Last Ride (Episode 15),2022-02-08 02:51:07,1319,Device Type 0
User 4,Brooklyn Nine-Nine: Season 4: Serve & Protect (Episode 14),2022-02-08 02:22:52,1279,Device Type 0
User 4,Brooklyn Nine-Nine: Season 4: The Audit (Episode 13),2022-02-08 02:21:38,73,Device Type 0
User 4,Brooklyn Nine-Nine: Season 4: The Audit (Episode 13),2022-02-07 20:47:15,1210,Device Type 0
User 4,Brooklyn Nine-Nine: Season 4: The Fugitive: Part 2 (Episode 12),2022-02-07 20:23:18,1303,Device Type 0
User 4,Brooklyn Nine-Nine: Season 4: The Fugitive: Part 1 (Episode 11),2022-02-07 20:14:58,499,Device Type 0
User 4,Brooklyn Nine-Nine: Season 4: The Fugitive: Part 1 (Episode 11),2022-02-07 19:56:00,702,Device Type 0
User 4,Brooklyn Nine-Nine: Season 4: The Fugitive: Part 1 (Episode 11),2022-02-07 19:46:58,18,Device Type 0
User 4,Brooklyn Nine-Nine: Season 4: Captain Latvia (Episode 10),2022-02-07 19:25:40,1278,Device Type 0
User 4,Brooklyn Nine-Nine: Season 4: The Overmining (Episode 9),2022-02-07 18:59:28,1322,Device Type 0
User 4,Brooklyn Nine-Nine: Season 4: Skyfire Cycle (Episode 8),2022-02-07 18:49:32,594,Device Type 0
User 4,Brooklyn Nine-Nine: Season 4: Skyfire Cycle (Episode 8),2022-02-07 17:51:55,703,Device Type 0
User 4,Brooklyn Nine-Nine: Season 4: Mr. Santiago (Episode 7),2022-02-07 17:46:50,304,Device Type 0
User 4,Brooklyn Nine-Nine: Season 4: Mr. Santiago (Episode 7),2022-02-07 17:12:35,974,Device Type 0
User 4,Brooklyn Nine-Nine: Season 4: Monster in the Closet (Episode 6),2022-02-07 17:12:02,33,Device Type 0
User 4,Brooklyn Nine-Nine: Season 4: Monster in the Closet (Episode 6),2022-02-07 16:41:26,1218,Device Type 0
User 4,Brooklyn Nine-Nine: Season 4: Halloween IV (Episode 5),2022-02-07 16:18:53,1307,Device Type 0
User 4,Brooklyn Nine-Nine: Season 4: The Night Shift (Episode 4),2022-02-07 15:57:23,1289,Device Type 0
User 4,Brooklyn Nine-Nine: Season 4: Coral Palms: Part 3 (Episode 3),2022-02-07 15:34:35,1256,Device Type 0
User 4,Brooklyn Nine-Nine: Season 4: Coral Palms: Part 2 (Episode 2),2022-02-07 15:12:58,1296,Device Type 0
User 4,All of Us Are Dead: Season 1: Episode 12,2022-02-07 15:01:34,2801,Device Type 5
User 4,All of Us Are Dead: Season 1: Episode 11,2022-02-07 15:00:23,69,Device Type 5
User 4,Brooklyn Nine-Nine: Season 4: Coral Palms: Part 1 (Episode 1),2022-02-07 14:54:50,1088,Device Type 0
User 4,Brooklyn Nine-Nine: Season 4: Coral Palms: Part 1 (Episode 1),2022-02-07 14:49:02,210,Device Type 0
User 4,Brooklyn Nine-Nine: Season 3: Greg and Larry (Episode 23),2022-02-07 14:40:24,514,Device Type 0
User 4,Brooklyn Nine-Nine: Season 3: Greg and Larry (Episode 23),2022-02-07 14:19:00,806,Device Type 0
User 4,Brooklyn Nine-Nine: Season 3: The Bureau (Episode 22),2022-02-07 14:00:29,747,Device Type 0
User 4,Brooklyn Nine-Nine: Season 3: The Bureau (Episode 22),2022-02-07 12:46:59,566,Device Type 0
User 4,Brooklyn Nine-Nine: Season 3: Maximum Security (Episode 21),2022-02-07 12:19:53,1292,Device Type 0
User 4,Brooklyn Nine-Nine: Season 3: Maximum Security (Episode 21),2022-02-07 12:18:34,6,Device Type 0
User 4,Brooklyn Nine-Nine: Season 3: Paranoia (Episode 20),2022-02-07 12:07:35,520,Device Type 0
User 4,Brooklyn Nine-Nine: Season 3: Paranoia (Episode 20),2022-02-07 11:26:22,679,Device Type 0
User 4,Brooklyn Nine-Nine: Season 3: Paranoia (Episode 20),2022-02-07 11:24:10,100,Device Type 0
User 4,Brooklyn Nine-Nine: Season 3: Terry Kitties (Episode 19),2022-02-07 11:02:29,1298,Device Type 0
User 4,Brooklyn Nine-Nine: Season 3: Cheddar (Episode 18),2022-02-07 10:50:32,695,Device Type 0
User 4,Brooklyn Nine-Nine: Season 3: Cheddar (Episode 18),2022-02-07 10:38:08,599,Device Type 0
User 4,Brooklyn Nine-Nine: Season 3: Adrian Pimento (Episode 17),2022-02-07 10:15:48,1328,Device Type 0
User 4,Brooklyn Nine-Nine: Season 3: House Mouses (Episode 16),2022-02-07 09:53:12,1353,Device Type 0
User 4,Brooklyn Nine-Nine: Season 3: The 9-8 (Episode 15),2022-02-07 09:37:40,929,Device Type 0
User 4,Brooklyn Nine-Nine: Season 3: The 9-8 (Episode 15),2022-02-07 06:45:14,368,Device Type 0
User 4,Brooklyn Nine-Nine: Season 3: Karen Peralta (Episode 14),2022-02-07 06:43:13,117,Device Type 0
User 4,Brooklyn Nine-Nine: Season 3: Karen Peralta (Episode 14),2022-02-07 05:00:38,1178,Device Type 0
User 4,Brooklyn Nine-Nine: Season 3: The Cruise (Episode 13),2022-02-07 04:40:50,1183,Device Type 0
User 4,Brooklyn Nine-Nine: Season 3: The Cruise (Episode 13),2022-02-07 04:31:07,101,Device Type 0
User 4,All of Us Are Dead: Season 1: Episode 11,2022-02-07 04:19:48,463,Device Type 1
User 4,Brooklyn Nine-Nine: Season 3: 9 Days (Episode 12),2022-02-07 04:09:43,1282,Device Type 0
User 4,Brooklyn Nine-Nine: Season 3: Hostage Situation (Episode 11),2022-02-07 03:48:42,1189,Device Type 0
User 4,Brooklyn Nine-Nine: Season 3: Hostage Situation (Episode 11),2022-02-07 03:47:13,63,Device Type 0
User 4,Brooklyn Nine-Nine: Season 3: Yippie Kayak (Episode 10),2022-02-07 03:26:06,1262,Device Type 0
User 4,Brooklyn Nine-Nine: Season 3: The Swedes (Episode 9),2022-02-07 03:20:53,308,Device Type 0
User 4,Brooklyn Nine-Nine: Season 3: The Swedes (Episode 9),2022-02-07 02:43:46,975,Device Type 0
User 4,Brooklyn Nine-Nine: Season 3: Ava (Episode 8),2022-02-07 02:30:07,786,Device Type 0
User 4,Brooklyn Nine-Nine: Season 3: Ava (Episode 8),2022-02-06 20:11:14,989,Device Type 0
User 4,Brooklyn Nine-Nine: Season 3: The Mattress (Episode 7),2022-02-06 20:08:04,189,Device Type 0
User 4,Brooklyn Nine-Nine: Season 3: The Mattress (Episode 7),2022-02-06 19:49:40,1092,Device Type 0
User 4,Brooklyn Nine-Nine: Season 3: Into the Woods (Episode 6),2022-02-06 19:28:17,1282,Device Type 0
User 4,Brooklyn Nine-Nine: Season 3: Halloween Part III (Episode 5),2022-02-06 19:06:38,1298,Device Type 0
User 4,Brooklyn Nine-Nine: Season 3: The Oolong Slayer (Episode 4),2022-02-06 18:45:14,1283,Device Type 0
User 4,Brooklyn Nine-Nine: Season 3: Boyle's Hunch (Episode 3),2022-02-06 18:23:41,1293,Device Type 0
User 4,Brooklyn Nine-Nine: Season 3: The Funeral (Episode 2),2022-02-06 18:01:38,1297,Device Type 0
User 4,Brooklyn Nine-Nine: Season 3: New Captain (Episode 1),2022-02-06 18:01:33,4,Device Type 0
User 4,Brooklyn Nine-Nine: Season 3: New Captain (Episode 1),2022-02-06 17:39:35,1272,Device Type 0
User 4,Brooklyn Nine-Nine: Season 2: Johnny and Dora (Episode 23),2022-02-06 17:37:34,119,Device Type 0
User 4,Brooklyn Nine-Nine: Season 2: Johnny and Dora (Episode 23),2022-02-06 17:13:40,1169,Device Type 0
User 4,Brooklyn Nine-Nine: Season 2: The Chopper (Episode 22),2022-02-06 16:51:32,1312,Device Type 0
User 4,Brooklyn Nine-Nine: Season 2: Det. Dave Majors (Episode 21),2022-02-06 16:29:56,1295,Device Type 0
User 4,Brooklyn Nine-Nine: Season 2: AC/DC (Episode 20),2022-02-06 16:08:16,1300,Device Type 0
User 4,Brooklyn Nine-Nine: Season 2: Sabotage (Episode 19),2022-02-06 15:47:23,1251,Device Type 0
User 4,Brooklyn Nine-Nine: Season 2: Captain Peralta (Episode 18),2022-02-06 15:25:45,1297,Device Type 0
User 4,Brooklyn Nine-Nine: Season 2: Boyle-Linetti Wedding (Episode 17),2022-02-06 15:11:57,827,Device Type 0
User 4,Brooklyn Nine-Nine: Season 2: Boyle-Linetti Wedding (Episode 17),2022-02-06 14:57:51,477,Device Type 0
User 4,Brooklyn Nine-Nine: Season 2: The Wednesday Incident (Episode 16),2022-02-06 14:36:02,1300,Device Type 0
User 4,Brooklyn Nine-Nine: Season 2: Windbreaker City (Episode 15),2022-02-06 14:14:34,1287,Device Type 0
User 4,Brooklyn Nine-Nine: Season 2: The Defense Rests (Episode 14),2022-02-06 13:48:56,1293,Device Type 0
User 4,Brooklyn Nine-Nine: Season 2: Payback (Episode 13),2022-02-06 13:27:08,1301,Device Type 0
User 4,Brooklyn Nine-Nine: Season 2: Beach House (Episode 12),2022-02-06 13:04:49,1297,Device Type 0
User 4,Brooklyn Nine-Nine: Season 2: Stakeout (Episode 11),2022-02-06 12:43:09,1300,Device Type 0
User 4,Brooklyn Nine-Nine: Season 2: The Pontiac Bandit Returns (Episode 10),2022-02-06 12:21:43,1284,Device Type 0
User 4,Brooklyn Nine-Nine: Season 2: The Road Trip (Episode 9),2022-02-06 11:57:55,1303,Device Type 0
User 4,Brooklyn Nine-Nine: Season 2: USPIS (Episode 8),2022-02-06 11:34:45,1275,Device Type 0
User 4,Brooklyn Nine-Nine: Season 2: Lockdown (Episode 7),2022-02-06 11:13:24,1281,Device Type 0
User 4,Brooklyn Nine-Nine: Season 2: Jake and Sophia (Episode 6),2022-02-06 10:46:26,1302,Device Type 0
User 4,Brooklyn Nine-Nine: Season 2: The Mole (Episode 5),2022-02-06 10:24:46,1300,Device Type 0
User 4,Brooklyn Nine-Nine: Season 2: Halloween II (Episode 4),2022-02-06 09:56:04,1717,Device Type 0
User 4,Brooklyn Nine-Nine: Season 2: The Jimmy Jab Games (Episode 3),2022-02-06 09:34:12,1311,Device Type 0
User 4,Brooklyn Nine-Nine: Season 2: Chocolate Milk (Episode 2),2022-02-06 09:12:29,1303,Device Type 0
User 4,Brooklyn Nine-Nine: Season 2: Undercover (Episode 1),2022-02-06 08:19:42,1288,Device Type 0
User 4,Brooklyn Nine-Nine: Season 1: Charges and Specs (Episode 22),2022-02-06 07:51:15,1303,Device Type 0
User 4,All of Us Are Dead: Season 1: Episode 11,2022-02-06 07:44:56,2476,Device Type 5
User 4,Season 1 Trailer: Bojack Horseman,2022-02-06 07:44:28,21,Device Type 5
User 4,Brooklyn Nine-Nine: Season 1: Unsolvable (Episode 21),2022-02-06 07:42:51,504,Device Type 0
User 4,Brooklyn Nine-Nine: Season 1: Unsolvable (Episode 21),2022-02-06 06:41:31,820,Device Type 0
User 4,Brooklyn Nine-Nine: Season 1: Fancy Brudgom (Episode 20),2022-02-06 06:19:13,1276,Device Type 0
User 4,Brooklyn Nine-Nine: Season 1: Tactical Village (Episode 19),2022-02-06 05:57:37,1296,Device Type 0
User 4,Brooklyn Nine-Nine: Season 1: The Apartment (Episode 18),2022-02-06 05:35:36,1315,Device Type 0
User 4,Brooklyn Nine-Nine: Season 1: Full Boyle (Episode 17),2022-02-06 05:35:07,26,Device Type 0
User 4,Brooklyn Nine-Nine: Season 1: Full Boyle (Episode 17),2022-02-06 05:11:49,1305,Device Type 0
User 4,Brooklyn Nine-Nine: Season 1: The Party (Episode 16),2022-02-06 05:01:29,619,Device Type 0
User 4,Brooklyn Nine-Nine: Season 1: The Party (Episode 16),2022-02-06 04:50:00,664,Device Type 0
User 4,Brooklyn Nine-Nine: Season 1: Operation: Broken Feather (Episode 15),2022-02-06 04:49:43,16,Device Type 0
User 4,Brooklyn Nine-Nine: Season 1: The Party (Episode 16),2022-02-06 04:49:32,6,Device Type 0
User 4,Brooklyn Nine-Nine: Season 1: Operation: Broken Feather (Episode 15),2022-02-06 04:27:32,1311,Device Type 0
User 4,Brooklyn Nine-Nine: Season 1: The Ebony Falcon (Episode 14),2022-02-06 04:05:56,1285,Device Type 0
User 4,Brooklyn Nine-Nine: Season 1: The Bet (Episode 13),2022-02-06 03:44:35,1281,Device Type 0
User 4,Brooklyn Nine-Nine: Season 1: Pontiac Bandit (Episode 12),2022-02-06 03:44:28,5,Device Type 0
User 4,Brooklyn Nine-Nine: Season 1: Pontiac Bandit (Episode 12),2022-02-06 03:14:30,1292,Device Type 0
User 4,Brooklyn Nine-Nine: Season 1: Christmas (Episode 11),2022-02-06 02:53:36,1135,Device Type 0
User 4,Brooklyn Nine-Nine: Season 1: Christmas (Episode 11),2022-02-05 19:57:54,592,Device Type 0
User 4,Brooklyn Nine-Nine: Season 1: Thanksgiving (Episode 10),2022-02-05 19:51:51,362,Device Type 0
User 4,Brooklyn Nine-Nine: Season 1: Thanksgiving (Episode 10),2022-02-05 19:30:14,950,Device Type 0
User 4,Brooklyn Nine-Nine: Season 1: Sal's Pizza (Episode 9),2022-02-05 19:07:16,1292,Device Type 0
User 4,Brooklyn Nine-Nine: Season 1: Old School (Episode 8),2022-02-05 18:45:53,1281,Device Type 0
User 4,Brooklyn Nine-Nine: Season 1: 48 Hours (Episode 7),2022-02-05 18:24:15,1282,Device Type 0
User 4,Brooklyn Nine-Nine: Season 1: Halloween (Episode 6),2022-02-05 18:02:53,1281,Device Type 0
User 4,Brooklyn Nine-Nine: Season 1: The Vulture (Episode 5),2022-02-05 17:41:20,1292,Device Type 0
User 4,Brooklyn Nine-Nine: Season 1: M.E. Time (Episode 4),2022-02-05 17:18:44,1335,Device Type 0
User 4,Brooklyn Nine-Nine: Season 1: The Slump (Episode 3),2022-02-05 16:56:55,1308,Device Type 0
User 4,Brooklyn Nine-Nine: Season 1: The Tagger (Episode 2),2022-02-05 16:35:19,1295,Device Type 0
User 4,Brooklyn Nine-Nine: Season 1: Pilot (Episode 1),2022-02-05 16:14:09,1266,Device Type 0
User 4,Brooklyn Nine-Nine: Season 1: Pilot (Episode 1),2022-02-05 16:06:52,326,Device Type 0
User 4,All of Us Are Dead: Season 1: Episode 10,2022-02-05 14:16:50,1706,Device Type 5
User 4,Hunter X Hunter (2011): Season 1: Departure x and x Friends (Episode 1),2022-02-05 14:16:35,6,Device Type 5
User 4,The IT Crowd: Series 5: The Final Episode,2022-02-05 12:42:53,15,Device Type 0
User 4,All of Us Are Dead: Season 1: Episode 10,2022-02-05 08:02:44,1169,Device Type 5
User 4,The IT Crowd: Series 5: The Final Episode,2022-02-05 06:49:47,1908,Device Type 0
User 4,The IT Crowd: Series 4: Reynholm vs Reynholm (Episode 6),2022-02-05 06:32:06,945,Device Type 0
User 4,The IT Crowd: Series 4: Reynholm vs Reynholm (Episode 6),2022-02-05 06:24:55,214,Device Type 0
User 4,The IT Crowd: Series 4: Reynholm vs Reynholm (Episode 6),2022-02-05 06:14:35,253,Device Type 0
User 4,The IT Crowd: Series 4: Bad Boys (Episode 5),2022-02-05 05:53:41,1251,Device Type 0
User 4,The IT Crowd: Series 4: Italian for Beginners (Episode 4),2022-02-05 05:53:31,9,Device Type 0
User 4,The IT Crowd: Series 4: Bad Boys (Episode 5),2022-02-05 05:43:42,27,Device Type 0
User 4,The IT Crowd: Series 4: Italian for Beginners (Episode 4),2022-02-05 05:39:35,246,Device Type 0
User 4,All of Us Are Dead: Season 1: Episode 10,2022-02-05 05:25:52,6,Device Type 5
User 4,The IT Crowd: Series 4: Italian for Beginners (Episode 4),2022-02-05 05:09:53,1249,Device Type 0
User 4,The IT Crowd: Series 4: Something Happened (Episode 3),2022-02-05 04:47:20,1352,Device Type 0
User 4,All of Us Are Dead: Season 1: Episode 9,2022-02-05 04:31:04,3285,Device Type 5
User 4,The IT Crowd: Series 4: The Final Countdown (Episode 2),2022-02-05 04:22:58,1371,Device Type 0
User 4,The IT Crowd: Series 4: Jen the Fredo (Episode 1),2022-02-05 04:02:04,1216,Device Type 0
User 4,All of Us Are Dead: Season 1: Episode 8,2022-02-05 04:01:29,1579,Device Type 5
User 4,All of Us Are Dead: Season 1: Episode 8,2022-02-05 03:48:37,741,Device Type 1
User 4,The IT Crowd: Series 4: Jen the Fredo (Episode 1),2022-02-05 03:48:24,32,Device Type 0
User 4,Season 1 Trailer: Murderville,2022-02-05 03:46:55,85,Device Type 0
User 4,"The Ranch: Part 8: Take Me Home, Country Roads (Episode 10)",2022-02-05 03:13:19,2011,Device Type 0
User 4,The Ranch: Part 8: Dumb Effin' Luck (Episode 9),2022-02-05 03:03:16,603,Device Type 0
User 4,The Ranch: Part 8: Dumb Effin' Luck (Episode 9),2022-02-04 21:39:51,1208,Device Type 0
User 4,The Ranch: Part 8: Helluva Life (Episode 8),2022-02-04 21:06:46,1984,Device Type 0
User 4,The Ranch: Part 8: What Was I Thinking (Episode 7),2022-02-04 20:41:42,1503,Device Type 0
User 4,The Ranch: Part 8: What Was I Thinking (Episode 7),2022-02-04 20:36:58,93,Device Type 0
User 4,The Ranch: Part 8: Not Everything's About You (Episode 6),2022-02-04 20:01:17,1699,Device Type 0
User 4,The Ranch: Part 8: Born to Love You (Episode 5),2022-02-04 19:35:29,1547,Device Type 0
User 4,The Ranch: Part 8: Fadeaway (Episode 4),2022-02-04 19:05:19,1725,Device Type 0
User 4,The Ranch: Part 8: Out of Sight (Episode 3),2022-02-04 18:37:07,1691,Device Type 0
User 4,The Ranch: Part 8: Like It's the Last Time (Episode 2),2022-02-04 18:07:05,1801,Device Type 0
User 4,The Ranch: Part 8: It Ain't My Fault (Episode 1),2022-02-04 17:41:14,1551,Device Type 0
User 4,Part 7 Recap: The Ranch,2022-02-04 17:38:46,146,Device Type 0
User 4,The IT Crowd: Series 4: Jen the Fredo (Episode 1),2022-02-04 16:57:47,1144,Device Type 0
User 4,The IT Crowd: Series 3: Calendar Geeks (Episode 6),2022-02-04 16:31:32,1370,Device Type 0
User 4,The IT Crowd: Series 3: Friendface (Episode 5),2022-02-04 16:11:41,681,Device Type 0
User 4,The IT Crowd: Series 3: Friendface (Episode 5),2022-02-04 15:56:48,568,Device Type 0
User 4,The IT Crowd: Series 3: Friendface (Episode 5),2022-02-04 15:49:41,94,Device Type 0
User 4,The IT Crowd: Series 3: The Speech (Episode 4),2022-02-04 15:41:59,461,Device Type 0
User 4,All of Us Are Dead: Season 1: Episode 8,2022-02-04 15:29:42,768,Device Type 5
User 4,The IT Crowd: Series 3: The Speech (Episode 4),2022-02-04 15:20:09,942,Device Type 0
User 4,The IT Crowd: Series 3: Tramps Like Us (Episode 3),2022-02-04 15:17:22,167,Device Type 0
User 4,All of Us Are Dead: Season 1: Episode 7,2022-02-04 14:59:01,1839,Device Type 5
User 4,Escape Room_hook_04_16x9,2022-02-04 14:58:34,4,Device Type 5
User 4,The IT Crowd: Series 3: Tramps Like Us (Episode 3),2022-02-04 14:49:56,1115,Device Type 0
User 4,The IT Crowd: Series 3: Tramps Like Us (Episode 3),2022-02-04 14:49:15,32,Device Type 0
User 4,The IT Crowd: Series 3: Are We Not Men? (Episode 2),2022-02-04 14:42:59,372,Device Type 0
User 4,The IT Crowd: Series 3: Are We Not Men? (Episode 2),2022-02-04 13:46:19,212,Device Type 0
User 4,The IT Crowd: Series 3: Are We Not Men? (Episode 2),2022-02-04 13:22:05,688,Device Type 0
User 4,The IT Crowd: Series 3: From Hell (Episode 1),2022-02-04 13:16:39,326,Device Type 0
User 4,The IT Crowd: Series 3: From Hell (Episode 1),2022-02-04 12:49:48,600,Device Type 0
User 4,Spenser Confidential,2022-02-04 12:41:12,496,Device Type 0
User 4,Spenser Confidential,2022-02-04 12:37:24,43,Device Type 0
User 4,Spenser Confidential,2022-02-04 12:14:04,586,Device Type 0
User 4,The IT Crowd: Series 3: From Hell (Episode 1),2022-02-04 12:06:12,438,Device Type 0
User 4,The IT Crowd: Series 2: Men Without Women (Episode 6),2022-02-04 11:51:52,859,Device Type 0
User 4,Spenser Confidential,2022-02-04 11:13:49,1127,Device Type 0
User 4,Spenser Confidential,2022-02-04 10:51:40,892,Device Type 0
User 4,Spenser Confidential,2022-02-04 10:39:03,361,Device Type 0
User 4,Spenser Confidential,2022-02-04 09:34:32,2845,Device Type 0
User 4,Saving Private Ryan,2022-02-04 09:31:53,89,Device Type 0
User 4,The IT Crowd: Series 2: Men Without Women (Episode 6),2022-02-04 09:18:12,468,Device Type 0
User 4,All of Us Are Dead: Season 1: Episode 7,2022-02-04 08:12:18,1359,Device Type 5
User 4,All of Us Are Dead: Season 1: Episode 6,2022-02-04 08:01:30,450,Device Type 5
User 4,Trailer: Looop Lapeta,2022-02-04 08:01:20,6,Device Type 5
User 4,The IT Crowd: Series 2: Men Without Women (Episode 6),2022-02-04 07:51:32,81,Device Type 0
User 4,The IT Crowd: Series 2: Smoke and Mirrors (Episode 5),2022-02-04 07:50:37,55,Device Type 0
User 4,The IT Crowd: Series 2: Smoke and Mirrors (Episode 5),2022-02-04 07:40:48,471,Device Type 0
User 4,The IT Crowd: Series 2: Smoke and Mirrors (Episode 5),2022-02-04 07:24:49,73,Device Type 0
User 4,The IT Crowd: Series 2: Smoke and Mirrors (Episode 5),2022-02-04 07:12:10,175,Device Type 0
User 4,The IT Crowd: Series 2: Smoke and Mirrors (Episode 5),2022-02-04 06:46:16,643,Device Type 0
User 4,The IT Crowd: Series 2: Smoke and Mirrors (Episode 5),2022-02-04 06:26:38,84,Device Type 0
User 4,The IT Crowd: Series 2: Smoke and Mirrors (Episode 5),2022-02-04 06:25:58,20,Device Type 0
User 4,The IT Crowd: Series 2: The Dinner Party (Episode 4),2022-02-04 06:21:45,250,Device Type 0
User 4,The IT Crowd: Series 2: The Dinner Party (Episode 4),2022-02-04 05:50:14,772,Device Type 0
User 4,The IT Crowd: Series 2: The Dinner Party (Episode 4),2022-02-04 05:15:26,271,Device Type 0
User 4,The IT Crowd: Series 2: Moss and the German (Episode 3),2022-02-04 04:51:50,1415,Device Type 0
User 4,All of Us Are Dead: Season 1: Episode 6,2022-02-04 04:32:36,1553,Device Type 5
User 4,Season 1 Trailer 2: All of Us Are Dead,2022-02-04 04:32:30,4,Device Type 5
User 4,The IT Crowd: Series 2: Return of the Golden Child (Episode 2),2022-02-04 04:29:08,1361,Device Type 0
User 4,The IT Crowd: Series 2: The Work Outing (Episode 1),2022-02-04 04:20:15,533,Device Type 0
User 4,The IT Crowd: Series 2: The Work Outing (Episode 1),2022-02-04 03:57:21,927,Device Type 0
User 4,The IT Crowd: Series 1: Aunt Irma Visits (Episode 6),2022-02-04 03:44:36,764,Device Type 0
User 4,The IT Crowd: Series 1: Aunt Irma Visits (Episode 6),2022-02-03 19:14:58,715,Device Type 0
User 4,The IT Crowd: Series 1: The Haunting of Bill Crouse (Episode 5),2022-02-03 18:50:46,1451,Device Type 0
User 4,The IT Crowd: Series 1: The Red Door (Episode 4),2022-02-03 18:27:02,1415,Device Type 0
User 4,The IT Crowd: Series 1: Fifty-Fifty (Episode 3),2022-02-03 18:19:11,432,Device Type 0
User 4,The IT Crowd: Series 1: Fifty-Fifty (Episode 3),2022-02-03 17:55:12,404,Device Type 0
User 4,The IT Crowd: Series 1: Fifty-Fifty (Episode 3),2022-02-03 17:29:48,653,Device Type 0
User 4,The IT Crowd: Series 1: Calamity Jen (Episode 2),2022-02-03 17:06:05,1422,Device Type 0
User 4,Friends: Season 10: The One Where Estelle Dies (Episode 15),2022-02-03 16:43:57,1276,Device Type 0
User 4,Friends: Season 10: The One with Princess Consuela (Episode 14),2022-02-03 16:42:08,70,Device Type 0
User 4,Friends: Season 10: The One with Princess Consuela (Episode 14),2022-02-03 16:13:10,331,Device Type 0
User 4,Friends: Season 10: The One with Princess Consuela (Episode 14),2022-02-03 15:56:07,950,Device Type 0
User 4,Friends: Season 10: The One Where Joey Speaks French (Episode 13),2022-02-03 15:32:23,1414,Device Type 0
User 4,Friends: Season 10: The One with Phoebe's Wedding (Episode 12),2022-02-03 15:02:56,1766,Device Type 0
User 4,All of Us Are Dead: Season 1: Episode 6,2022-02-03 14:57:33,1653,Device Type 5
User 4,All of Us Are Dead: Season 1: Episode 5,2022-02-03 14:53:17,252,Device Type 5
User 4,Friends: Season 10: The One Where the Stripper Cries (Episode 11),2022-02-03 14:34:59,1646,Device Type 0
User 4,Friends: Season 10: The One Where Chandler Gets Caught (Episode 10),2022-02-03 13:51:27,321,Device Type 0
User 4,Friends: Season 10: The One Where Chandler Gets Caught (Episode 10),2022-02-03 13:05:40,1056,Device Type 0
User 4,Friends: Season 10: The One with the Birth Mother (Episode 9),2022-02-03 12:42:29,1389,Device Type 0
User 4,Friends: Season 10: The One with the Birth Mother (Episode 9),2022-02-03 12:25:53,381,Device Type 0
User 4,Friends: Season 10: The One with the Late Thanksgiving (Episode 8),2022-02-03 12:02:48,1384,Device Type 0
User 4,Friends: Season 10: The One with The Home Study (Episode 7),2022-02-03 11:39:37,1390,Device Type 0
User 4,Friends: Season 10: The One with Ross's Grant (Episode 6),2022-02-03 11:10:12,1466,Device Type 0
User 4,Friends: Season 10: The One Where Rachel's Sister Babysits (Episode 5),2022-02-03 10:46:18,1434,Device Type 0
User 4,The IT Crowd: Series 1: Calamity Jen (Episode 2),2022-02-03 10:46:08,6,Device Type 0
User 4,Friends: Season 10: The One Where Rachel's Sister Babysits (Episode 5),2022-02-03 10:34:57,261,Device Type 0
User 4,Friends: Season 10: The One with the Cake (Episode 4),2022-02-03 10:12:02,1374,Device Type 0
User 4,Friends: Season 10: The One with Ross's Tan (Episode 3),2022-02-03 10:03:27,513,Device Type 0
User 4,The IT Crowd: Series 1: Calamity Jen (Episode 2),2022-02-03 10:03:11,8,Device Type 0
User 4,The IT Crowd: Series 1: Yesterday's Jam (Episode 1),2022-02-03 10:01:04,125,Device Type 0
User 4,The IT Crowd: Series 1: Yesterday's Jam (Episode 1),2022-02-03 09:45:40,791,Device Type 0
User 4,The IT Crowd: Series 1: Yesterday's Jam (Episode 1),2022-02-03 09:34:34,457,Device Type 0
User 4,Friends: Season 10: The One with Ross's Tan (Episode 3),2022-02-03 09:34:09,2,Device Type 0
User 4,Friends: Season 10: The One with Ross's Tan (Episode 3),2022-02-03 09:16:13,937,Device Type 0
User 4,Friends: Season 10: The One Where Ross Is Fine (Episode 2),2022-02-03 08:48:46,1441,Device Type 0
User 4,Friends: Season 10: The One After Joey and Rachel Kiss (Episode 1),2022-02-03 08:46:50,115,Device Type 0
User 4,Friends: Season 10: The One After Joey and Rachel Kiss (Episode 1),2022-02-03 08:30:40,924,Device Type 0
User 4,Friends: Season 10: The One After Joey and Rachel Kiss (Episode 1),2022-02-03 08:17:14,510,Device Type 0
User 4,All of Us Are Dead: Season 1: Episode 5,2022-02-03 07:54:37,2762,Device Type 5
User 4,Hometown Cha-Cha-Cha: Season 1_hook_02_16x9,2022-02-03 07:54:08,24,Device Type 5
User 4,Friends: Season 10: The One After Joey and Rachel Kiss (Episode 1),2022-02-03 07:44:21,361,Device Type 0
User 4,Friends: Season 9: The One in Barbados (Episode 23),2022-02-03 07:35:44,516,Device Type 0
User 4,Friends: Season 9: The One in Barbados (Episode 23),2022-02-03 07:17:27,412,Device Type 0
User 4,Friends: Season 9: The One in Barbados (Episode 23),2022-02-03 06:22:07,2329,Device Type 0
User 4,Friends: Season 9: The One with the Donor (Episode 22),2022-02-03 06:17:06,298,Device Type 0
User 4,Friends: Season 9: The One with the Donor (Episode 22),2022-02-03 05:04:28,468,Device Type 0
User 4,All of Us Are Dead: Season 1: Episode 4,2022-02-03 04:46:33,1308,Device Type 5
User 4,Friends: Season 9: The One with the Donor (Episode 22),2022-02-03 04:37:10,717,Device Type 0
User 4,Friends: Season 9: The One with the Fertility Test (Episode 21),2022-02-03 04:10:50,1579,Device Type 0
User 4,All of Us Are Dead: Season 1: Episode 4,2022-02-03 04:07:43,1987,Device Type 5
User 4,Friends: Season 9: The One with the Soap Opera Party (Episode 20),2022-02-03 04:00:00,647,Device Type 0
User 4,Friends: Season 9: The One with the Soap Opera Party (Episode 20),2022-02-02 19:55:23,774,Device Type 0
User 4,Friends: Season 9: The One with Rachel's Dream (Episode 19),2022-02-02 19:30:14,1486,Device Type 0
User 4,Friends: Season 9: The One with the Lottery (Episode 18),2022-02-02 19:07:33,1357,Device Type 0
User 4,Friends: Season 9: The One with the Memorial Service (Episode 17),2022-02-02 18:43:42,1429,Device Type 0
User 4,Friends: Season 9: The One with the Boob Job (Episode 16),2022-02-02 18:37:19,380,Device Type 0
User 4,Friends: Season 9: The One with the Boob Job (Episode 16),2022-02-02 18:18:52,964,Device Type 0
User 4,Friends: Season 9: The One with the Boob Job (Episode 16),2022-02-02 18:17:50,50,Device Type 0
User 4,Friends: Season 9: The One with the Mugging (Episode 15),2022-02-02 17:57:20,1184,Device Type 0
User 4,Friends: Season 9: The One with the Mugging (Episode 15),2022-02-02 17:20:39,755,Device Type 0
User 4,Friends: Season 9: The One with the Blind Dates (Episode 14),2022-02-02 16:57:49,1357,Device Type 0
User 4,Friends: Season 9: The One Where Monica Sings (Episode 13),2022-02-02 16:26:25,1843,Device Type 0
User 4,Friends: Season 9: The One with Phoebe's Rats (Episode 12),2022-02-02 16:11:12,904,Device Type 0
User 4,Shyam Singha Roy,2022-02-02 16:09:46,26,Device Type 0
User 4,All of Us Are Dead: Season 1: Episode 4,2022-02-02 15:10:14,623,Device Type 5
User 4,All of Us Are Dead: Season 1: Episode 3,2022-02-02 14:48:31,1299,Device Type 5
User 4,Shyam Singha Roy,2022-02-02 14:38:58,4795,Device Type 0
User 4,Shyam Singha Roy,2022-02-02 14:13:14,28,Device Type 0
User 4,Shyam Singha Roy,2022-02-02 13:33:38,1259,Device Type 0
User 4,Shyam Singha Roy,2022-02-02 12:54:09,552,Device Type 0
User 4,Shyam Singha Roy,2022-02-02 11:46:18,3364,Device Type 0
User 4,Friends: Season 9: The One with Phoebe's Rats (Episode 12),2022-02-02 11:33:07,489,Device Type 0
User 4,Friends: Season 9: The One Where Rachel Goes Back to Work (Episode 11),2022-02-02 11:05:38,1388,Device Type 0
User 4,Friends: Season 9: The One with Christmas in Tulsa (Episode 10),2022-02-02 10:46:26,1149,Device Type 0
User 4,Friends: Season 9: The One with Christmas in Tulsa (Episode 10),2022-02-02 10:41:30,245,Device Type 0
User 4,Friends: Season 9: The One with Rachel's Phone Number (Episode 9),2022-02-02 10:29:23,723,Device Type 0
User 4,Friends: Season 9: The One with Rachel's Phone Number (Episode 9),2022-02-02 10:09:34,668,Device Type 0
User 4,Friends: Season 9: The One with Rachel's Other Sister (Episode 8),2022-02-02 09:47:03,1047,Device Type 0
User 4,Friends: Season 9: The One with Rachel's Other Sister (Episode 8),2022-02-02 09:36:36,468,Device Type 0
User 4,Friends: Season 9: The One with Ross' Inappropriate Song (Episode 7),2022-02-02 09:32:34,238,Device Type 0
User 4,Friends: Season 9: The One with Ross' Inappropriate Song (Episode 7),2022-02-02 09:09:44,1157,Device Type 0
User 4,Friends: Season 9: The One with the Male Nanny (Episode 6),2022-02-02 08:35:44,1921,Device Type 0
User 4,Friends: Season 9: The One with Phoebe's Birthday Dinner (Episode 5),2022-02-02 08:13:01,1360,Device Type 0
User 4,All of Us Are Dead: Season 1: Episode 3,2022-02-02 07:51:01,2084,Device Type 5
User 4,Friends: Season 9: The One with the Sharks (Episode 4),2022-02-02 07:50:18,1360,Device Type 0
User 4,Friends: Season 9: The One with the Pediatrician (Episode 3),2022-02-02 07:48:12,124,Device Type 0
User 4,All of Us Are Dead: Season 1: Episode 2,2022-02-02 07:38:42,676,Device Type 5
User 4,Season 1 Trailer 2: All of Us Are Dead,2022-02-02 07:38:35,4,Device Type 5
User 4,The Social Network_hook_primary_16x9,2022-02-02 07:38:24,4,Device Type 5
User 4,Friends: Season 9: The One with the Pediatrician (Episode 3),2022-02-02 06:42:16,1240,Device Type 0
User 4,Friends: Season 9: The One Where Emma Cries (Episode 2),2022-02-02 06:04:18,1399,Device Type 0
User 4,Friends: Season 9: The One Where No One Proposes (Episode 1),2022-02-02 06:02:27,99,Device Type 0
User 4,Friends: Season 9: The One Where No One Proposes (Episode 1),2022-02-02 05:34:56,1293,Device Type 0
User 4,Friends: Season 8: The One Where Rachel Has a Baby: Part 2 (Episode 24),2022-02-02 05:18:24,989,Device Type 0
User 4,All of Us Are Dead: Season 1: Episode 2,2022-02-02 04:34:09,1859,Device Type 5
User 4,Clip 2: SAS: Rise of the Black Swan: Inciting Incident,2022-02-02 04:32:51,51,Device Type 5
User 4,Unknown,2022-02-02 04:00:16,4564,Device Type 0
User 4,Unknown,2022-02-02 03:25:09,1958,Device Type 0
User 4,Friends: Season 8: The One Where Rachel Has a Baby: Part 2 (Episode 24),2022-02-02 03:23:54,8,Device Type 0
User 4,Friends: Season 8: The One Where Rachel Has a Baby: Part 2 (Episode 24),2022-02-01 22:16:55,235,Device Type 0
User 4,Friends: Season 8: The One Where Rachel Has a Baby: Part 1 (Episode 23),2022-02-01 22:01:32,846,Device Type 0
User 4,Friends: Season 8: The One Where Rachel Has a Baby: Part 1 (Episode 23),2022-02-01 18:49:04,466,Device Type 0
User 4,Friends: Season 8: The One Where Rachel Is Late (Episode 22),2022-02-01 18:27:10,1312,Device Type 0
User 4,Friends: Season 8: The One with the Cooking Class (Episode 21),2022-02-01 18:02:47,1297,Device Type 0
User 4,Friends: Season 8: The One with the Baby Shower (Episode 20),2022-02-01 18:01:39,64,Device Type 0
User 4,Friends: Season 8: The One with the Baby Shower (Episode 20),2022-02-01 17:38:46,1253,Device Type 0
User 4,Friends: Season 8: The One with Joey's Interview (Episode 19),2022-02-01 17:10:21,1316,Device Type 0
User 4,Friends: Season 8: The One in Massapequa (Episode 18),2022-02-01 17:02:40,458,Device Type 0
User 4,Friends: Season 8: The One in Massapequa (Episode 18),2022-02-01 16:45:00,834,Device Type 0
User 4,Friends: Season 8: The One with the Tea Leaves (Episode 17),2022-02-01 16:21:55,1313,Device Type 0
User 4,Friends: Season 8: The One Where Joey Tells Rachel (Episode 16),2022-02-01 16:00:48,1264,Device Type 0
User 4,Friends: Season 8: The One with the Birthing Video (Episode 15),2022-02-01 15:39:04,1300,Device Type 0
User 4,Friends: Season 8: The One with the Secret Closet (Episode 14),2022-02-01 15:27:00,721,Device Type 0
User 4,All of Us Are Dead: Season 1: Episode 2,2022-02-01 15:10:42,1310,Device Type 5
User 4,Friends: Season 8: The One with the Secret Closet (Episode 14),2022-02-01 15:07:36,594,Device Type 0
User 4,Friends: Season 8: The One Where Chandler Takes a Bath (Episode 13),2022-02-01 14:59:00,513,Device Type 0
User 4,All of Us Are Dead: Season 1: Episode 1,2022-02-01 14:58:21,737,Device Type 5
User 4,Trailer: #Alive,2022-02-01 14:57:53,6,Device Type 5
User 4,Friends: Season 8: The One Where Chandler Takes a Bath (Episode 13),2022-02-01 14:44:36,780,Device Type 0
User 4,Friends: Season 8: The One Where Joey Dates Rachel (Episode 12),2022-02-01 13:37:15,1279,Device Type 0
User 4,Friends: Season 8: The One with the Creepy Holiday Card (Episode 11),2022-02-01 13:13:00,1314,Device Type 0
User 4,Friends: Season 8: The One with Monica's Boots (Episode 10),2022-02-01 13:04:40,500,Device Type 0
User 4,Friends: Season 8: The One with Monica's Boots (Episode 10),2022-02-01 12:00:39,832,Device Type 0
User 4,Friends: Season 8: The One with the Rumor (Episode 9),2022-02-01 11:37:27,1319,Device Type 0
User 4,Friends: Season 8: The One with the Stripper (Episode 8),2022-02-01 11:14:05,1305,Device Type 0
User 4,Friends: Season 8: The One with the Stain (Episode 7),2022-02-01 10:50:50,1319,Device Type 0
User 4,Friends: Season 8: The One with the Halloween Party (Episode 6),2022-02-01 10:50:33,13,Device Type 0
User 4,Friends: Season 8: The One with the Halloween Party (Episode 6),2022-02-01 10:43:09,190,Device Type 0
User 4,Friends: Season 8: The One with the Halloween Party (Episode 6),2022-02-01 10:34:24,190,Device Type 0
User 4,Friends: Season 8: The One with the Halloween Party (Episode 6),2022-02-01 10:10:42,1034,Device Type 0
User 4,Friends: Season 8: The One with Rachel's Date (Episode 5),2022-02-01 09:47:50,1343,Device Type 0
User 4,Friends: Season 8: The One with the Videotape (Episode 4),2022-02-01 09:35:17,748,Device Type 0
User 4,Friends: Season 8: The One with the Videotape (Episode 4),2022-02-01 09:19:52,577,Device Type 0
User 4,Friends: Season 8: The One Where Rachel Tells ... (Episode 3),2022-02-01 09:07:59,682,Device Type 0
User 4,Friends: Season 8: The One Where Rachel Tells ... (Episode 3),2022-02-01 08:42:32,675,Device Type 0
User 4,Friends: Season 8: The One with the Red Sweater (Episode 2),2022-02-01 08:40:45,82,Device Type 0
User 4,All of Us Are Dead: Season 1: Episode 1,2022-02-01 08:40:32,637,Device Type 5
User 4,Friends: Season 8: The One with the Red Sweater (Episode 2),2022-02-01 08:25:43,97,Device Type 0
User 4,All of Us Are Dead: Season 1: Episode 1,2022-02-01 07:55:55,2158,Device Type 5
User 4,Friends: Season 8: The One with the Red Sweater (Episode 2),2022-02-01 06:31:31,248,Device Type 0
User 4,Friends: Season 8: The One with the Red Sweater (Episode 2),2022-02-01 06:17:46,463,Device Type 0
User 4,Friends: Season 8: The One with the Red Sweater (Episode 2),2022-02-01 06:05:52,433,Device Type 0
User 4,Friends: Season 8: The One After I Do (Episode 1),2022-02-01 05:59:14,389,Device Type 0
User 4,Friends: Season 8: The One After I Do (Episode 1),2022-02-01 05:24:56,20,Device Type 0
User 4,Friends: Season 8: The One After I Do (Episode 1),2022-02-01 05:05:16,959,Device Type 0
User 4,Friends: Season 7: The One with Chandler and Monica's Wedding: Part 2 (Episode 24),2022-02-01 04:48:26,1008,Device Type 0
User 4,Friends: Season 7: The One with Chandler and Monica's Wedding: Part 2 (Episode 24),2022-02-01 04:42:51,299,Device Type 0
User 4,Friends: Season 7: The One with Chandler and Monica's Wedding: Part 1 (Episode 23),2022-02-01 04:20:59,1311,Device Type 0
User 4,Friends: Season 7: The One with Chandler's Dad (Episode 22),2022-02-01 03:58:57,1319,Device Type 0
User 4,Friends: Season 7: The One with the Vows (Episode 21),2022-02-01 03:55:37,192,Device Type 0
User 4,Friends: Season 7: The One with the Vows (Episode 21),2022-02-01 03:25:51,1132,Device Type 0
User 4,Friends: Season 7: The One with Rachel's Big Kiss (Episode 20),2022-02-01 03:04:26,1282,Device Type 0
User 4,Friends: Season 7: The One with Ross and Monica's Cousin (Episode 19),2022-02-01 02:25:02,1287,Device Type 0
User 4,Friends: Season 7: The One with Joey's Award (Episode 18),2022-02-01 02:12:53,727,Device Type 0
User 4,Friends: Season 7: The One with Joey's Award (Episode 18),2022-01-31 21:13:45,372,Device Type 0
User 4,Minnal Murali,2022-01-31 19:45:23,4363,Device Type 0
User 4,Minnal Murali,2022-01-31 18:55:50,2804,Device Type 0
User 4,Friends: Season 7: The One with Joey's Award (Episode 18),2022-01-31 18:55:21,4,Device Type 0
User 4,Friends: Season 7: The One with Joey's Award (Episode 18),2022-01-31 18:33:25,552,Device Type 0
User 4,Friends: Season 7: The One with the Cheap Wedding Dress (Episode 17),2022-01-31 18:11:59,1282,Device Type 0
User 4,Friends: Season 7: The One with the Truth About London (Episode 16),2022-01-31 17:50:05,1311,Device Type 0
User 4,Friends: Season 7: The One with Joey's New Brain (Episode 15),2022-01-31 17:36:46,776,Device Type 0
User 4,Friends: Season 7: The One with Joey's New Brain (Episode 15),2022-01-31 17:26:01,546,Device Type 0
User 4,Friends: Season 7: The One Where They All Turn Thirty (Episode 14),2022-01-31 17:15:35,623,Device Type 0
User 4,Friends: Season 7: The One Where They All Turn Thirty (Episode 14),2022-01-31 16:55:56,663,Device Type 0
User 4,Friends: Season 7: The One Where Rosita Dies (Episode 13),2022-01-31 16:25:36,1322,Device Type 0
User 4,Friends: Season 7: The One Where They're Up All Night (Episode 12),2022-01-31 16:03:41,1313,Device Type 0
User 4,Friends: Season 7: The One with All the Cheesecakes (Episode 11),2022-01-31 15:43:27,1213,Device Type 0
User 4,All of Us Are Dead: Season 1: Episode 1,2022-01-31 15:36:07,66,Device Type 5
User 4,Season 1 Trailer 2: All of Us Are Dead,2022-01-31 15:34:14,95,Device Type 5
User 4,The Voyage Of Doctor Dolittle_hook_02_16x9,2022-01-31 15:34:02,6,Device Type 5
User 4,Spider-Man: Into the Spider-Verse_hook_01_16x9,2022-01-31 15:33:46,13,Device Type 5
User 4,Doctor (2020)_hook_03_16x9,2022-01-31 15:33:22,12,Device Type 5
User 4,Friends: Season 7: The One with All the Cheesecakes (Episode 11),2022-01-31 15:23:33,91,Device Type 0
User 4,Friends: Season 7: The One with the Holiday Armadillo (Episode 10),2022-01-31 15:12:19,671,Device Type 0
User 4,A Walk Among the Tombstones,2022-01-31 14:52:30,2193,Device Type 5
User 4,A Walk Among the Tombstones_hook_06_16x9,2022-01-31 14:52:19,8,Device Type 5
User 4,Friends: Season 7: The One with the Holiday Armadillo (Episode 10),2022-01-31 14:24:08,664,Device Type 0
User 4,Friends: Season 7: The One with All the Candy (Episode 9),2022-01-31 14:02:13,1312,Device Type 0
User 4,Friends: Season 7: The One Where Chandler Doesn't Like Dogs (Episode 8),2022-01-31 13:35:26,1601,Device Type 0
User 4,Friends: Season 7: The One with Ross' Library Book (Episode 7),2022-01-31 13:08:37,1325,Device Type 0
User 4,Friends: Season 7: The One with the Nap Partners (Episode 6),2022-01-31 12:46:41,1313,Device Type 0
User 4,Friends: Season 7: The One with the Engagement Picture (Episode 5),2022-01-31 12:23:36,1382,Device Type 0
User 4,Friends: Season 7: The One with Rachel's Assistant (Episode 4),2022-01-31 12:08:16,906,Device Type 0
User 4,Friends: Season 7: The One with Rachel's Assistant (Episode 4),2022-01-31 12:03:16,277,Device Type 0
User 4,Friends: Season 7: The One with Rachel's Assistant (Episode 4),2022-01-31 11:51:54,113,Device Type 0
User 4,Friends: Season 7: The One with Phoebe's Cookies (Episode 3),2022-01-31 11:34:00,1070,Device Type 0
User 4,Friends: Season 7: The One with Phoebe's Cookies (Episode 3),2022-01-31 11:02:24,234,Device Type 0
User 4,Friends: Season 7: The One with Rachel's Book (Episode 2),2022-01-31 10:39:47,1335,Device Type 0
User 4,Friends: Season 7: The One with Monica's Thunder (Episode 1),2022-01-31 10:34:36,308,Device Type 0
User 4,Friends: Season 7: The One with Monica's Thunder (Episode 1),2022-01-31 10:12:10,1006,Device Type 0
User 4,Friends: Season 6: The One with the Proposal: Part 2 (Episode 25),2022-01-31 09:41:08,1303,Device Type 0
User 4,Friends: Season 6: The One with the Proposal: Part 2 (Episode 25),2022-01-31 09:24:36,23,Device Type 0
User 4,Friends: Season 6: The One with the Proposal: Part 1 (Episode 24),2022-01-31 08:59:10,1305,Device Type 0
User 4,Friends: Season 6: The One with the Ring (Episode 23),2022-01-31 08:41:38,977,Device Type 0
User 4,Friends: Season 6: The One with the Ring (Episode 23),2022-01-31 08:29:03,275,Device Type 0
User 4,Friends: Season 6: The One with the Ring (Episode 23),2022-01-31 08:26:40,73,Device Type 0
User 4,Friends: Season 6: The One After Vegas (Episode 1),2022-01-31 08:26:25,2,Device Type 0
User 4,A Walk Among the Tombstones,2022-01-31 08:25:20,724,Device Type 5
User 4,Friends: Season 6: The One Where Paul's the Man (Episode 22),2022-01-31 08:04:40,1025,Device Type 0
User 4,A Walk Among the Tombstones,2022-01-31 07:57:10,1252,Device Type 5
User 4,The Equalizer 2_hook_primary_16x9,2022-01-31 07:51:57,46,Device Type 5
User 4,Friends: Season 6: The One Where Paul's the Man (Episode 22),2022-01-31 07:39:17,304,Device Type 0
User 4,Friends: Season 5: The One in Vegas: Part 2 (Episode 24),2022-01-31 07:38:49,1,Device Type 0
User 4,Friends: Season 5: The One in Vegas: Part 2 (Episode 24),2022-01-31 07:38:39,1,Device Type 0
User 4,Friends: Season 5: The One in Vegas: Part 2 (Episode 24),2022-01-31 07:35:00,96,Device Type 0
User 4,Friends: Season 6: The One Where Ross Meets Elizabeth's Dad (Episode 21),2022-01-31 07:16:27,751,Device Type 0
User 4,Friends: Season 6: The One Where Ross Meets Elizabeth's Dad (Episode 21),2022-01-31 06:47:23,823,Device Type 0
User 4,Friends: Season 6: The One Where Ross Meets Elizabeth's Dad (Episode 21),2022-01-31 06:39:31,26,Device Type 0
User 4,Friends: Season 6: The One Where Ross Meets Elizabeth's Dad (Episode 21),2022-01-31 06:39:20,1,Device Type 0
User 4,Friends: Season 5: The One in Vegas: Part 2 (Episode 24),2022-01-31 06:37:46,21,Device Type 0
User 4,Friends: Season 6: The One with Mac and C.H.E.E.S.E (Episode 20),2022-01-31 06:31:35,364,Device Type 0
User 4,Friends: Season 6: The One with Mac and C.H.E.E.S.E (Episode 20),2022-01-31 06:14:38,635,Device Type 0
User 4,Friends: Season 6: The One with Mac and C.H.E.E.S.E (Episode 20),2022-01-31 05:59:12,259,Device Type 0
User 4,Friends: Season 6: The One with Mac and C.H.E.E.S.E (Episode 20),2022-01-31 05:56:57,43,Device Type 0
User 4,Friends: Season 5: The One in Vegas: Part 2 (Episode 24),2022-01-31 05:56:51,3,Device Type 0
User 4,Friends: Season 6: The One with Joey's Fridge (Episode 19),2022-01-31 05:55:16,88,Device Type 0
User 4,Friends: Season 6: The One with Joey's Fridge (Episode 19),2022-01-31 05:31:28,1237,Device Type 0
User 4,Friends: Season 6: The One Where Ross Dates a Student (Episode 18),2022-01-31 05:30:33,53,Device Type 0
User 4,Moment of High Emotion Clip: Looop Lapeta,2022-01-31 05:30:24,4,Device Type 0
User 4,Friends: Season 6: The One Where Ross Dates a Student (Episode 18),2022-01-31 05:09:35,1235,Device Type 0
User 4,Friends: Season 6: The One with Unagi (Episode 17),2022-01-30 19:15:49,1339,Device Type 0
User 4,Friends: Season 6: The One That Could Have Been: Part 2 (Episode 16),2022-01-30 18:53:54,1313,Device Type 0
User 4,Friends: Season 6: The One That Could Have Been: Part 1 (Episode 15),2022-01-30 18:32:01,1311,Device Type 0
User 4,Friends: Season 6: The One Where Chandler Can't Cry (Episode 14),2022-01-30 18:08:45,1317,Device Type 0
User 4,Friends: Season 6: The One with Rachel's Sister (Episode 13),2022-01-30 17:46:48,1252,Device Type 0
User 4,Friends: Season 6: The One with the Joke (Episode 12),2022-01-30 17:42:04,283,Device Type 0
User 4,Friends: Season 6: The One with the Joke (Episode 12),2022-01-30 15:17:12,1032,Device Type 0
User 4,Friends: Season 6: The One with the Apothecary Table (Episode 11),2022-01-30 14:53:40,1312,Device Type 0
User 4,Friends: Season 6: The One with the Routine (Episode 10),2022-01-30 14:51:46,113,Device Type 0
User 4,A Walk Among the Tombstones,2022-01-30 14:42:43,2264,Device Type 5
User 4,A Walk Among the Tombstones,2022-01-30 14:42:26,3,Device Type 1
User 4,The Big Bang Theory: Season 3 - Clip 2,2022-01-30 14:39:00,20,Device Type 1
User 4,6 Underground_VAR2-RECIPE-1_EDITOR2,2022-01-30 14:38:44,29,Device Type 5
User 4,Gemini Man_hook_primary_16x9,2022-01-30 14:37:06,64,Device Type 5
User 4,The Fresh Prince of Bel-Air: Season 1: The Fresh Prince Project (Episode 1),2022-01-30 14:35:12,4,Device Type 5
User 4,Friends: Season 6: The One with the Routine (Episode 10),2022-01-30 14:21:53,1174,Device Type 0
User 4,Friends: Season 6: The One Where Ross Got High (Episode 9),2022-01-30 13:47:50,1355,Device Type 0
User 4,Friends: Season 6: The One with Ross's Teeth (Episode 8),2022-01-30 13:14:34,863,Device Type 0
User 4,Kabhi Khushi Kabhie Gham,2022-01-30 10:27:03,7669,Device Type 2
User 4,Friends: Season 6: The One with Ross's Teeth (Episode 8),2022-01-30 10:21:25,148,Device Type 0
User 4,Friends: Season 6: The One with Ross's Teeth (Episode 8),2022-01-30 10:02:07,155,Device Type 0
User 4,Peppa Pig: Season 2: Mysteries / George’s Friend / Mr Scarecrow / Windy Autumn Day (Episode 2),2022-01-30 09:45:10,59,Device Type 2
User 4,Peppa Pig: Season 2: Bubbles / Emily Elephant / Polly's Holiday / Teddy’s Day Out (Episode 1),2022-01-30 09:26:33,1109,Device Type 2
User 4,Friends: Season 6: The One with Ross's Teeth (Episode 8),2022-01-30 09:15:29,132,Device Type 0
User 4,Friends: Season 6: The One Where Phoebe Runs (Episode 7),2022-01-30 09:07:53,335,Device Type 0
User 4,Teen Titans Go!: Season 1_hook_primary_16x9,2022-01-30 08:13:47,52,Device Type 5
User 4,Season 1 Trailer 3: Raising Dion,2022-01-30 08:11:00,72,Device Type 5
User 4,Jason Bourne_hook_primary_16x9,2022-01-30 08:10:50,5,Device Type 5
User 4,Shyam Singha Roy_hook_primary_16x9,2022-01-30 08:10:15,5,Device Type 5
User 4,Friends: Season 6: The One Where Phoebe Runs (Episode 7),2022-01-30 08:00:40,376,Device Type 0
User 4,Jack Reacher: Never Go Back,2022-01-30 07:48:11,1307,Device Type 5
User 4,Jason Bourne_hook_primary_16x9,2022-01-30 07:47:51,9,Device Type 5
User 4,Friends: Season 6: The One Where Phoebe Runs (Episode 7),2022-01-30 07:44:38,710,Device Type 0
User 4,Friends: Season 6: The One on the Last Night (Episode 6),2022-01-30 07:02:28,1657,Device Type 0
User 4,Friends: Season 6: The One with Joey's Porsche (Episode 5),2022-01-30 06:25:47,1534,Device Type 0
User 4,Jack Reacher: Never Go Back,2022-01-29 14:54:46,1312,Device Type 5
User 4,Friends: Season 6: The One with Joey's Porsche (Episode 5),2022-01-29 13:44:39,67,Device Type 0
User 4,Friends: Season 6: The One Where Joey Loses His Insurance (Episode 4),2022-01-29 13:28:12,983,Device Type 0
User 4,Friends: Season 6: The One Where Joey Loses His Insurance (Episode 4),2022-01-29 13:21:21,86,Device Type 0
User 4,Friends: Season 6: The One Where Joey Loses His Insurance (Episode 4),2022-01-29 13:15:30,219,Device Type 0
User 4,Friends: Season 6: The One with Ross's Denial (Episode 3),2022-01-29 13:09:55,333,Device Type 0
User 4,Friends: Season 6: The One with Ross's Denial (Episode 3),2022-01-29 12:50:54,1015,Device Type 0
User 4,Friends: Season 6: The One Where Ross Hugs Rachel (Episode 2),2022-01-29 12:29:12,1298,Device Type 0
User 4,Friends: Season 5: The One in Vegas: Part 2 (Episode 24),2022-01-29 12:28:53,9,Device Type 0
User 4,Friends: Season 6: The One After Vegas (Episode 1),2022-01-29 12:27:56,54,Device Type 0
User 4,Friends: Season 6: The One After Vegas (Episode 1),2022-01-29 12:26:15,94,Device Type 0
User 4,Jack Reacher: Never Go Back,2022-01-29 07:52:53,1712,Device Type 5
User 4,Jack Reacher: Never Go Back_hook_primary_16x9,2022-01-29 07:52:46,4,Device Type 5
User 4,Friends: Season 6: The One After Vegas (Episode 1),2022-01-28 16:38:42,1298,Device Type 0
User 4,Jack Reacher: Never Go Back,2022-01-28 15:08:20,1689,Device Type 5
User 4,Friends: Season 5: The One in Vegas: Part 2 (Episode 24),2022-01-28 15:07:00,642,Device Type 0
User 4,Friends: Season 5: The One in Vegas: Part 2 (Episode 24),2022-01-28 14:06:19,277,Device Type 0
User 4,Friends: Season 5: The One in Vegas: Part 2 (Episode 24),2022-01-28 13:55:35,374,Device Type 0
User 4,Friends: Season 5: The One in Vegas: Part 1 (Episode 23),2022-01-28 13:33:17,988,Device Type 0
User 4,Jack Reacher: Never Go Back,2022-01-28 08:14:55,555,Device Type 5
User 4,Jack Reacher: Never Go Back_hook_primary_16x9,2022-01-28 08:14:40,11,Device Type 5
User 4,Ozark: Season 1 Podular: TEXTLESS / Drama - Crime - Thriller,2022-01-28 08:14:13,12,Device Type 5
User 4,"Naruto: Season 6: Pure Betrayal, and a Fleeting Plea! (Episode 3)",2022-01-28 08:13:56,6,Device Type 5
User 4,Naruto: Season 6: A Town of Outlaws! The Shadow of the Fuma Clan (Episode 2),2022-01-28 08:10:17,195,Device Type 5
User 4,Naruto: Season 6: Deep Cover?! A Super S-Rank Mission (Episode 1),2022-01-28 08:07:53,105,Device Type 5
User 4,Naruto: Season 5: The Promise That Could Not Be Kept (Episode 29),2022-01-28 08:06:29,55,Device Type 5
User 4,Naruto: Season 5: The End of Tears (Episode 28),2022-01-28 07:50:45,931,Device Type 5
User 4,Naruto: Season 1_hook_primary_16x9,2022-01-28 07:50:35,5,Device Type 5
User 4,Inciting Incident Clip: Chosen,2022-01-28 06:53:12,25,Device Type 1
User 4,Friends: Season 5: The One in Vegas: Part 1 (Episode 23),2022-01-28 06:40:05,337,Device Type 0
User 4,Friends: Season 5: The One with Joey's Big Break (Episode 22),2022-01-28 06:12:23,1361,Device Type 0
User 4,Friends: Season 5: The One with the Ball (Episode 21),2022-01-28 05:42:15,1296,Device Type 0
User 4,Friends: Season 5: The One with the Ride-Along (Episode 20),2022-01-28 05:20:44,1289,Device Type 0
User 4,Friends: Season 5: The One Where Ross Can't Flirt (Episode 19),2022-01-28 04:55:24,1325,Device Type 0
User 4,Friends: Season 5: The One Where Rachel Smokes (Episode 18),2022-01-28 04:33:27,1316,Device Type 0
User 4,Friends: Season 5: The One with Rachel's Inadvertent Kiss (Episode 17),2022-01-28 04:11:17,1329,Device Type 0
User 4,Friends: Season 5: The One with the Cop (Episode 16),2022-01-28 03:49:14,1322,Device Type 0
User 4,Friends: Season 5: The One with the Girl Who Hits Joey (Episode 15),2022-01-28 03:42:49,383,Device Type 0
User 4,Friends: Season 5: The One with the Girl Who Hits Joey (Episode 15),2022-01-27 17:13:22,865,Device Type 0
User 4,Friends: Season 5: The One with the Girl Who Hits Joey (Episode 15),2022-01-27 17:11:39,99,Device Type 0
User 4,Friends: Season 5: The One Where Everybody Finds Out (Episode 14),2022-01-27 15:43:43,347,Device Type 0
User 4,Friends: Season 5: The One Where Everybody Finds Out (Episode 14),2022-01-27 15:21:45,938,Device Type 0
User 4,Friends: Season 5: The One with Joey's Bag (Episode 13),2022-01-27 15:10:12,337,Device Type 0
User 4,Friends: Season 5: The One with Joey's Bag (Episode 13),2022-01-27 15:07:47,141,Device Type 0
User 4,Friends: Season 5: The One with Joey's Bag (Episode 13),2022-01-27 08:26:54,735,Device Type 0
User 4,Friends: Season 5: The One with Joey's Bag (Episode 13),2022-01-27 06:40:42,194,Device Type 0
User 4,Friends: Season 5: The One with Chandler's Work Laugh (Episode 12),2022-01-27 06:29:40,661,Device Type 0
User 4,Friends: Season 5: The One with Chandler's Work Laugh (Episode 12),2022-01-27 03:28:03,710,Device Type 0
User 4,Friends: Season 5: The One with All the Resolutions (Episode 11),2022-01-27 03:05:42,1340,Device Type 0
User 4,Friends: Season 5: The One with the Inappropriate Sister (Episode 10),2022-01-27 02:39:57,1340,Device Type 0
User 4,Friends: Season 5: The One with Ross's Sandwich (Episode 9),2022-01-27 02:15:31,1463,Device Type 0
User 4,Friends: Season 5: The One with All the Thanksgivings (Episode 8),2022-01-27 02:10:12,319,Device Type 0
User 4,Friends: Season 5: The One with All the Thanksgivings (Episode 8),2022-01-27 01:53:21,988,Device Type 0
User 4,Friends: Season 5: The One Where Ross Moves In (Episode 7),2022-01-27 01:51:04,136,Device Type 0
User 4,Sex Education: Season 1: Episode 5,2022-01-26 20:05:29,6,Device Type 2
User 4,Friends: Season 5: The One Where Ross Moves In (Episode 7),2022-01-26 19:23:15,526,Device Type 0
User 4,Sex Education: Season 1: Episode 4,2022-01-26 19:19:32,2751,Device Type 2
User 4,Sex Education: Season 1: Episode 3,2022-01-26 18:30:06,2961,Device Type 2
User 4,Sex Education: Season 1: Episode 2,2022-01-26 17:37:33,2910,Device Type 2
User 4,Sex Education: Season 1: Episode 1,2022-01-26 16:46:44,3041,Device Type 2
User 4,Friends: Season 5: The One Where Ross Moves In (Episode 7),2022-01-26 14:07:13,644,Device Type 0
User 4,Friends: Season 5: The One with the Yeti (Episode 6),2022-01-26 13:55:11,612,Device Type 0
User 4,Friends: Season 5: The One with the Yeti (Episode 6),2022-01-26 13:50:07,66,Device Type 0
User 4,Friends: Season 5: The One with the Yeti (Episode 6),2022-01-26 13:30:40,656,Device Type 0
User 4,Friends: Season 5: The One with the Kips (Episode 5),2022-01-26 13:23:42,126,Device Type 0
User 4,Friends: Season 5: The One with the Yeti (Episode 6),2022-01-26 13:23:30,4,Device Type 0
User 4,Friends: Season 5: The One with the Kips (Episode 5),2022-01-26 13:17:11,241,Device Type 0
User 4,Friends: Season 5: The One with the Kips (Episode 5),2022-01-26 12:58:13,1068,Device Type 0
User 4,Friends: Season 5: The One Where Phoebe Hates PBS (Episode 4),2022-01-26 12:35:43,1349,Device Type 0
User 4,Friends: Season 5: The One Hundredth (Episode 3),2022-01-26 12:20:54,888,Device Type 0
User 4,Friends: Season 5: The One Hundredth (Episode 3),2022-01-26 11:54:51,449,Device Type 0
User 4,Friends: Season 5: The One with All the Kissing (Episode 2),2022-01-26 11:31:53,1325,Device Type 0
User 4,Friends: Season 5: The One After Ross Says Rachel (Episode 1),2022-01-26 11:24:10,462,Device Type 0
User 4,Friends: Season 5: The One After Ross Says Rachel (Episode 1),2022-01-26 11:07:02,684,Device Type 0
User 4,Friends: Season 5: The One After Ross Says Rachel (Episode 1),2022-01-26 10:58:06,151,Device Type 0
User 4,Friends: Season 4: The One with Ross's Wedding: Part 2 (Episode 24),2022-01-26 10:56:33,92,Device Type 0
User 4,Friends: Season 4: The One with Ross's Wedding: Part 2 (Episode 24),2022-01-26 10:16:23,1179,Device Type 0
User 4,Friends: Season 4: The One with Ross's Wedding: Part 1 (Episode 23),2022-01-26 10:10:56,327,Device Type 0
User 4,Friends: Season 4: The One with Ross's Wedding: Part 1 (Episode 23),2022-01-26 09:37:31,879,Device Type 0
User 4,Friends: Season 4: The One with Ross's Wedding: Part 1 (Episode 23),2022-01-26 08:48:33,114,Device Type 0
User 4,Friends: Season 4: The One with the Worst Best Man Ever (Episode 22),2022-01-26 08:25:30,1352,Device Type 0
User 4,Friends: Season 4: The One with the Invitation (Episode 21),2022-01-26 08:21:57,212,Device Type 0
User 4,Friends: Season 4: The One with the Invitation (Episode 21),2022-01-26 07:41:05,900,Device Type 0
User 4,Friends: Season 4: The One with the Invitation (Episode 21),2022-01-26 07:29:21,205,Device Type 0
User 4,Friends: Season 4: The One with the Wedding Dresses (Episode 20),2022-01-26 07:08:56,1224,Device Type 0
User 4,Friends: Season 4: The One with the Wedding Dresses (Episode 20),2022-01-26 06:31:56,89,Device Type 0
User 4,Friends: Season 4: The One with All the Haste (Episode 19),2022-01-26 06:29:26,149,Device Type 0
User 4,Friends: Season 4: The One with All the Haste (Episode 19),2022-01-26 05:15:46,1234,Device Type 0
User 4,Friends: Season 4: The One with Rachel's New Dress (Episode 18),2022-01-26 04:54:03,1302,Device Type 0
User 4,Friends: Season 4: The One with the Free Porn (Episode 17),2022-01-26 04:32:00,1322,Device Type 0
User 4,Friends: Season 4: The One with the Fake Party (Episode 16),2022-01-26 04:10:32,1288,Device Type 0
User 4,Friends: Season 4: The One with All the Rugby (Episode 15),2022-01-26 04:03:27,424,Device Type 0
User 4,Friends: Season 4: The One with All the Rugby (Episode 15),2022-01-26 03:43:41,868,Device Type 0
User 4,Friends: Season 4: The One with Joey's Dirty Day (Episode 14),2022-01-26 03:21:02,1359,Device Type 0
User 4,Friends: Season 4: The One with Rachel's Crush (Episode 13),2022-01-26 03:06:05,895,Device Type 0
User 4,Friends: Season 4: The One with the Invitation (Episode 21),2022-01-26 03:05:03,37,Device Type 0
User 4,Friends: Season 4: The One with the Invitation (Episode 21),2022-01-26 00:11:54,214,Device Type 0
User 4,Friends: Season 4: The One with the Wedding Dresses (Episode 20),2022-01-25 23:50:13,1301,Device Type 0
User 4,Friends: Season 4: The One with All the Haste (Episode 19),2022-01-25 23:44:03,367,Device Type 0
User 4,Friends: Season 4: The One with Rachel's New Dress (Episode 18),2022-01-25 23:23:41,1221,Device Type 0
User 4,Friends: Season 4: The One with the Free Porn (Episode 17),2022-01-25 23:20:19,198,Device Type 0
User 4,Friends: Season 4: The One with the Fake Party (Episode 16),2022-01-25 22:58:11,1328,Device Type 0
User 4,Friends: Season 4: The One with All the Rugby (Episode 15),2022-01-25 22:36:03,1327,Device Type 0
User 4,Friends: Season 4: The One with Joey's Dirty Day (Episode 14),2022-01-25 22:13:56,1326,Device Type 0
User 4,Friends: Season 4: The One with Rachel's Crush (Episode 13),2022-01-25 21:52:26,1289,Device Type 0
User 4,Friends: Season 4: The One with Joey's Dirty Day (Episode 14),2022-01-25 21:51:35,21,Device Type 0
User 4,Friends: Season 4: The One with Joey's Dirty Day (Episode 14),2022-01-25 19:03:06,415,Device Type 0
User 4,Friends: Season 4: The One with Rachel's Crush (Episode 13),2022-01-25 18:41:00,1326,Device Type 0
User 4,Friends: Season 4: The One with the Embryos (Episode 12),2022-01-25 18:16:35,1290,Device Type 0
User 4,Friends: Season 4: The One with Phoebe's Uterus (Episode 11),2022-01-25 17:54:29,1324,Device Type 0
User 4,Friends: Season 4: The One with the Girl from Poughkeepsie (Episode 10),2022-01-25 17:48:27,362,Device Type 0
User 4,Friends: Season 4: The One with the Girl from Poughkeepsie (Episode 10),2022-01-25 17:30:40,1015,Device Type 0
User 4,Friends: Season 4: The One Where They're Going to Party (Episode 9),2022-01-25 17:17:49,744,Device Type 0
User 4,Friends: Season 4: The One Where They're Going to Party (Episode 9),2022-01-25 16:22:51,368,Device Type 0
User 4,Friends: Season 4: The One Where They're Going to Party (Episode 9),2022-01-25 15:55:15,224,Device Type 0
User 4,Friends: Season 4: The One with Chandler in a Box (Episode 8),2022-01-25 15:36:01,801,Device Type 0
User 4,Friends: Season 4: The One with Chandler in a Box (Episode 8),2022-01-25 15:20:03,94,Device Type 0
User 4,Friends: Season 4: The One with Chandler in a Box (Episode 8),2022-01-25 04:18:56,449,Device Type 0
User 4,Friends: Season 4: The One with Chandler in a Box (Episode 8),2022-01-25 04:12:52,12,Device Type 0
User 4,Friends: Season 4: The One Where Chandler Crosses the Line (Episode 7),2022-01-25 03:49:25,1404,Device Type 0
User 4,Friends: Season 4: The One with the Dirty Girl (Episode 6),2022-01-25 03:23:35,1326,Device Type 0
User 4,Friends: Season 4: The One with Joey's New Girlfriend (Episode 5),2022-01-25 03:02:06,1288,Device Type 0
User 4,Friends: Season 4: The One with the Ballroom Dancing (Episode 4),2022-01-25 02:37:52,1311,Device Type 0
User 4,Friends: Season 4: The One with the 'Cuffs (Episode 3),2022-01-25 02:30:00,472,Device Type 0
User 4,Friends: Season 4: The One with the 'Cuffs (Episode 3),2022-01-25 02:15:36,837,Device Type 0
User 4,Friends: Season 4: The One with the Cat (Episode 2),2022-01-25 02:12:59,150,Device Type 0
User 4,Friends: Season 4: The One with the Ballroom Dancing (Episode 4),2022-01-25 02:12:02,43,Device Type 0
User 4,Friends: Season 4: The One with the Ballroom Dancing (Episode 4),2022-01-25 01:19:12,1025,Device Type 0
User 4,Friends: Season 4: The One with the 'Cuffs (Episode 3),2022-01-25 00:57:06,1326,Device Type 0
User 4,Friends: Season 4: The One with the Cat (Episode 2),2022-01-25 00:32:09,1296,Device Type 0
User 4,Friends: Season 4: The One with the Jellyfish (Episode 1),2022-01-25 00:10:03,1325,Device Type 0
User 4,Friends: Season 3: The One at the Beach (Episode 25),2022-01-24 23:50:13,1162,Device Type 0
User 4,Friends: Season 3: The One at the Beach (Episode 25),2022-01-24 22:39:45,203,Device Type 0
User 4,Friends: Season 3: The One with the Ultimate Fighting Champion (Episode 24),2022-01-24 22:19:28,1214,Device Type 0
User 4,Friends: Season 3: The One with the Ultimate Fighting Champion (Episode 24),2022-01-24 14:53:05,135,Device Type 0
User 4,Friends: Season 3: The One with Ross's Thing (Episode 23),2022-01-24 14:42:29,631,Device Type 0
User 4,Friends: Season 3: The One with Ross's Thing (Episode 23),2022-01-24 13:57:24,437,Device Type 0
User 4,Dark: Season 1: Alpha and Omega (Episode 10),2022-01-23 19:45:50,1321,Device Type 2
User 4,Dark: Season 1: Everything Is Now (Episode 9),2022-01-23 19:25:01,1186,Device Type 2
User 4,"Dark: Season 1: As You Sow, So You Shall Reap (Episode 8)",2022-01-23 19:09:10,906,Device Type 2
User 4,Dark: Season 1: Crossroads (Episode 7),2022-01-23 19:06:45,119,Device Type 2
User 4,Shyam Singha Roy_hook_01_16x9,2022-01-23 19:03:39,44,Device Type 2
User 4,Season 1 Trailer: The Umbrella Academy,2022-01-21 04:47:24,115,Device Type 5
User 4,Season 3 Trailer: Too Hot to Handle,2022-01-21 04:45:14,117,Device Type 5
User 4,Season 1 Trailer: Snowpiercer,2022-01-21 04:44:52,6,Device Type 5
User 4,Season 1 Trailer: Yeh Kaali Kaali Ankhein,2022-01-21 04:44:22,4,Device Type 5
User 4,The Good Doctor: The Good Doctor: Season 1_hook_01_16x9,2022-01-21 04:44:16,4,Device Type 5
User 4,Kannum Kannum Kollaiyadithaal_hook_02_16x9,2022-01-21 04:43:06,41,Device Type 5
User 4,Trailer: The Royal Treatment,2022-01-21 04:40:34,99,Device Type 5
User 4,Season 1 Trailer 3: The Witcher,2022-01-21 04:40:24,7,Device Type 5
User 4,Spider-Man: Into the Spider-Verse_hook_primary_16x9,2022-01-21 04:39:47,20,Device Type 5
User 4,Friends: Season 3: The One with Ross's Thing (Episode 23),2022-01-20 20:10:16,255,Device Type 0
User 4,Friends: Season 3: The One with the Screamer (Episode 22),2022-01-20 20:07:13,182,Device Type 0
User 4,Friends: Season 3: The One with the Screamer (Episode 22),2022-01-19 21:20:31,1425,Device Type 0
User 4,Friends: Season 3: The One with a Chick. And a Duck (Episode 21),2022-01-19 20:58:26,1324,Device Type 0
User 4,Friends: Season 3: The One with the Dollhouse (Episode 20),2022-01-19 20:48:56,569,Device Type 0
User 4,Seinfeld: Season 1: Seinfeld (Episode 1),2022-01-19 20:43:37,314,Device Type 0
User 4,Seinfeld: Season 1: Seinfeld (Episode 1),2022-01-18 11:58:42,364,Device Type 0
User 4,Seinfeld: Season 1: Seinfeld (Episode 1),2022-01-18 11:50:46,427,Device Type 0
User 4,Better Call Saul: Season 1: Uno (Episode 1),2022-01-18 10:43:12,417,Device Type 0
User 4,Better Call Saul: Season 1: Uno (Episode 1),2022-01-18 05:06:19,518,Device Type 0
User 4,Minnal Murali,2022-01-17 11:30:19,227,Device Type 0
User 4,Minnal Murali,2022-01-17 10:51:17,2015,Device Type 0
User 4,Friends: Season 3: The One with the Dollhouse (Episode 20),2022-01-17 10:33:59,792,Device Type 0
User 4,New Amsterdam: Season 2: A Matter of Seconds (Episode 18),2022-01-17 09:29:17,3297,Device Type 0
User 4,New Amsterdam: Season 2: Liftoff (Episode 17),2022-01-17 08:44:43,2580,Device Type 0
User 4,New Amsterdam: Season 2: Perspectives (Episode 16),2022-01-17 08:02:11,2551,Device Type 0
User 4,New Amsterdam: Season 2: Double Blind (Episode 15),2022-01-17 07:02:39,2547,Device Type 0
User 4,New Amsterdam: Season 2: Sabbath (Episode 14),2022-01-17 06:20:44,2515,Device Type 0
User 4,New Amsterdam: Season 2: In the Graveyard (Episode 13),2022-01-17 05:38:15,2548,Device Type 0
User 4,"New Amsterdam: Season 2: 14 Years, 2 Months, 8 Days (Episode 12)",2022-01-17 05:09:44,1659,Device Type 0
User 4,"New Amsterdam: Season 2: 14 Years, 2 Months, 8 Days (Episode 12)",2022-01-17 05:07:57,59,Device Type 0
User 4,"New Amsterdam: Season 2: 14 Years, 2 Months, 8 Days (Episode 12)",2022-01-17 04:52:47,906,Device Type 0
User 4,New Amsterdam: Season 2: Hiding Behind My Smile (Episode 11),2022-01-17 04:44:09,517,Device Type 0
User 4,New Amsterdam: Season 2: Hiding Behind My Smile (Episode 11),2022-01-16 21:38:35,1962,Device Type 0
User 4,New Amsterdam: Season 2: Code Silver (Episode 10),2022-01-16 20:47:15,2550,Device Type 0
User 4,New Amsterdam: Season 2: The Island (Episode 9),2022-01-16 19:57:03,3011,Device Type 0
User 4,New Amsterdam: Season 2: What the Heart Wants (Episode 8),2022-01-16 19:14:46,2536,Device Type 0
User 4,New Amsterdam: Season 2: Good Soldiers (Episode 7),2022-01-16 18:58:46,959,Device Type 0
User 4,New Amsterdam: Season 2: Good Soldiers (Episode 7),2022-01-16 18:32:13,1549,Device Type 0
User 4,New Amsterdam: Season 2: Righteous Right Hand (Episode 6),2022-01-16 17:48:29,2612,Device Type 0
User 4,New Amsterdam: Season 2: The Karman Line (Episode 5),2022-01-16 17:35:51,746,Device Type 0
User 4,New Amsterdam: Season 2: The Karman Line (Episode 5),2022-01-16 17:02:12,1884,Device Type 0
User 4,New Amsterdam: Season 2: The Denominator (Episode 4),2022-01-16 16:43:23,1128,Device Type 0
User 4,New Amsterdam: Season 2: The Denominator (Episode 4),2022-01-16 16:42:13,6,Device Type 0
User 4,New Amsterdam: Season 2: The Denominator (Episode 4),2022-01-16 16:42:06,5,Device Type 0
User 4,New Amsterdam: Season 2: The Denominator (Episode 4),2022-01-16 16:41:50,12,Device Type 0
User 4,New Amsterdam: Season 2: The Denominator (Episode 4),2022-01-16 16:41:43,5,Device Type 0
User 4,New Amsterdam: Season 2: The Denominator (Episode 4),2022-01-16 16:41:37,4,Device Type 0
User 4,New Amsterdam: Season 2: The Denominator (Episode 4),2022-01-16 16:22:38,1137,Device Type 0
User 4,New Amsterdam: Season 2: The Denominator (Episode 4),2022-01-16 16:18:00,275,Device Type 0
User 4,New Amsterdam: Season 2: Replacement (Episode 3),2022-01-16 16:07:32,627,Device Type 0
User 4,New Amsterdam: Season 2: Replacement (Episode 3),2022-01-16 15:48:39,1129,Device Type 0
User 4,New Amsterdam: Season 2: Replacement (Episode 3),2022-01-16 14:54:36,786,Device Type 0
User 4,New Amsterdam: Season 2: The Big Picture (Episode 2),2022-01-16 14:37:48,922,Device Type 0
User 4,New Amsterdam: Season 2: The Big Picture (Episode 2),2022-01-16 14:23:13,592,Device Type 0
User 4,New Amsterdam: Season 2: The Big Picture (Episode 2),2022-01-16 13:42:13,1128,Device Type 0
User 4,New Amsterdam: Season 2: The Big Picture (Episode 2),2022-01-16 13:33:24,11,Device Type 0
User 4,New Amsterdam: Season 2: Your Turn (Episode 1),2022-01-16 13:26:47,396,Device Type 0
User 4,New Amsterdam: Season 2: Your Turn (Episode 1),2022-01-16 13:16:24,619,Device Type 0
User 4,New Amsterdam: Season 2: Your Turn (Episode 1),2022-01-16 12:16:37,555,Device Type 0
User 4,New Amsterdam: Season 2: Your Turn (Episode 1),2022-01-16 11:33:38,558,Device Type 0
User 4,New Amsterdam: Season 2: Your Turn (Episode 1),2022-01-16 11:26:10,368,Device Type 0
User 4,New Amsterdam: Season 2: Your Turn (Episode 1),2022-01-16 11:22:51,9,Device Type 0
User 4,New Amsterdam: Season 2: Your Turn (Episode 1),2022-01-16 09:37:27,244,Device Type 0
User 4,New Amsterdam: Season 1: Luna (Episode 22),2022-01-16 08:47:22,2554,Device Type 0
User 4,New Amsterdam: Season 1: This Is Not the End (Episode 21),2022-01-16 07:58:15,2688,Device Type 0
User 4,New Amsterdam: Season 1: Preventable (Episode 20),2022-01-16 07:16:04,2531,Device Type 0
User 4,New Amsterdam: Season 1: Happy Place (Episode 19),2022-01-16 06:30:45,2718,Device Type 0
User 4,New Amsterdam: Season 1: Five Miles West (Episode 18),2022-01-16 06:20:27,617,Device Type 0
User 4,New Amsterdam: Season 1: Five Miles West (Episode 18),2022-01-15 22:31:14,2056,Device Type 0
User 4,New Amsterdam: Season 1: Sanctuary (Episode 17),2022-01-15 22:27:47,206,Device Type 0
User 4,New Amsterdam: Season 1: Sanctuary (Episode 17),2022-01-15 21:42:27,2255,Device Type 0
User 4,New Amsterdam: Season 1: King of Swords (Episode 16),2022-01-15 20:21:14,3171,Device Type 0
User 4,New Amsterdam: Season 1: Croaklahoma (Episode 15),2022-01-15 20:09:28,705,Device Type 0
User 4,New Amsterdam: Season 1: Croaklahoma (Episode 15),2022-01-15 19:35:52,1887,Device Type 0
User 4,New Amsterdam: Season 1: The Forsaken (Episode 14),2022-01-15 18:45:40,2574,Device Type 0
User 4,New Amsterdam: Season 1: The Blues (Episode 13),2022-01-15 18:03:51,2508,Device Type 0
User 4,New Amsterdam: Season 1: Anima Sola (Episode 12),2022-01-15 17:21:26,2544,Device Type 0
User 4,New Amsterdam: Season 1: A Seat at the Table (Episode 11),2022-01-15 16:24:56,2934,Device Type 0
User 4,New Amsterdam: Season 1: Three Dots (Episode 8),2022-01-15 16:24:15,11,Device Type 0
User 4,New Amsterdam: Season 1: Six or Seven Minutes (Episode 10),2022-01-15 15:37:41,2603,Device Type 0
User 4,New Amsterdam: Season 1: Three Dots (Episode 8),2022-01-15 15:37:06,19,Device Type 0
User 4,New Amsterdam: Season 1: As Long as It Takes (Episode 9),2022-01-15 14:43:02,2545,Device Type 0
User 4,New Amsterdam: Season 1: Three Dots (Episode 8),2022-01-15 14:03:14,2310,Device Type 0
User 4,New Amsterdam: Season 1: Three Dots (Episode 8),2022-01-15 13:14:09,292,Device Type 0
User 4,New Amsterdam: Season 1: Domino Effect (Episode 7),2022-01-15 12:25:45,2640,Device Type 0
User 4,New Amsterdam: Season 1: Anthropocene (Episode 6),2022-01-15 11:37:51,2556,Device Type 0
User 4,New Amsterdam: Season 1: Cavitation (Episode 5),2022-01-15 10:55:36,2534,Device Type 0
User 4,New Amsterdam: Season 1: Boundaries (Episode 4),2022-01-15 10:09:52,2545,Device Type 0
User 4,New Amsterdam: Season 1: Every Last Minute (Episode 3),2022-01-15 09:48:55,1257,Device Type 0
User 4,New Amsterdam: Season 1: Every Last Minute (Episode 3),2022-01-15 09:25:56,1287,Device Type 0
User 4,New Amsterdam: Season 1: Rituals (Episode 2),2022-01-15 08:43:17,2539,Device Type 0
User 4,New Amsterdam: Season 1: Pilot (Episode 1),2022-01-15 08:00:54,2542,Device Type 0
User 4,Friends: Season 3: The One with the Tiny T-Shirt (Episode 19),2022-01-15 07:23:11,719,Device Type 0
User 4,Friends: Season 3: The One with the Tiny T-Shirt (Episode 19),2022-01-15 07:12:59,605,Device Type 0
User 4,Friends: Season 3: The One with the Hypnosis Tape (Episode 18),2022-01-15 07:11:31,88,Device Type 0
User 4,Yeh Kaali Kaali Ankhein: Season 1: The Crying Game (Episode 8),2022-01-15 06:50:36,1128,Device Type 0
User 4,Yeh Kaali Kaali Ankhein: Season 1: 4 Goliyaan (Episode 4),2022-01-15 06:50:21,4,Device Type 0
User 4,Yeh Kaali Kaali Ankhein: Season 1: The Crying Game (Episode 8),2022-01-14 21:18:57,1383,Device Type 0
User 4,Yeh Kaali Kaali Ankhein: Season 1: Seedha Sa Plan (Episode 7),2022-01-14 20:40:33,2104,Device Type 0
User 4,Yeh Kaali Kaali Ankhein: Season 1: Jack and Jill (Episode 6),2022-01-14 20:06:39,2033,Device Type 0
User 4,Yeh Kaali Kaali Ankhein: Season 1: Do You Love Me? (Episode 5),2022-01-14 19:28:40,2278,Device Type 0
User 4,Yeh Kaali Kaali Ankhein: Season 1: 4 Goliyaan (Episode 4),2022-01-14 19:27:57,42,Device Type 0
User 4,Yeh Kaali Kaali Ankhein: Season 1: 4 Goliyaan (Episode 4),2022-01-14 18:53:02,2092,Device Type 0
User 4,Yeh Kaali Kaali Ankhein: Season 1: Bandook Aur Hawaii Chappal (Episode 3),2022-01-14 18:18:11,1819,Device Type 0
User 4,Yeh Kaali Kaali Ankhein: Season 1: Band Toh Bajega (Episode 2),2022-01-14 17:41:00,2132,Device Type 0
User 4,Yeh Kaali Kaali Ankhein: Season 1: Teri Baari Hai (Episode 1),2022-01-14 17:11:19,1772,Device Type 0
User 4,Yeh Kaali Kaali Ankhein: Season 1: Teri Baari Hai (Episode 1),2022-01-14 17:02:27,498,Device Type 0
User 4,Friends: Season 3: The One with the Hypnosis Tape (Episode 18),2022-01-14 16:48:03,842,Device Type 0
User 4,Friends: Season 3: The One with the Hypnosis Tape (Episode 18),2022-01-14 16:39:31,405,Device Type 0
User 4,Friends: Season 3: The One Without the Ski Trip (Episode 17),2022-01-14 16:17:03,1335,Device Type 0
User 4,Friends: Season 3: The One The Morning After (Episode 16),2022-01-14 15:54:45,1289,Device Type 0
User 4,Friends: Season 3: The One Where Ross & Rachel Take a Break (Episode 15),2022-01-14 15:19:45,869,Device Type 0
User 4,Friends: Season 3: The One Where Ross & Rachel Take a Break (Episode 15),2022-01-14 14:44:27,50,Device Type 0
User 4,Friends: Season 3: The One Where Ross & Rachel Take a Break (Episode 15),2022-01-14 14:28:34,421,Device Type 0
User 4,Friends: Season 3: The One with Phoebe's Ex-Partner (Episode 14),2022-01-14 14:22:44,320,Device Type 0
User 4,Friends: Season 3: The One with Phoebe's Ex-Partner (Episode 14),2022-01-14 12:52:33,308,Device Type 0
User 4,Friends: Season 3: The One with Phoebe's Ex-Partner (Episode 14),2022-01-14 12:40:16,733,Device Type 0
User 4,Friends: Season 3: The One Where Monica & Richard Are Just Friends (Episode 13),2022-01-14 12:30:41,574,Device Type 0
User 4,Friends: Season 3: The One Where Monica & Richard Are Just Friends (Episode 13),2022-01-14 12:03:25,361,Device Type 0
User 4,Friends: Season 3: The One Where Monica & Richard Are Just Friends (Episode 13),2022-01-14 10:00:47,427,Device Type 0
User 4,Friends: Season 3: The One with All the Jealousy (Episode 12),2022-01-14 09:57:07,218,Device Type 0
User 4,Friends: Season 3: The One with All the Jealousy (Episode 12),2022-01-14 09:55:17,70,Device Type 0
User 4,Friends: Season 3: The One with All the Jealousy (Episode 12),2022-01-14 09:26:10,1033,Device Type 0
User 4,Friends: Season 3: The One Where Chandler Can't Remember Which Sister (Episode 11),2022-01-14 09:13:30,759,Device Type 0
User 4,Friends: Season 3: The One Where Chandler Can't Remember Which Sister (Episode 11),2022-01-13 20:54:46,422,Device Type 0
User 4,Friends: Season 3: The One Where Chandler Can't Remember Which Sister (Episode 11),2022-01-13 20:06:59,199,Device Type 0
User 4,Friends: Season 3: The One Where Rachel Quits (Episode 10),2022-01-13 19:44:17,1361,Device Type 0
User 4,Friends: Season 3: The One with the Football (Episode 9),2022-01-13 19:19:13,1324,Device Type 0
User 4,Friends: Season 3: The One with the Giant Poking Device (Episode 8),2022-01-13 19:01:21,820,Device Type 0
User 4,Friends: Season 3: The One with the Giant Poking Device (Episode 8),2022-01-13 18:42:19,563,Device Type 0
User 4,Friends: Season 3: The One with the Race Car Bed (Episode 7),2022-01-13 18:19:51,1347,Device Type 0
User 4,Friends: Season 3: The One with the Flashback (Episode 6),2022-01-13 17:57:49,1321,Device Type 0
User 4,Friends: Season 3: The One with Frank Jr (Episode 5),2022-01-13 17:54:30,177,Device Type 0
User 4,Friends: Season 3: The One with Frank Jr (Episode 5),2022-01-13 17:47:28,245,Device Type 0
User 4,Friends: Season 3: The One with Frank Jr (Episode 5),2022-01-13 17:28:20,922,Device Type 0
User 4,Friends: Season 3: The One with the Metaphorical Tunnel (Episode 4),2022-01-13 17:25:54,145,Device Type 0
User 4,Anna_hook_01_16x9,2022-01-13 12:28:49,15,Device Type 2
User 4,Friends: Season 3: The One with the Metaphorical Tunnel (Episode 4),2022-01-13 12:28:48,911,Device Type 0
User 4,Anna_hook_01_16x9,2022-01-13 12:27:14,16,Device Type 2
User 4,Friends: Season 3: The One with the Metaphorical Tunnel (Episode 4),2022-01-12 20:22:00,119,Device Type 0
User 4,Friends: Season 3: The One with the Metaphorical Tunnel (Episode 4),2022-01-12 09:44:36,33,Device Type 0
User 4,Friends: Season 3: The One with the Metaphorical Tunnel (Episode 4),2022-01-12 09:43:14,41,Device Type 0
User 4,Friends: Season 3: The One with the Metaphorical Tunnel (Episode 4),2022-01-12 09:28:25,458,Device Type 0
User 4,Friends: Season 3: The One with the Jam (Episode 3),2022-01-12 09:21:20,424,Device Type 0
User 4,Friends: Season 3: The One with the Jam (Episode 3),2022-01-12 09:04:25,570,Device Type 0
User 4,Friends: Season 3: The One with the Jam (Episode 3),2022-01-12 08:56:00,354,Device Type 0
User 4,Friends: Season 3: The One Where No One's Ready (Episode 2),2022-01-12 08:43:41,323,Device Type 0
User 4,Friends: Season 3: The One Where No One's Ready (Episode 2),2022-01-12 07:57:22,1146,Device Type 0
User 4,Friends: Season 3: The One with the Princess Leia Fantasy (Episode 1),2022-01-12 07:49:44,455,Device Type 0
User 4,Friends: Season 3: The One with the Princess Leia Fantasy (Episode 1),2022-01-12 07:33:03,912,Device Type 0
User 4,Friends: Season 2: The One with Barry and Mindy's Wedding (Episode 24),2022-01-12 07:10:10,1372,Device Type 0
User 4,Friends: Season 2: The One with the Chicken Pox (Episode 23),2022-01-12 06:50:33,1176,Device Type 0
User 4,Friends: Season 2: The One with the Chicken Pox (Episode 23),2022-01-12 06:47:24,182,Device Type 0
User 4,Friends: Season 2: The One with the Two Parties (Episode 22),2022-01-12 06:23:21,1364,Device Type 0
User 4,Friends: Season 2: The One with the Bullies (Episode 21),2022-01-12 06:10:20,780,Device Type 0
User 4,Friends: Season 2: The One with the Bullies (Episode 21),2022-01-11 20:40:18,593,Device Type 0
User 4,Friends: Season 2: The One Where Old Yeller Dies (Episode 20),2022-01-11 20:11:04,1352,Device Type 0
User 4,Friends: Season 2: The One Where Eddie Won't Go (Episode 19),2022-01-11 19:50:05,834,Device Type 0
User 4,Friends: Season 2: The One Where Eddie Won't Go (Episode 19),2022-01-11 19:20:42,494,Device Type 0
User 4,Friends: Season 2: The One Where Dr. Ramoray Dies (Episode 18),2022-01-11 18:55:33,1304,Device Type 0
User 4,Kilometers and Kilometers_hook_primary_16x9,2022-01-11 18:52:07,55,Device Type 0
User 4,Pagglait,2022-01-11 18:44:50,434,Device Type 0
User 4,Friends: Season 2: The One Where Dr. Ramoray Dies (Episode 18),2022-01-11 18:44:46,1,Device Type 0
User 4,Pagglait,2022-01-11 18:25:15,61,Device Type 0
User 4,Pagglait,2022-01-11 15:55:31,5137,Device Type 0
User 4,Pagglait,2022-01-11 15:46:56,215,Device Type 0
User 4,Friends: Season 2: The One Where Dr. Ramoray Dies (Episode 18),2022-01-11 15:45:45,11,Device Type 0
User 4,Pagglait,2022-01-11 15:13:21,1513,Device Type 0
User 4,Friends: Season 2: The One Where Dr. Ramoray Dies (Episode 18),2022-01-11 15:11:16,87,Device Type 0
User 4,Friends: Season 2: The One Where Eddie Moves In (Episode 17),2022-01-11 15:08:09,186,Device Type 0
User 4,Friends: Season 2: The One Where Eddie Moves In (Episode 17),2022-01-11 14:31:35,1208,Device Type 0
User 4,Friends: Season 2: The One Where Joey Moves Out (Episode 16),2022-01-11 14:13:10,681,Device Type 0
User 4,Friends: Season 2: The One Where Joey Moves Out (Episode 16),2022-01-11 13:32:31,662,Device Type 0
User 4,Friends: Season 2: The One Where Joey Moves Out (Episode 16),2022-01-11 13:29:02,48,Device Type 0
User 4,Friends: Season 2: The One Where Ross and Rachel...You Know (Episode 15),2022-01-11 13:17:16,598,Device Type 0
User 4,Friends: Season 2: The One Where Ross and Rachel...You Know (Episode 15),2022-01-11 11:54:22,769,Device Type 0
User 4,Friends: Season 2: The One with the Prom Video (Episode 14),2022-01-11 11:39:57,825,Device Type 0
User 4,Friends: Season 2: The One with the Prom Video (Episode 14),2022-01-11 11:24:49,536,Device Type 0
User 4,Friends: Season 2: The One After the Super Bowl: Part 2 (Episode 13),2022-01-11 11:23:47,61,Device Type 0
User 4,Friends: Season 2: The One After the Super Bowl: Part 2 (Episode 13),2022-01-11 11:00:53,695,Device Type 0
User 4,Friends: Season 2: The One After the Super Bowl: Part 2 (Episode 13),2022-01-11 10:39:28,556,Device Type 0
User 4,Friends: Season 2: The One After the Super Bowl: Part 1 (Episode 12),2022-01-11 10:29:17,611,Device Type 0
User 4,Friends: Season 2: The One After the Super Bowl: Part 2 (Episode 13),2022-01-11 10:21:54,395,Device Type 0
User 4,Friends: Season 2: The One After the Super Bowl: Part 1 (Episode 12),2022-01-11 09:58:40,1360,Device Type 0
User 4,Friends: Season 2: The One with the Lesbian Wedding (Episode 11),2022-01-11 09:22:29,1367,Device Type 0
User 4,Friends: Season 2: The One with the Lesbian Wedding (Episode 11),2022-01-11 09:21:42,12,Device Type 0
User 4,Friends: Season 2: The One with Russ (Episode 10),2022-01-11 09:07:00,282,Device Type 0
User 4,Friends: Season 2: The One with Russ (Episode 10),2022-01-11 08:47:27,1022,Device Type 0
User 4,Friends: Season 2: The One with Phoebe's Dad (Episode 9),2022-01-11 08:24:49,1357,Device Type 0
User 4,Friends: Season 2: The One with the List (Episode 8),2022-01-11 08:02:47,1321,Device Type 0
User 4,Friends: Season 2: The One Where Ross Finds Out (Episode 7),2022-01-11 07:39:34,1355,Device Type 0
User 4,Friends: Season 2: The One with the Baby on the Bus (Episode 6),2022-01-11 07:13:45,1360,Device Type 0
User 4,Friends: Season 2: The One with Five Steaks and an Eggplant (Episode 5),2022-01-11 06:42:37,1365,Device Type 0
User 4,Friends: Season 2: The One with Phoebe's Husband (Episode 4),2022-01-11 06:19:56,1360,Device Type 0
User 4,Friends: Season 2: The One Where Heckles Dies (Episode 3),2022-01-11 06:17:07,168,Device Type 0
User 4,Friends: Season 2: The One Where Heckles Dies (Episode 3),2022-01-11 05:57:27,1159,Device Type 0
User 4,Friends: Season 2: The One with the Breast Milk (Episode 2),2022-01-11 05:47:41,576,Device Type 0
User 4,Friends: Season 2: The One with the Breast Milk (Episode 2),2022-01-10 21:04:13,820,Device Type 0
User 4,Friends: Season 2: The One with Ross's New Girlfriend (Episode 1),2022-01-10 20:51:20,770,Device Type 0
User 4,Friends: Season 2: The One with Ross's New Girlfriend (Episode 1),2022-01-10 20:32:34,596,Device Type 0
User 4,Friends: Season 1: The One Where Rachel Finds Out (Episode 24),2022-01-10 19:57:45,1326,Device Type 0
User 4,Friends: Season 1: The One with the Birth (Episode 23),2022-01-10 19:57:39,3,Device Type 0
User 4,Friends: Season 1: The One with the Ick Factor (Episode 22),2022-01-10 19:57:29,6,Device Type 0
User 4,Friends: Season 1: The One with the Fake Monica (Episode 21),2022-01-10 19:57:24,1,Device Type 0
User 4,Friends: Season 1: The One with the Evil Orthodontist (Episode 20),2022-01-10 19:57:07,11,Device Type 0
User 4,Friends: Season 1: The One Where the Monkey Gets Away (Episode 19),2022-01-10 19:57:00,3,Device Type 0
User 4,Friends: Season 1: The One with All the Poker (Episode 18),2022-01-10 19:56:54,2,Device Type 0
User 4,Mission: Impossible - Fallout,2022-01-10 17:56:22,6211,Device Type 0
User 4,Mission: Impossible - Fallout,2022-01-10 12:15:48,489,Device Type 0
User 4,Mission: Impossible - Fallout,2022-01-10 11:35:31,1916,Device Type 0
User 4,Friends: Season 1: The One with the Two Parts: Part 2 (Episode 17),2022-01-10 07:30:37,1337,Device Type 0
User 4,Friends: Season 1: The One with the Two Parts: Part 1 (Episode 16),2022-01-10 07:07:58,1359,Device Type 0
User 4,Friends: Season 1: The One with the Stoned Guy (Episode 15),2022-01-10 06:40:10,1381,Device Type 0
User 4,Friends: Season 1: The One with the Candy Hearts (Episode 14),2022-01-10 06:38:05,123,Device Type 0
User 4,Friends: Season 1: The One with the Candy Hearts (Episode 14),2022-01-10 06:14:31,1281,Device Type 0
User 4,Friends: Season 1: The One with the Boobies (Episode 13),2022-01-10 06:11:59,151,Device Type 0
User 4,Friends: Season 1: The One with the Boobies (Episode 13),2022-01-09 20:17:09,1194,Device Type 0
User 4,Friends: Season 1: The One with the Boobies (Episode 13),2022-01-09 19:57:10,98,Device Type 0
User 4,Friends: Season 1: The One with the Dozen Lasagnas (Episode 12),2022-01-09 19:55:07,123,Device Type 0
User 4,Friends: Season 1: The One with the Dozen Lasagnas (Episode 12),2022-01-09 18:33:37,1393,Device Type 0
User 4,Friends: Season 1: The One with Mrs. Bing (Episode 11),2022-01-09 18:19:34,725,Device Type 0
User 4,Friends: Season 1: The One with Mrs. Bing (Episode 11),2022-01-09 18:12:34,410,Device Type 0
User 4,Friends: Season 1: The One with Mrs. Bing (Episode 11),2022-01-09 17:23:16,75,Device Type 0
User 4,Friends: Season 1: The One with Mrs. Bing (Episode 11),2022-01-09 17:17:04,174,Device Type 0
User 4,Friends: Season 1: The One with the Monkey (Episode 10),2022-01-09 16:54:21,1362,Device Type 0
User 4,Friends: Season 1: The One Where Underdog Gets Away (Episode 9),2022-01-09 16:36:49,905,Device Type 0
User 4,Friends: Season 1: The One Where Underdog Gets Away (Episode 9),2022-01-09 16:32:18,242,Device Type 0
User 4,Friends: Season 1: The One Where Underdog Gets Away (Episode 9),2022-01-09 16:30:20,39,Device Type 0
User 4,Friends: Season 1: The One Where Underdog Gets Away (Episode 9),2022-01-09 16:12:14,152,Device Type 0
User 4,Friends: Season 1: The One Where Nana Dies Twice (Episode 8),2022-01-09 15:54:41,1052,Device Type 0
User 4,Friends: Season 1: The One Where Nana Dies Twice (Episode 8),2022-01-09 14:49:10,210,Device Type 0
User 4,Friends: Season 1: The One Where Nana Dies Twice (Episode 8),2022-01-09 14:47:15,110,Device Type 0
User 4,Friends: Season 1: The One with the Blackout (Episode 7),2022-01-09 14:42:34,207,Device Type 0
User 4,Friends: Season 1: The One with the Blackout (Episode 7),2022-01-09 14:06:28,734,Device Type 0
User 4,Friends: Season 1: The One with the Blackout (Episode 7),2022-01-09 13:04:09,377,Device Type 0
User 4,Friends: Season 1: The One with the Butt (Episode 6),2022-01-09 12:54:58,551,Device Type 0
User 4,Friends: Season 1: The One with the Butt (Episode 6),2022-01-09 12:32:02,712,Device Type 0
User 4,Friends: Season 1: The One with the East German Laundry Detergent (Episode 5),2022-01-09 12:10:02,1319,Device Type 0
User 4,Friends: Season 1: The One with George Stephanopoulos (Episode 4),2022-01-09 10:25:04,1324,Device Type 0
User 4,Friends: Season 1: The One with the Thumb (Episode 3),2022-01-09 09:59:22,1326,Device Type 0
User 4,Friends: Season 1: The One with the Sonogram at the End (Episode 2),2022-01-09 09:34:02,1223,Device Type 0
User 4,Friends: Season 1: The One with the Sonogram at the End (Episode 2),2022-01-09 09:25:50,167,Device Type 0
User 4,Friends: Season 1: The One Where Monica Gets a Roommate (Pilot) (Episode 1),2022-01-09 09:07:09,854,Device Type 0
User 4,Friends: Season 1: The One Where Monica Gets a Roommate (Pilot) (Episode 1),2022-01-08 18:24:31,521,Device Type 0
User 4,Squid Game: Season 1: Hell (Episode 2),2022-01-08 18:13:28,53,Device Type 0
User 4,Never Have I Ever: Season 1: ... started a nuclear war (Episode 5),2022-01-08 18:13:12,3,Device Type 0
User 4,Squid Game: Season 1: Hell (Episode 2),2022-01-08 15:32:40,551,Device Type 0
User 4,"Squid Game: Season 1: Red Light, Green Light (Episode 1)",2022-01-08 15:11:13,794,Device Type 0
User 4,"Squid Game: Season 1: Red Light, Green Light (Episode 1)",2022-01-08 14:19:06,761,Device Type 0
User 4,"Squid Game: Season 1: Red Light, Green Light (Episode 1)",2022-01-08 14:14:44,150,Device Type 0
User 4,Trailer: Mother/Android,2022-01-08 14:11:56,103,Device Type 0
User 4,Teaser 1: Mother / Android,2022-01-08 13:59:42,61,Device Type 0
User 4,Kaaval_hook_03_16x9,2022-01-08 13:53:54,36,Device Type 0
User 4,Never Have I Ever: Season 2: ... been a perfect girl (Episode 10),2022-01-08 13:24:47,1466,Device Type 0
User 4,Never Have I Ever: Season 2: ... been a perfect girl (Episode 10),2022-01-08 13:19:35,298,Device Type 0
User 4,Never Have I Ever: Season 2: ... stalked my own mother (Episode 9),2022-01-08 12:51:23,1517,Device Type 0
User 4,Never Have I Ever: Season 2: ... stalked my own mother (Episode 9),2022-01-08 12:15:30,289,Device Type 0
User 4,Never Have I Ever: Season 2: ... been Daisy Buchanan (Episode 8),2022-01-08 11:49:26,1537,Device Type 0
User 4,Never Have I Ever: Season 2: ... been Daisy Buchanan (Episode 8),2022-01-08 11:48:28,45,Device Type 0
User 4,Never Have I Ever: Season 2: ... begged for forgiveness (Episode 7),2022-01-08 11:03:45,1796,Device Type 0
User 4,Never Have I Ever: Season 2: ... betrayed a friend (Episode 6),2022-01-08 10:54:47,536,Device Type 0
User 4,Never Have I Ever: Season 2: ... betrayed a friend (Episode 6),2022-01-08 10:13:07,776,Device Type 0
User 4,Never Have I Ever: Season 2: ... betrayed a friend (Episode 6),2022-01-08 09:45:00,148,Device Type 0
User 4,Never Have I Ever: Season 2: ... betrayed a friend (Episode 6),2022-01-08 09:26:49,8,Device Type 0
User 4,Never Have I Ever: Season 2: ... betrayed a friend (Episode 6),2022-01-08 08:08:30,421,Device Type 0
User 4,Never Have I Ever: Season 2: ... ruined someone's life (Episode 5),2022-01-08 07:28:49,1634,Device Type 0
User 4,Never Have I Ever: Season 2: ... had an Indian frenemy (Episode 4),2022-01-08 07:00:02,1610,Device Type 0
User 4,Never Have I Ever: Season 2: ... opened a textbook (Episode 3),2022-01-08 06:32:43,1638,Device Type 0
User 4,Never Have I Ever: Season 2: ... thrown a rager (Episode 2),2022-01-08 06:17:07,935,Device Type 0
User 4,Never Have I Ever: Season 2: ... thrown a rager (Episode 2),2022-01-08 05:40:05,860,Device Type 0
User 4,Never Have I Ever: Season 2: ... been a playa (Episode 1),2022-01-08 05:13:58,1565,Device Type 0
User 4,Never Have I Ever: Season 1: ... said I'm sorry (Episode 10),2022-01-08 04:53:41,1217,Device Type 0
User 4,Never Have I Ever: Season 1: ... said I'm sorry (Episode 10),2022-01-08 00:27:44,457,Device Type 0
User 4,Never Have I Ever: Season 1: ... had to be on my best behavior (Episode 9),2022-01-08 00:01:40,1405,Device Type 0
User 4,Never Have I Ever: Season 1: ... pissed off everyone I know (Episode 8),2022-01-07 23:34:05,1635,Device Type 0
User 4,"Never Have I Ever: Season 1: ... been a big, fat liar (Episode 7)",2022-01-07 22:59:33,1825,Device Type 0
User 4,Never Have I Ever: Season 1: ... been the loneliest boy in the world (Episode 6),2022-01-07 22:37:28,1325,Device Type 0
User 4,Never Have I Ever: Season 1: ... started a nuclear war (Episode 5),2022-01-07 22:13:27,1440,Device Type 0
User 4,Never Have I Ever: Season 1: ... started a nuclear war (Episode 5),2022-01-07 22:09:11,235,Device Type 0
User 4,Never Have I Ever: Season 1: ... felt super Indian (Episode 4),2022-01-07 21:46:17,1359,Device Type 0
User 4,Never Have I Ever: Season 1: ... gotten drunk with the popular kids (Episode 3),2022-01-07 21:04:40,1743,Device Type 0
User 4,Never Have I Ever: Season 1: ... had sex with Paxton Hall-Yoshida (Episode 2),2022-01-07 20:32:29,1879,Device Type 0
User 4,Never Have I Ever: Season 1: Pilot (Episode 1),2022-01-07 20:31:48,40,Device Type 0
User 4,Never Have I Ever: Season 1: Pilot (Episode 1),2022-01-07 20:27:37,247,Device Type 0
User 4,Never Have I Ever: Season 1: Pilot (Episode 1),2022-01-07 19:49:58,141,Device Type 0
User 4,Never Have I Ever: Season 1: Pilot (Episode 1),2022-01-07 19:17:25,735,Device Type 0
User 4,Never Have I Ever: Season 1: Pilot (Episode 1),2022-01-07 17:48:59,586,Device Type 0
User 4,Mughizh,2022-01-07 17:16:57,1811,Device Type 0
User 4,Mughizh,2022-01-07 16:44:11,1648,Device Type 0
User 4,"Squid Game: Season 1: Red Light, Green Light (Episode 1)",2022-01-07 15:09:50,937,Device Type 0
User 4,"Squid Game: Season 1: Red Light, Green Light (Episode 1)",2022-01-07 15:03:07,112,Device Type 0
User 4,"Squid Game: Season 1: Red Light, Green Light (Episode 1)",2022-01-07 14:52:02,652,Device Type 0
User 4,Kurup (Malayalam),2022-01-07 11:36:27,7438,Device Type 0
User 4,Minnal Murali,2022-01-07 11:15:28,473,Device Type 0
User 4,Chandigarh Kare Aashiqui,2022-01-07 10:42:23,137,Device Type 0
User 4,Chandigarh Kare Aashiqui,2022-01-07 08:41:48,6177,Device Type 0
User 4,Varane Avashyamund,2022-01-07 07:33:24,2150,Device Type 0
User 4,Varane Avashyamund,2022-01-06 13:34:29,1631,Device Type 0
User 4,Varane Avashyamund,2022-01-06 12:51:58,2336,Device Type 0
User 4,Varane Avashyamund,2022-01-06 10:54:46,2006,Device Type 0
User 4,Varane Avashyamund,2022-01-06 10:21:21,674,Device Type 0
User 4,The Guilty,2022-01-05 16:36:38,323,Device Type 2
User 4,Kurup (Malayalam),2022-01-05 16:15:52,133,Device Type 2
User 4,The Guilty,2022-01-05 15:28:42,2721,Device Type 2
User 4,The Guilty,2022-01-05 14:43:22,1261,Device Type 2
User 4,Blackhat_hook_primary_16x9,2022-01-05 14:40:00,27,Device Type 2
User 4,Kurup (Malayalam),2022-01-05 14:13:11,248,Device Type 0
User 4,Kurup (Malayalam),2022-01-05 14:11:06,58,Device Type 0
User 4,Kurup (Malayalam),2022-01-05 13:36:06,1405,Device Type 0
User 4,Kurup (Malayalam),2022-01-05 13:31:05,93,Device Type 0
User 4,Kurup (Malayalam),2022-01-05 13:21:54,96,Device Type 0
User 4,Season 1 Trailer: Sex/Life,2022-01-05 07:29:01,139,Device Type 0
User 4,Season 1 Trailer: Yeh Kaali Kaali Ankhein,2022-01-05 06:40:25,135,Device Type 0
User 4,Money Heist: Part 5: A Family Tradition (Episode 10),2022-01-02 16:24:59,596,Device Type 0
User 4,Money Heist: Part 5: A Family Tradition (Episode 10),2022-01-02 14:11:39,3024,Device Type 0
User 4,Money Heist: Part 5: A Family Tradition (Episode 10),2022-01-02 14:06:07,15,Device Type 0
User 4,Money Heist: Part 5: A Family Tradition (Episode 10),2022-01-02 13:50:07,638,Device Type 0
User 4,Money Heist: Part 5: Pillow Talk (Episode 9),2022-01-02 13:37:59,728,Device Type 0
User 4,Money Heist: Part 5: Pillow Talk (Episode 9),2022-01-02 13:32:28,204,Device Type 0
User 4,Money Heist: Part 5: Pillow Talk (Episode 9),2022-01-02 13:24:49,397,Device Type 0
User 4,Money Heist: Part 5: Pillow Talk (Episode 9),2022-01-02 12:51:22,1588,Device Type 0
User 4,Money Heist: Part 5: The Elegance Theory (Episode 8),2022-01-02 12:40:07,675,Device Type 0
User 4,Money Heist: Part 5: The Elegance Theory (Episode 8),2022-01-02 10:49:19,1957,Device Type 0
User 4,Money Heist: Part 5: The Elegance Theory (Episode 8),2022-01-02 10:19:44,275,Device Type 0
User 4,Money Heist: Part 5: Wishful Thinking (Episode 7),2022-01-01 13:21:31,387,Device Type 0
User 4,Money Heist: Part 5: Wishful Thinking (Episode 7),2022-01-01 02:02:16,242,Device Type 0
User 4,Money Heist: Part 5: Wishful Thinking (Episode 7),2021-12-31 12:56:09,2358,Device Type 0
User 4,Money Heist: Part 5: Wishful Thinking (Episode 7),2021-12-31 11:09:37,166,Device Type 0
User 4,Money Heist: Part 5: Escape Valve (Episode 6),2021-12-31 11:03:54,342,Device Type 0
User 4,Money Heist: Part 5: Escape Valve (Episode 6),2021-12-31 09:35:17,1638,Device Type 0
User 4,Kurup (Malayalam),2021-12-30 22:19:30,145,Device Type 2
User 4,Mimi,2021-12-30 22:17:13,56,Device Type 2
User 4,Money Heist: Part 5: Escape Valve (Episode 6),2021-12-30 18:45:49,704,Device Type 0
User 4,Season 1 Plot Clip: Squid Game,2021-12-30 14:48:15,6,Device Type 5
User 4,Titans: Season 3: Purple Rain (Episode 13),2021-12-30 14:48:02,6,Device Type 5
User 4,Super Deluxe_hook_02_16x9,2021-12-30 14:47:43,4,Device Type 5
User 4,Money Heist: Part 5: Escape Valve (Episode 6),2021-12-30 12:56:00,157,Device Type 0
User 4,Money Heist: Part 5: Escape Valve (Episode 6),2021-12-30 11:14:36,208,Device Type 0
User 4,The Witcher: Season 2: What Is Lost (Episode 3),2021-12-30 04:28:38,119,Device Type 5
User 4,Season 1 Trailer 3: The Witcher,2021-12-30 04:28:27,7,Device Type 5
User 4,Death Note_hook_primary_16x9,2021-12-29 08:01:13,9,Device Type 5
User 4,Titans: Season 3: Purple Rain (Episode 13),2021-12-29 08:00:32,6,Device Type 5
User 4,Wild Dog,2021-12-28 17:23:04,1547,Device Type 0
User 4,Wild Dog,2021-12-28 12:55:03,536,Device Type 0
User 4,Wild Dog,2021-12-28 12:23:14,66,Device Type 0
User 4,Titans: Season 3: Purple Rain (Episode 13),2021-12-28 08:06:22,10,Device Type 5
User 4,Wild Dog,2021-12-28 07:04:17,972,Device Type 0
User 4,Wild Dog,2021-12-28 06:23:52,123,Device Type 0
User 4,Wild Dog,2021-12-28 05:33:36,1084,Device Type 0
User 4,Wild Dog,2021-12-27 21:44:02,983,Device Type 0
User 4,Wild Dog,2021-12-27 20:36:13,1080,Device Type 0
User 4,Wild Dog,2021-12-27 19:52:00,23,Device Type 0
User 4,Annaatthe,2021-12-27 19:40:30,616,Device Type 0
User 4,Trailer: Jagame Thandhiram,2021-12-27 19:36:46,66,Device Type 0
User 4,Annaatthe,2021-12-27 18:46:14,2735,Device Type 0
User 4,Titans: Season 3: Purple Rain (Episode 13),2021-12-27 15:16:20,1861,Device Type 5
User 4,Titans: Season 3: Purple Rain (Episode 13),2021-12-27 15:07:54,96,Device Type 5
User 4,Titans: Season 3: Prodigal (Episode 12),2021-12-27 14:44:36,1393,Device Type 5
User 4,Season 1 Trailer: The Silent Sea,2021-12-27 14:44:20,7,Device Type 5
User 4,One Punch Man: Season 1_hook_primary_16x9,2021-12-27 14:44:11,6,Device Type 5
User 4,Titans: Season 1 (Trailer),2021-12-27 14:43:55,7,Device Type 5
User 4,Annaatthe,2021-12-27 14:41:21,2471,Device Type 0
User 4,Annaatthe,2021-12-27 13:57:47,569,Device Type 0
User 4,Annaatthe,2021-12-27 13:30:05,387,Device Type 0
User 4,Annaatthe,2021-12-27 13:26:34,60,Device Type 0
User 4,Annaatthe,2021-12-27 13:11:58,580,Device Type 0
User 4,Annaatthe,2021-12-27 11:58:13,1502,Device Type 0
User 4,Annaatthe,2021-12-27 11:38:55,1151,Device Type 0
User 4,Mandela,2021-12-27 10:52:24,2747,Device Type 0
User 4,Mandela (Tamil)_hook_03_16x9,2021-12-27 10:52:12,5,Device Type 0
User 4,Mandela,2021-12-27 10:37:45,515,Device Type 0
User 4,Mandela,2021-12-27 10:05:11,631,Device Type 0
User 4,Titans: Season 3: Prodigal (Episode 12),2021-12-27 08:43:18,1463,Device Type 5
User 4,Clip 3: Death to 2021,2021-12-27 08:42:46,23,Device Type 5
User 4,Mandela,2021-12-27 07:53:45,3194,Device Type 0
User 4,Mandela,2021-12-27 07:12:50,1425,Device Type 0
User 4,Don't Look Up,2021-12-27 06:57:47,778,Device Type 0
User 4,Don't Look Up,2021-12-27 06:30:17,1217,Device Type 0
User 4,Don't Look Up,2021-12-27 05:22:21,2617,Device Type 0
User 4,Don't Look Up,2021-12-26 20:00:55,1696,Device Type 0
User 4,Emily in Paris: Season 1: Emily in Paris (Episode 1),2021-12-26 20:00:50,2,Device Type 0
User 4,Red Notice,2021-12-26 16:38:17,862,Device Type 0
User 4,Titans: Season 3: The Call Is Coming from Inside the House (Episode 11),2021-12-26 14:54:50,2819,Device Type 5
User 4,Titans: Season 3: Troubled Water (Episode 10),2021-12-26 14:46:58,467,Device Type 5
User 4,Red Notice,2021-12-26 13:42:42,179,Device Type 0
User 4,Red Notice,2021-12-26 13:34:21,341,Device Type 0
User 4,Titans: Season 3: Troubled Water (Episode 10),2021-12-26 08:03:03,1869,Device Type 5
User 4,Don't Look Up,2021-12-26 06:26:09,180,Device Type 0
User 4,Titans: Season 3: Troubled Water (Episode 10),2021-12-26 05:19:55,159,Device Type 5
User 4,Don't Look Up,2021-12-26 05:00:11,2939,Device Type 0
User 4,Minnal Murali,2021-12-26 04:40:47,322,Device Type 0
User 4,Titans: Season 3: Souls (Episode 9),2021-12-26 04:32:00,2598,Device Type 5
User 4,Titans: Season 3: Home (Episode 8),2021-12-26 04:12:14,1172,Device Type 5
User 4,Season 3 Cliffhanger Clip: Titans,2021-12-26 04:12:06,5,Device Type 5
User 4,Season 1 Trailer: The Silent Sea,2021-12-26 04:11:45,16,Device Type 5
User 4,Red Notice,2021-12-26 01:17:23,22,Device Type 0
User 4,Red Notice,2021-12-25 20:12:04,1430,Device Type 0
User 4,Red Notice,2021-12-25 19:42:44,1153,Device Type 0
User 4,Red Notice,2021-12-25 18:23:56,2749,Device Type 0
User 4,Don't Look Up,2021-12-25 18:22:22,1417,Device Type 0
User 4,Season 1 Genre Specific Moment Clip: Decoupled,2021-12-25 18:21:56,58,Device Type 0
User 4,Season 1 Trailer 2: Aranyak,2021-12-25 18:20:21,83,Device Type 0
User 4,Titans: Season 3: Home (Episode 8),2021-12-25 14:28:43,1377,Device Type 5
User 4,Minnal Murali,2021-12-25 11:08:55,1901,Device Type 0
User 4,Minnal Murali,2021-12-25 10:14:23,2558,Device Type 0
User 4,Titans: Season 3: 51% (Episode 7),2021-12-25 08:12:32,2250,Device Type 5
User 4,Titans: Season 3: Lady Vic (Episode 6),2021-12-25 07:55:37,1004,Device Type 5
User 4,Minnal Murali,2021-12-25 07:00:49,4924,Device Type 0
User 4,Don't Look Up,2021-12-25 05:48:07,1618,Device Type 0
User 4,Titans: Season 3: Lady Vic (Episode 6),2021-12-25 04:33:52,1710,Device Type 5
User 4,Titans: Season 3: Lazarus (Episode 5),2021-12-25 04:12:38,1155,Device Type 5
User 4,Inciting Incident Clip: STAND BY ME Doraemon 2,2021-12-25 04:11:10,61,Device Type 5
User 4,Don't Look Up,2021-12-25 01:50:39,173,Device Type 0
User 4,Minnal Murali,2021-12-24 22:41:08,9269,Device Type 2
User 4,Sooryavanshi,2021-12-24 18:45:22,1735,Device Type 0
User 4,Sooryavanshi,2021-12-24 18:32:56,730,Device Type 0
User 4,Sooryavanshi,2021-12-24 18:13:58,245,Device Type 0
User 4,Sooryavanshi,2021-12-24 17:02:52,1042,Device Type 0
User 4,Sooryavanshi_hook_02_16x9,2021-12-24 17:02:31,18,Device Type 0
User 4,Sooryavanshi,2021-12-24 16:49:45,641,Device Type 0
User 4,Sooryavanshi,2021-12-24 16:32:50,256,Device Type 0
User 4,Sooryavanshi,2021-12-24 16:06:38,1044,Device Type 0
User 4,Minnal Murali,2021-12-24 15:27:21,8754,Device Type 5
User 4,Minnal Murali,2021-12-24 15:22:46,148,Device Type 5
User 4,Minnal Murali,2021-12-24 15:16:58,340,Device Type 5
User 4,Minnal Murali,2021-12-24 15:16:46,5,Device Type 1
User 4,Sooryavanshi,2021-12-24 14:40:29,2861,Device Type 0
User 4,Minnal Murali,2021-12-24 10:17:58,14,Device Type 2
User 4,Minnal Murali,2021-12-24 08:18:37,44,Device Type 5
User 4,The Vampire Diaries: Season 1_hook_primary_16x9,2021-12-24 08:17:21,5,Device Type 5
User 4,Titans: Season 3: Lazarus (Episode 5),2021-12-24 07:50:16,1484,Device Type 5
User 4,Titans: Season 3: Blackfire (Episode 4),2021-12-24 03:34:45,2125,Device Type 5
User 4,Spider-Man: Homecoming_hook_primary_16x9,2021-12-24 03:34:26,7,Device Type 5
User 4,Marvel's Daredevil: Season 1_VAR2-RECIPE-1_AGENCY1,2021-12-24 03:34:14,4,Device Type 5
User 4,One Punch Man: Season 1_hook_primary_16x9,2021-12-24 03:34:03,8,Device Type 5
User 4,Season 3 Supporting Character Clip: Titans,2021-12-24 03:33:55,4,Device Type 5
User 4,Trailer: Jagame Thandhiram,2021-12-24 03:33:19,26,Device Type 5
User 4,Titans: Season 3: Blackfire (Episode 4),2021-12-23 08:04:15,299,Device Type 5
User 4,Titans: Season 3: Hank & Dove (Episode 3),2021-12-23 07:49:40,872,Device Type 5
User 4,Titans: Season 3: Hank & Dove (Episode 3),2021-12-23 03:57:33,1466,Device Type 5
User 4,Season 2 Trailer 2: Emily in Paris,2021-12-23 03:57:02,13,Device Type 5
User 4,Titans: Season 3: Hank & Dove (Episode 3),2021-12-22 08:21:54,5,Device Type 5
User 4,Titans: Season 3: Red Hood (Episode 2),2021-12-22 07:47:53,2037,Device Type 5
User 4,Sherlock: Series 1_hook_primary_16x9,2021-12-22 07:47:42,4,Device Type 5
User 4,Titans: Season 3: Red Hood (Episode 2),2021-12-22 03:51:12,601,Device Type 5
User 4,Titans: Season 3: Barbara Gordon (Episode 1),2021-12-22 03:28:59,1131,Device Type 5
User 4,Season 1 Trailer: GHOST IN THE SHELL: SAC_2045,2021-12-22 03:28:36,16,Device Type 5
User 4,Titans: Season 3: Barbara Gordon (Episode 1),2021-12-21 15:00:46,1351,Device Type 5
User 4,Titans: Season 2: Nightwing (Episode 13),2021-12-21 14:41:18,1163,Device Type 5
User 4,After We Collided_hook_05_16x9,2021-12-21 14:40:56,13,Device Type 5
User 4,Titans: Season 2: Nightwing (Episode 13),2021-12-21 08:29:40,1641,Device Type 5
User 4,Titans: Season 2: Faux-Hawk (Episode 12),2021-12-21 07:40:33,2912,Device Type 5
User 4,Trailer: After We Fell,2021-12-21 07:38:44,75,Device Type 5
User 4,Titans: Season 2: Faux-Hawk (Episode 12),2021-12-21 04:38:07,59,Device Type 5
User 4,Titans: Season 2: E.L._.O. (Episode 11),2021-12-21 04:02:28,2088,Device Type 5
User 4,Season 2 Teaser 2: The Witcher,2021-12-21 04:01:58,5,Device Type 5
User 4,Fairy Tail: Season 1_hook_primary_16x9,2021-12-21 04:01:07,37,Device Type 5
User 4,The Witcher: Season 2: Kaer Morhen (Episode 2),2021-12-20 07:57:42,1686,Device Type 5
User 4,Act 2 Conflict Clip: How to Ruin Christmas: The Funeral,2021-12-20 07:57:11,5,Device Type 5
User 4,GINNYANDGEORGIA_S1_CLIP_MAINCHARACTER,2021-12-20 07:41:03,18,Device Type 1
User 4,Rise of the Legend_hook_04_16x9,2021-12-20 07:39:31,12,Device Type 1
User 4,Season 1 Trailer: GHOST IN THE SHELL: SAC_2045,2021-12-20 07:37:12,23,Device Type 1
User 4,Teasing Master Takagi-san: Season 2 (Trailer),2021-12-20 07:33:47,83,Device Type 1
User 4,One Punch Man: Season 1_hook_primary_16x9,2021-12-20 07:29:45,4,Device Type 1
User 4,After We Collided_hook_03_16x9,2021-12-20 07:28:58,9,Device Type 1
User 4,Moment of High Emotion Clip: After We Fell,2021-12-20 07:28:50,5,Device Type 1
User 4,Season 1 Trailer: Sex Education,2021-12-20 07:28:30,6,Device Type 1
User 4,The Witcher: Season 2: Kaer Morhen (Episode 2),2021-12-20 04:11:25,1393,Device Type 5
User 4,The Witcher: Season 2: A Grain of Truth (Episode 1),2021-12-20 04:08:34,168,Device Type 5
User 4,The Witcher: Season 2: A Grain of Truth (Episode 1),2021-12-19 15:04:19,2247,Device Type 5
User 4,Season 1 Teaser: The Witcher,2021-12-19 15:04:11,4,Device Type 5
User 4,The Witcher: Season 2: A Grain of Truth (Episode 1),2021-12-19 07:45:12,1144,Device Type 5
User 4,Season 1 Recap: The Witcher,2021-12-19 07:44:00,40,Device Type 5
User 4,The Witcher: Season 1: The End’s Beginning (Episode 1),2021-12-19 07:43:04,2,Device Type 5
User 4,Season 1 Trailer 3: The Witcher,2021-12-19 07:42:27,24,Device Type 5
User 4,Season 1 & 2 Trailer: Cobra Kai,2021-12-19 07:42:18,6,Device Type 5
User 4,Season 3 Supporting Character Clip: Titans,2021-12-19 07:41:53,5,Device Type 5
User 4,The Boss Baby: Get That Baby!,2021-12-19 07:32:28,551,Device Type 5
User 4,The Boss Baby: Get That Baby!,2021-12-19 07:31:47,11,Device Type 5
User 4,Titans: Season 2: E.L._.O. (Episode 11),2021-12-17 15:57:46,248,Device Type 5
User 4,Titans: Season 2: Fallen (Episode 10),2021-12-17 15:17:16,2427,Device Type 5
User 4,Titans: Season 2: Atonement (Episode 9),2021-12-17 14:54:55,1337,Device Type 5
User 4,Season 2 Trailer 2: The Witcher,2021-12-17 14:54:16,8,Device Type 5
User 4,Titans: Season 2: Atonement (Episode 9),2021-12-17 08:16:37,1253,Device Type 5
User 4,Titans: Season 2: Jericho (Episode 8),2021-12-17 08:00:25,969,Device Type 5
User 4,Titans: Season 2: Jericho (Episode 8),2021-12-17 03:55:46,1746,Device Type 5
User 4,Titans: Season 2: Bruce Wayne (Episode 7),2021-12-16 08:01:18,1963,Device Type 5
User 4,Titans: Season 2: Bruce Wayne (Episode 7),2021-12-16 04:33:54,447,Device Type 5
User 4,Titans: Season 2: Conner (Episode 6),2021-12-16 04:14:56,1134,Device Type 5
User 4,Inciting Incident Clip: The Unforgivable,2021-12-16 04:14:46,4,Device Type 5
User 4,Kurup (Malayalam),2021-12-15 15:29:27,8974,Device Type 5
User 4,Kurup (Malayalam),2021-12-15 15:29:15,4,Device Type 0
User 4,Kurup (Malayalam),2021-12-15 15:28:11,16,Device Type 5
User 4,Season 3 Supporting Character Clip: Titans,2021-12-15 15:28:00,6,Device Type 5
User 4,Kurup_hook_primary_16x9,2021-12-15 15:27:36,23,Device Type 0
User 4,Kurup (Malayalam),2021-12-15 15:23:42,7,Device Type 5
User 4,Kurup (Hindi),2021-12-15 15:22:31,4,Device Type 0
User 4,Trailer: The Claudia Kishi Club,2021-12-15 15:20:46,5,Device Type 5
User 4,Titans: Season 2: Conner (Episode 6),2021-12-15 14:53:28,1283,Device Type 5
User 4,Titans: Season 2: Deathstroke (Episode 5),2021-12-15 14:38:12,914,Device Type 5
User 4,Titans: Season 2: Deathstroke (Episode 5),2021-12-15 08:02:13,1520,Device Type 5
User 4,Titans: Season 2: Aqualad (Episode 4),2021-12-15 03:21:38,1060,Device Type 5
User 4,Kurup_hook_03_16x9,2021-12-15 03:20:49,14,Device Type 5
User 4,Titans: Season 2: Aqualad (Episode 4),2021-12-14 14:53:02,1378,Device Type 5
User 4,Titans: Season 2: Ghosts (Episode 3),2021-12-14 08:01:45,2574,Device Type 5
User 4,Titans: Season 2: Ghosts (Episode 3),2021-12-14 04:43:27,7,Device Type 5
User 4,Titans: Season 2: Rose (Episode 2),2021-12-14 04:18:37,1486,Device Type 5
User 4,The Seven Deadly Sins: Season 1_hook_primary_16x9,2021-12-14 04:18:16,10,Device Type 5
User 4,Titans: Season 2: Rose (Episode 2),2021-12-13 15:40:31,788,Device Type 5
User 4,Titans: Season 2: Trigon (Episode 1),2021-12-13 15:20:34,1186,Device Type 5
User 4,Titans: Season 2: Trigon (Episode 1),2021-12-13 15:03:01,459,Device Type 5
User 4,Season 1 Trailer: The Umbrella Academy,2021-12-13 15:02:38,7,Device Type 5
User 4,Titans: Season 2: Trigon (Episode 1),2021-12-13 14:51:37,538,Device Type 5
User 4,The Amazing Spider-Man_hook_primary_16x9,2021-12-13 14:51:20,11,Device Type 5
User 4,Titans: Season 2: Trigon (Episode 1),2021-12-13 08:30:42,768,Device Type 5
User 4,Titans: Season 1: Dick	Grayson (Episode 11),2021-12-13 08:13:42,637,Device Type 5
User 4,Titans: Season 1: Koriand'r (Episode 10),2021-12-13 07:49:58,1420,Device Type 5
User 4,Marvel's Daredevil (Trailer),2021-12-13 07:49:38,6,Device Type 5
User 4,Titans: Season 1: Koriand'r (Episode 10),2021-12-13 04:44:22,773,Device Type 5
User 4,Titans: Season 1: Hank and	Dawn (Episode 9),2021-12-13 04:27:45,980,Device Type 5
User 4,Spider-Man: Homecoming_hook_primary_16x9,2021-12-13 04:27:27,6,Device Type 5
User 4,Titans: Season 1: Hank and	Dawn (Episode 9),2021-12-12 15:44:54,1494,Device Type 5
User 4,Titans: Season 1: Donna Troy (Episode 8),2021-12-12 15:28:34,954,Device Type 5
User 4,Titans: Season 1: Donna Troy (Episode 8),2021-12-12 14:52:39,1435,Device Type 5
User 4,Inciting Incident Clip: The Unforgivable,2021-12-12 14:51:03,14,Device Type 5
User 4,Naruto: Season 5: A Plea From a Friend (Episode 27),2021-12-12 07:53:46,1187,Device Type 5
User 4,Naruto: Season 4: Kidnapped! Naruto's Hot Spring Adventure! (Episode 17),2021-12-12 07:52:32,2,Device Type 5
User 4,Naruto: Season 4: Deadlock! Sannin Showdown! (Episode 16),2021-12-12 07:52:01,18,Device Type 5
User 4,Titans: Season 1: The Asylum (Episode 7),2021-12-12 04:10:31,2715,Device Type 5
User 4,Spider-Man: Far from Home_hook_05_16x9,2021-12-12 04:09:59,18,Device Type 5
User 4,Titans: Season 1: Jason Todd (Episode 6),2021-12-11 14:58:14,2639,Device Type 5
User 4,Titans: Season 1: Together (Episode 5),2021-12-11 14:21:55,2170,Device Type 5
User 4,Titans: Season 1: Doom Patrol (Episode 4),2021-12-11 14:19:52,118,Device Type 5
User 4,Season 3 Supporting Character Clip: Titans,2021-12-11 14:19:43,4,Device Type 5
User 4,Titans: Season 1: Doom Patrol (Episode 4),2021-12-11 04:54:45,2407,Device Type 5
User 4,Titans: Season 1: Origins (Episode 3),2021-12-11 04:23:24,1616,Device Type 5
User 4,Season 3 Genre Specific Moment Clip: Titans,2021-12-11 04:23:16,4,Device Type 5
User 4,Arrow: Season 1_hook_primary_16x9,2021-12-11 04:22:52,4,Device Type 5
User 4,Naruto: Season 4: Deadlock! Sannin Showdown! (Episode 16),2021-12-10 15:27:56,761,Device Type 5
User 4,Naruto: Season 4: The Fifth Hokage! A Life on the Line! (Episode 15),2021-12-10 15:11:00,997,Device Type 5
User 4,Naruto: Season 4: Attack! Fury of the Rasengan! (Episode 14),2021-12-10 14:51:17,1086,Device Type 5
User 4,Naruto: Season 4: Breakdown! The Deal Is Off! (Episode 13),2021-12-10 14:37:54,788,Device Type 5
User 4,Naruto: Season 3: The Summoning Jutsu: Wisdom of the Toad Sage! (Episode 2),2021-12-10 14:35:26,17,Device Type 5
User 4,Naruto: Season 2: Kakashi and Orochimaru: Face-to-Face! (Episode 14),2021-12-10 14:21:35,801,Device Type 5
User 4,Season 1 Genre Specific Moment Clip: Aranyak,2021-12-10 14:21:03,4,Device Type 5
User 4,Naruto: Season 2: Bushy Brow's Jealousy: Lions Barrage Unleashed! (Episode 13),2021-12-10 08:06:26,1050,Device Type 5
User 4,Naruto: Season 2: Narrowing the Field: Sudden Death Elimination! (Episode 12),2021-12-10 07:47:36,1126,Device Type 5
User 4,Naruto: Season 2: Narrowing the Field: Sudden Death Elimination! (Episode 12),2021-12-10 04:56:01,5,Device Type 5
User 4,Naruto: Season 2: Surviving the Cut! The Rookie Nine Together Again! (Episode 11),2021-12-10 04:38:18,1049,Device Type 5
User 4,Blade of Demon Destruction: Season 1_hook_primary_16x9,2021-12-10 04:38:00,5,Device Type 5
User 4,Titans: Season 1: Origins (Episode 3),2021-12-09 15:04:36,1533,Device Type 5
User 4,Titans: Season 1: Hawk and Dove (Episode 2),2021-12-09 14:25:02,2348,Device Type 5
User 4,My Hero Academia: Season 1_hook_05_16x9,2021-12-09 14:24:31,10,Device Type 5
User 4,Naruto: Season 2: Surviving the Cut! The Rookie Nine Together Again! (Episode 11),2021-12-09 08:45:26,1,Device Type 5
User 4,Naruto: Season 2: Clone vs. Clone: Mine are Better than Yours! (Episode 10),2021-12-09 08:27:25,1079,Device Type 5
User 4,Naruto: Season 2: The Scroll's Secret: No Peeking Allowed (Episode 9),2021-12-09 08:06:52,1181,Device Type 5
User 4,Naruto: Season 2: Akamaru Trembles: Gaara's Cruel Strength! (Episode 8),2021-12-09 07:43:25,1193,Device Type 5
User 4,Titans: Season 1: Titans (Episode 1),2021-12-09 04:28:22,952,Device Type 5
User 4,Titans: Season 1: Titans (Episode 1),2021-12-08 14:50:37,1991,Device Type 5
User 4,Season 3 Moment of High Emotion Clip: Titans,2021-12-08 14:49:54,31,Device Type 5
User 4,Naruto: Season 2: Battle Formation: Ino-Shika-Cho! (Episode 7),2021-12-08 08:49:07,791,Device Type 5
User 4,Naruto: Season 2: Sakura Blossoms! (Episode 6),2021-12-08 08:34:39,844,Device Type 5
User 4,Naruto: Season 2: Bushy Brow's Pledge: Undying Love and Protection! (Episode 5),2021-12-08 08:17:47,1009,Device Type 5
User 4,Naruto: Season 2: The Sharingan Revived: Dragon-Flame Jutsu! (Episode 4),2021-12-08 07:55:16,1178,Device Type 5
User 4,Naruto: Season 2: Naruto's Counterattack: Never Give In! (Episode 3),2021-12-08 07:39:12,961,Device Type 5
User 4,Naruto: Season 2: Eat or Be Eaten: Panic in the Forest (Episode 2),2021-12-08 07:35:32,216,Device Type 5
User 4,Naruto: Season 2: Eat or Be Eaten: Panic in the Forest (Episode 2),2021-12-08 03:55:37,813,Device Type 5
User 4,Naruto: Season 2: The Chunin Exam Stage 2: The Forest of Death (Episode 1),2021-12-08 03:48:28,425,Device Type 5
User 4,The Office (U.S.): Season 1_hook_primary_16x9,2021-12-08 03:47:56,6,Device Type 5
User 4,Naruto: Season 2: The Chunin Exam Stage 2: The Forest of Death (Episode 1),2021-12-07 15:27:03,699,Device Type 5
User 4,Naruto: Season 1: Special Report: Live from the Forest of Death! (Episode 26),2021-12-07 15:19:40,376,Device Type 5
User 4,Naruto: Season 1: Enter: Naruto Uzumaki! (Episode 1),2021-12-07 15:19:01,1,Device Type 5
User 4,The Office (U.S.): Season 1: Pilot (Episode 1),2021-12-07 15:15:05,86,Device Type 5
User 4,Rick and Morty: Season 1_hook_primary_16x9,2021-12-07 15:14:54,8,Device Type 5
User 4,Season 3 Teaser: Cobra Kai,2021-12-07 15:14:12,12,Device Type 5
User 4,Central Intelligence_hook_primary_16x9,2021-12-07 15:13:43,6,Device Type 5
User 4,Season 1 Bonus Video 2: The Witcher,2021-12-07 15:13:20,14,Device Type 5
User 4,Season 1 Clip #3 (Love Triangle): Sex/Life,2021-12-07 15:13:08,10,Device Type 5
User 4,Spider-Man: Far from Home_hook_04_16x9,2021-12-07 15:12:15,31,Device Type 5
User 4,The Walking Dead: Season 5: Try (Episode 15),2021-12-07 15:11:49,4,Device Type 5
User 4,The Walking Dead: Season 5: Try (Episode 15),2021-12-07 08:02:07,1933,Device Type 5
User 4,The Walking Dead: Season 5: Spend (Episode 14),2021-12-07 07:53:26,517,Device Type 5
User 4,The Blacklist: Season 1_hook_primary_16x9,2021-12-07 07:53:12,4,Device Type 5
User 4,The Walking Dead: Season 5: Spend (Episode 14),2021-12-07 04:37:05,179,Device Type 5
User 4,The Walking Dead: Season 5: Spend (Episode 14),2021-12-07 04:21:06,642,Device Type 5
User 4,Suits: Season 1_hook_primary_16x9,2021-12-07 04:20:38,12,Device Type 5
User 4,The Walking Dead: Season 5: Spend (Episode 14),2021-12-06 15:26:34,1079,Device Type 5
User 4,The Walking Dead: Season 5: Forget (Episode 13),2021-12-06 15:02:29,1442,Device Type 5
User 4,Sacred Games: Season 1 (Trailer),2021-12-06 15:02:06,7,Device Type 5
User 4,Red Notice,2021-12-06 07:48:39,1834,Device Type 5
User 4,Moment of High Emotion Clip: Red Notice,2021-12-06 07:48:01,35,Device Type 5
User 4,Red Notice,2021-12-06 04:20:46,1713,Device Type 5
User 4,Trailer: 6 Underground,2021-12-06 04:19:45,45,Device Type 5
User 4,Red Notice,2021-12-05 15:48:39,967,Device Type 5
User 4,Red Notice,2021-12-05 15:43:12,15,Device Type 5
User 4,Red Notice,2021-12-05 15:05:41,1416,Device Type 5
User 4,Money Heist: Part 3 (Trailer),2021-12-05 15:05:20,11,Device Type 5
User 4,Elite: Season 1 (Trailer),2021-12-05 15:05:07,5,Device Type 5
User 4,Money Heist: Part 5: A Family Tradition (Episode 10),2021-12-04 17:35:01,4020,Device Type 7
User 4,Money Heist: Part 5: A Family Tradition (Episode 10),2021-12-04 17:30:25,155,Device Type 7
User 4,Money Heist: Part 5: Pillow Talk (Episode 9),2021-12-04 17:23:27,402,Device Type 7
User 4,Money Heist: Part 5: Pillow Talk (Episode 9),2021-12-04 16:37:16,2370,Device Type 7
User 4,Money Heist: Part 5: The Elegance Theory (Episode 8),2021-12-04 15:52:15,2672,Device Type 7
User 4,Money Heist: Part 5: Wishful Thinking (Episode 7),2021-12-04 15:01:08,2985,Device Type 7
User 4,Money Heist: Part 5: Escape Valve (Episode 6),2021-12-04 14:11:21,2979,Device Type 7
User 4,Money Heist: Part 5: Live Many Lives (Episode 5),2021-12-04 14:10:43,15,Device Type 7
User 4,Money Heist: Part 5: Live Many Lives (Episode 5),2021-12-04 14:10:32,56,Device Type 0
User 4,Money Heist: Part 5: A Family Tradition (Episode 10),2021-12-04 14:10:00,4,Device Type 0
User 4,Money Heist: Part 5: The End of the Road (Episode 1),2021-12-04 14:09:09,51,Device Type 7
User 4,Part 4 Recap: Money Heist,2021-12-04 14:06:03,182,Device Type 7
User 4,Money Heist: Part 5: A Family Tradition (Episode 10),2021-12-04 14:04:40,2,Device Type 7
User 4,Money Heist: Part 5: A Family Tradition (Episode 10),2021-12-04 14:04:28,1,Device Type 7
User 4,Money Heist: Part 5: A Family Tradition (Episode 10),2021-12-04 14:04:15,4,Device Type 7
User 4,La Casa de Papel: Part 5: Museum Shootout,2021-12-04 14:03:35,36,Device Type 7
User 4,Money Heist: Part 5: A Family Tradition (Episode 10),2021-12-04 14:02:49,7,Device Type 0
User 4,Money Heist: Part 5: A Family Tradition (Episode 10),2021-12-03 09:24:58,27,Device Type 2
User 4,Money Heist: Part 1: Episode 1,2021-12-03 09:24:30,24,Device Type 2
User 4,La Casa de Papel: Part 5: Tokio Stockholm and Lisbon Getting Fresh Air,2021-12-03 09:22:29,83,Device Type 2
User 4,The Walking Dead: Season 5: Forget (Episode 13),2021-11-30 09:04:37,66,Device Type 0
User 4,Untitled Tentpole Title (Tamil)_hook_primary_16x9,2021-11-30 06:39:57,18,Device Type 3
User 4,The Walking Dead: Season 5: Forget (Episode 13),2021-11-21 08:00:07,904,Device Type 5
User 4,The Walking Dead: Season 5: Remember (Episode 12),2021-11-21 07:45:53,850,Device Type 5
User 4,The Walking Dead: Season 5: Remember (Episode 12),2021-11-21 05:26:01,1568,Device Type 5
User 4,The Walking Dead: Season 5: The Distance (Episode 11),2021-11-21 04:59:11,1604,Device Type 5
User 4,The Walking Dead: Season 5: The Distance (Episode 11),2021-11-21 04:35:41,886,Device Type 5
User 4,The Walking Dead: Season 5: Them (Episode 10),2021-11-20 15:55:13,709,Device Type 5
User 4,The Walking Dead: Season 5: Them (Episode 10),2021-11-20 15:23:56,1501,Device Type 5
User 4,Cowboy Bebop: Season 1: Cowboy Gospel (Episode 1),2021-11-20 15:23:13,7,Device Type 5
User 4,The Walking Dead: Season 5: Them (Episode 10),2021-11-19 15:50:04,244,Device Type 5
User 4,The Walking Dead: Season 5: What Happened and What's Going On (Episode 9),2021-11-19 15:40:48,552,Device Type 5
User 4,The Walking Dead: Season 5: What Happened and What's Going On (Episode 9),2021-11-19 14:59:47,1869,Device Type 5
User 4,The Walking Dead: Season 5: Coda (Episode 8),2021-11-19 14:56:20,174,Device Type 5
User 4,The Walking Dead: Season 5: Coda (Episode 8),2021-11-19 04:47:43,2274,Device Type 5
User 4,The Walking Dead: Season 5: Crossed (Episode 7),2021-11-19 04:06:14,2412,Device Type 5
User 4,The Walking Dead: Season 5: Crossed (Episode 7),2021-11-18 16:29:14,27,Device Type 5
User 4,The Walking Dead: Season 5: Consumed (Episode 6),2021-11-18 15:47:20,2403,Device Type 5
User 4,The Walking Dead: Season 5: Self Help (Episode 5),2021-11-18 15:31:00,976,Device Type 5
User 4,The Walking Dead: Season 5: Self Help (Episode 5),2021-11-18 15:22:28,178,Device Type 5
User 4,The Walking Dead: Season 5: Self Help (Episode 5),2021-11-18 14:56:07,1146,Device Type 5
User 4,The Walking Dead: Season 5: Slabtown (Episode 4),2021-11-18 08:28:20,2389,Device Type 5
User 4,The Walking Dead: Season 5: Four Walls and a Roof (Episode 3),2021-11-18 08:20:41,456,Device Type 5
User 4,The Walking Dead: Season 5: Four Walls and a Roof (Episode 3),2021-11-18 07:42:13,1971,Device Type 5
User 4,The Walking Dead: Season 5: Strangers (Episode 2),2021-11-18 07:39:57,133,Device Type 5
User 4,The Walking Dead: Season 5: Strangers (Episode 2),2021-11-18 04:32:43,2288,Device Type 5
User 4,The Walking Dead: Season 5: No Sanctuary (Episode 1),2021-11-17 15:47:21,2424,Device Type 5
User 4,The Walking Dead: Season 4: A (Episode 16),2021-11-17 15:34:32,700,Device Type 5
User 4,The Walking Dead: Season 4: A (Episode 16),2021-11-17 14:58:28,1743,Device Type 5
User 4,The Walking Dead: Season 4: Us (Episode 15),2021-11-17 08:01:42,2427,Device Type 5
User 4,The Walking Dead: Season 4: The Grove (Episode 14),2021-11-17 07:52:26,370,Device Type 5
User 4,The Walking Dead: Season 4: The Grove (Episode 14),2021-11-17 05:12:24,1093,Device Type 5
User 4,The Walking Dead: Season 4: The Grove (Episode 14),2021-11-16 14:45:05,980,Device Type 5
User 4,The Walking Dead: Season 4: Alone (Episode 13),2021-11-16 14:43:58,63,Device Type 5
User 4,The Walking Dead: Season 4: Alone (Episode 13),2021-11-16 07:38:19,2394,Device Type 5
User 4,The Walking Dead: Season 4: Still (Episode 12),2021-11-16 07:31:04,432,Device Type 5
User 4,Narcos: Season 1: Descenso (Episode 1),2021-11-16 07:30:52,4,Device Type 5
User 4,The Walking Dead: Season 4: Still (Episode 12),2021-11-16 05:00:02,778,Device Type 5
User 4,The Walking Dead: Season 4: Still (Episode 12),2021-11-15 16:35:39,1215,Device Type 5
User 4,The Walking Dead: Season 4: Claimed (Episode 11),2021-11-15 15:52:25,2436,Device Type 5
User 4,The Walking Dead: Season 4: Inmates (Episode 10),2021-11-15 07:57:12,2418,Device Type 5
User 4,The Walking Dead: Season 4: After (Episode 9),2021-11-14 15:16:05,2411,Device Type 5
User 4,The Walking Dead: Season 4: Too Far Gone (Episode 8),2021-11-13 15:23:41,2412,Device Type 5
User 4,The Walking Dead: Season 4: Dead Weight (Episode 7),2021-11-13 15:19:10,269,Device Type 5
User 4,The Walking Dead: Season 4: Dead Weight (Episode 7),2021-11-13 14:40:26,1926,Device Type 5
User 4,The Walking Dead: Season 4: Dead Weight (Episode 7),2021-11-13 14:28:46,225,Device Type 5
User 4,The Walking Dead: Season 4: Live Bait (Episode 6),2021-11-13 07:59:18,2304,Device Type 5
User 4,The Walking Dead: Season 4: Live Bait (Episode 6),2021-11-13 05:05:00,74,Device Type 5
User 4,The Walking Dead: Season 4: Internment (Episode 5),2021-11-13 04:46:47,1089,Device Type 5
User 4,The Walking Dead: Season 4: Internment (Episode 5),2021-11-12 14:43:55,1319,Device Type 5
User 4,The Walking Dead: Season 4: Indifference (Episode 4),2021-11-12 08:03:34,2444,Device Type 5
User 4,The Walking Dead: Season 4: Isolation (Episode 3),2021-11-12 07:42:41,1249,Device Type 5
User 4,The Walking Dead: Season 4: Isolation (Episode 3),2021-11-12 07:18:33,1189,Device Type 5
User 4,The Walking Dead: Season 4: Infected (Episode 2),2021-11-12 06:37:47,2444,Device Type 5
User 4,The Walking Dead: Season 4: 30 Days Without an Accident (Episode 1),2021-11-12 05:56:58,2444,Device Type 5
User 4,The Walking Dead: Season 4: 30 Days Without an Accident (Episode 1),2021-11-12 05:23:17,512,Device Type 5
User 4,The Walking Dead: Season 3: Welcome to the Tombs (Episode 16),2021-11-12 04:37:07,2420,Device Type 5
User 4,The Walking Dead: Season 3: This Sorrowful Life (Episode 15),2021-11-11 16:09:23,2441,Device Type 5
User 4,The Walking Dead: Season 3: Prey (Episode 14),2021-11-11 15:31:32,2237,Device Type 5
User 4,The Walking Dead: Season 3: Prey (Episode 14),2021-11-10 15:25:26,182,Device Type 5
User 4,The Walking Dead: Season 3: Arrow on the Doorpost (Episode 13),2021-11-10 15:07:02,1087,Device Type 5
User 4,The Walking Dead: Season 3: Arrow on the Doorpost (Episode 13),2021-11-10 14:38:35,1288,Device Type 5
User 4,The Walking Dead: Season 3: Clear (Episode 12),2021-11-10 14:37:26,66,Device Type 5
User 4,The Walking Dead: Season 3: Clear (Episode 12),2021-11-10 08:17:55,2347,Device Type 5
User 4,The Walking Dead: Season 3: I Ain't a Judas (Episode 11),2021-11-10 07:51:05,1472,Device Type 5
User 4,The Walking Dead: Season 3: I Ain't a Judas (Episode 11),2021-11-10 04:50:46,712,Device Type 5
User 4,The Walking Dead: Season 3: Home (Episode 10),2021-11-09 17:20:01,2419,Device Type 2
User 4,The Walking Dead: Season 3: Home (Episode 10),2021-11-09 17:20:01,2466,Device Type 2
User 4,The Walking Dead: Season 3: The Suicide King (Episode 9),2021-11-09 16:36:50,2435,Device Type 2
User 4,The Walking Dead: Season 3: Made to Suffer (Episode 8),2021-11-09 16:01:22,2072,Device Type 2
User 4,The Walking Dead: Season 3: Made to Suffer (Episode 8),2021-11-09 14:42:23,412,Device Type 5
User 4,The Walking Dead: Season 3: When the Dead Come Knocking (Episode 7),2021-11-09 14:24:24,1054,Device Type 5
User 4,The Walking Dead: Season 3: When the Dead Come Knocking (Episode 7),2021-11-09 08:39:05,1227,Device Type 5
User 4,The Walking Dead: Season 3: When the Dead Come Knocking (Episode 7),2021-11-09 08:28:02,62,Device Type 5
User 4,The Walking Dead: Season 3: Hounded (Episode 6),2021-11-09 08:26:47,72,Device Type 5
User 4,The Walking Dead: Season 3: Hounded (Episode 6),2021-11-09 07:45:53,1540,Device Type 5
User 4,The Walking Dead: Season 3: Hounded (Episode 6),2021-11-09 07:28:20,742,Device Type 5
User 4,The Walking Dead: Season 3: Say the Word (Episode 5),2021-11-09 07:13:26,823,Device Type 5
User 4,The Walking Dead: Season 3: Say the Word (Episode 5),2021-11-09 04:46:57,1592,Device Type 5
User 4,The Walking Dead: Season 3: Killer Within (Episode 4),2021-11-09 04:46:01,51,Device Type 5
User 4,The Walking Dead: Season 3: Killer Within (Episode 4),2021-11-08 17:45:41,1549,Device Type 2
User 4,The Walking Dead: Season 3: Killer Within (Episode 4),2021-11-08 15:58:31,534,Device Type 2
User 4,The Walking Dead: Season 3: Walk with Me (Episode 3),2021-11-08 15:54:55,211,Device Type 2
User 4,The Walking Dead: Season 3: Walk with Me (Episode 3),2021-11-08 15:22:48,1196,Device Type 5
User 4,The Walking Dead: Season 3: Walk with Me (Episode 3),2021-11-08 14:58:22,1031,Device Type 5
User 4,The Walking Dead: Season 3: Sick (Episode 2),2021-11-08 07:56:47,1802,Device Type 5
User 4,The Walking Dead: Season 3: Sick (Episode 2),2021-11-07 15:41:43,594,Device Type 5
User 4,The Walking Dead: Season 3: Seed (Episode 1),2021-11-07 15:03:19,2095,Device Type 5
User 4,The Walking Dead: Season 3: Seed (Episode 1),2021-11-07 09:21:54,240,Device Type 5
User 4,The Walking Dead: Season 2: Beside the Dying Fire (Episode 13),2021-11-07 08:42:52,2202,Device Type 5
User 4,The Walking Dead: Season 2: Beside the Dying Fire (Episode 13),2021-11-07 05:05:19,288,Device Type 5
User 4,The Walking Dead: Season 2: Better Angels (Episode 12),2021-11-07 04:48:07,1029,Device Type 5
User 4,The Walking Dead: Season 2: Better Angels (Episode 12),2021-11-06 13:13:11,639,Device Type 5
User 4,The Walking Dead: Season 2: Better Angels (Episode 12),2021-11-06 07:58:07,758,Device Type 5
User 4,"The Walking Dead: Season 2: Judge, Jury, Executioner (Episode 11)",2021-11-06 07:53:46,257,Device Type 5
User 4,"The Walking Dead: Season 2: Judge, Jury, Executioner (Episode 11)",2021-11-06 04:40:53,2159,Device Type 5
User 4,The Walking Dead: Season 2: 18 Miles Out (Episode 10),2021-11-05 08:14:08,2393,Device Type 5
User 4,The Walking Dead: Season 2: Triggerfinger (Episode 9),2021-11-05 07:34:07,2257,Device Type 5
User 4,The Walking Dead: Season 2: Nebraska (Episode 8),2021-11-05 07:26:13,470,Device Type 5
User 4,The Walking Dead: Season 2: Nebraska (Episode 8),2021-11-05 04:19:10,1970,Device Type 5
User 4,The Walking Dead: Season 2: Nebraska (Episode 8),2021-11-04 16:53:08,2,Device Type 5
User 4,The Walking Dead: Season 2: Pretty Much Dead Already (Episode 7),2021-11-04 16:09:54,2403,Device Type 5
User 4,The Walking Dead: Season 2: Secrets (Episode 6),2021-11-04 15:53:06,651,Device Type 5
User 4,The Walking Dead: Season 2: Secrets (Episode 6),2021-11-04 15:16:02,1806,Device Type 5
User 4,The Walking Dead: Season 2: Chupacabra (Episode 5),2021-11-04 15:08:52,388,Device Type 5
User 4,The Walking Dead: Season 2: Chupacabra (Episode 5),2021-11-04 07:53:46,2026,Device Type 5
User 4,The Walking Dead: Season 2: Cherokee Rose (Episode 4),2021-11-04 07:32:40,1249,Device Type 5
User 4,The Walking Dead: Season 2: Cherokee Rose (Episode 4),2021-11-04 04:52:57,1070,Device Type 5
User 4,The Walking Dead: Season 2: Cherokee Rose (Episode 4),2021-11-03 16:22:35,3,Device Type 2
User 4,The Walking Dead: Season 2: Save the Last One (Episode 3),2021-11-03 16:16:21,367,Device Type 2
User 4,The Walking Dead: Season 2: Save the Last One (Episode 3),2021-11-03 15:40:48,1886,Device Type 0
User 4,The Walking Dead: Season 2: Bloodletting (Episode 2),2021-11-03 15:26:51,582,Device Type 0
User 4,The Walking Dead: Season 2: Bloodletting (Episode 2),2021-11-03 08:28:04,1799,Device Type 5
User 4,The Walking Dead: Season 2: What Lies Ahead (Episode 1),2021-11-03 07:56:34,1885,Device Type 5
User 4,The Walking Dead: Season 2: What Lies Ahead (Episode 1),2021-11-03 04:46:53,1587,Device Type 5
User 4,The Walking Dead: Season 2: What Lies Ahead (Episode 1),2021-11-02 15:42:01,94,Device Type 5
User 4,The Walking Dead: Season 2: What Lies Ahead (Episode 1),2021-11-02 09:21:01,2,Device Type 5
User 4,The Walking Dead: Season 1: TS-19 (Episode 6),2021-11-02 09:06:01,897,Device Type 5
User 4,The Walking Dead: Season 1: TS-19 (Episode 6),2021-11-02 09:05:44,9,Device Type 5
User 4,The Walking Dead: Season 1: TS-19 (Episode 6),2021-11-02 08:23:01,1488,Device Type 5
User 4,The Walking Dead: Season 1: Wildfire (Episode 5),2021-11-02 04:40:22,1468,Device Type 5
User 4,The Walking Dead: Season 1: Wildfire (Episode 5),2021-11-01 15:25:15,1194,Device Type 5
User 4,The Walking Dead: Season 1: Wildfire (Episode 5),2021-11-01 08:57:04,1,Device Type 5
User 4,The Walking Dead: Season 1: Vatos (Episode 4),2021-11-01 08:35:38,1281,Device Type 5
User 4,The Walking Dead: Season 1: Vatos (Episode 4),2021-11-01 08:07:20,1347,Device Type 5
User 4,The Walking Dead: Season 1: Tell It to the Frogs (Episode 3),2021-11-01 07:56:30,643,Device Type 5
User 4,The Walking Dead: Season 1: Tell It to the Frogs (Episode 3),2021-10-31 07:57:20,654,Device Type 5
User 4,The Walking Dead: Season 1: Days Gone Bye (Episode 1),2021-10-31 07:55:44,13,Device Type 5
User 0,Brooklyn Nine-Nine: Season 2: Sabotage (Episode 19),2022-10-06 17:29:04,1267,Device Type 0
User 0,Saakini Daakini,2022-10-06 17:27:11,21,Device Type 0
User 0,Laal Singh Chaddha,2022-10-06 16:40:02,131,Device Type 0
User 0,Laal Singh Chaddha,2022-10-06 13:59:05,8677,Device Type 0
User 0,Teefa in Trouble,2022-10-06 12:53:27,2676,Device Type 0
User 0,Teefa in Trouble,2022-10-06 11:31:38,4555,Device Type 0
User 0,Teefa in Trouble,2022-10-06 11:06:38,1095,Device Type 0
User 0,Brooklyn Nine-Nine: Season 2: Sabotage (Episode 19),2022-10-06 05:03:33,371,Device Type 0
User 0,Brooklyn Nine-Nine: Season 2: Captain Peralta (Episode 18),2022-10-06 04:40:33,1371,Device Type 0
User 0,Brooklyn Nine-Nine: Season 2: Boyle-Linetti Wedding (Episode 17),2022-10-06 04:17:38,1300,Device Type 0
User 0,Brooklyn Nine-Nine: Season 2: The Wednesday Incident (Episode 16),2022-10-06 04:10:03,455,Device Type 0
User 0,The Walking Dead: Season 1: Vatos (Episode 4),2022-10-06 04:09:04,5,Device Type 0
User 0,The Walking Dead: Season 1: Tell It to the Frogs (Episode 3),2022-10-06 03:58:56,589,Device Type 0
User 0,Brooklyn Nine-Nine: Season 2: The Wednesday Incident (Episode 16),2022-10-06 03:58:41,5,Device Type 0
User 0,Brooklyn Nine-Nine: Season 2: The Wednesday Incident (Episode 16),2022-10-06 03:36:50,833,Device Type 0
User 0,Brooklyn Nine-Nine: Season 2: Windbreaker City (Episode 15),2022-10-06 03:35:11,99,Device Type 0
User 0,Brooklyn Nine-Nine: Season 2: Windbreaker City (Episode 15),2022-10-04 13:34:43,805,Device Type 0
User 0,The Walking Dead: Season 1: Tell It to the Frogs (Episode 3),2022-10-04 13:17:58,795,Device Type 0
User 0,Brooklyn Nine-Nine: Season 2: Windbreaker City (Episode 15),2022-10-04 06:07:41,420,Device Type 0
User 0,Brooklyn Nine-Nine: Season 2: The Defense Rests (Episode 14),2022-10-04 05:56:30,668,Device Type 0
User 0,The Walking Dead: Season 1: Tell It to the Frogs (Episode 3),2022-10-04 05:41:14,691,Device Type 0
User 0,The Walking Dead: Season 1: Tell It to the Frogs (Episode 3),2022-10-04 05:04:08,632,Device Type 0
User 0,The Walking Dead: Season 1: Guts (Episode 2),2022-10-04 04:14:10,2524,Device Type 0
User 0,The Walking Dead: Season 1: Days Gone Bye (Episode 1),2022-10-04 04:04:56,551,Device Type 0
User 0,The Walking Dead: Season 1: Days Gone Bye (Episode 1),2022-10-04 02:25:00,2323,Device Type 0
User 0,The Walking Dead: Season 1_hook_primary_16x9,2022-10-04 02:24:16,26,Device Type 0
User 0,Brooklyn Nine-Nine: Season 2: The Defense Rests (Episode 14),2022-10-03 19:21:24,296,Device Type 0
User 0,Teefa in Trouble,2022-10-03 19:00:06,867,Device Type 0
User 0,Vikings: Season 1: All Change (Episode 9),2022-10-03 13:28:06,575,Device Type 0
User 0,Vikings: Season 1: Sacrifice (Episode 8),2022-10-03 13:04:12,1368,Device Type 0
User 0,Vikings: Season 1: Sacrifice (Episode 8),2022-10-03 12:18:59,1330,Device Type 0
User 0,Vikings: Season 1: A King's Ransom (Episode 7),2022-10-03 12:16:07,131,Device Type 0
User 0,Vikings: Season 1: A King's Ransom (Episode 7),2022-10-03 10:15:28,2397,Device Type 0
User 0,Vikings: Season 1: Burial of the Dead (Episode 6),2022-10-03 10:02:37,769,Device Type 0
User 0,Vikings: Season 1: Burial of the Dead (Episode 6),2022-10-03 09:18:59,1866,Device Type 0
User 0,Vikings: Season 1: Raid (Episode 5),2022-10-03 08:25:41,2547,Device Type 0
User 0,Vikings: Season 1: Trial (Episode 4),2022-10-03 08:22:32,188,Device Type 0
User 0,Vikings: Season 1: Dispossessed (Episode 3),2022-10-03 08:22:05,10,Device Type 0
User 0,Teefa in Trouble,2022-10-03 08:16:54,301,Device Type 0
User 0,Ragnarok: Season 1 (Trailer),2022-10-03 08:13:20,91,Device Type 0
User 0,Vikings: Season 1: Trial (Episode 4),2022-10-03 08:02:01,512,Device Type 0
User 0,Vikings: Season 1: Trial (Episode 4),2022-10-03 07:34:33,571,Device Type 0
User 0,Vikings: Season 1: Trial (Episode 4),2022-10-03 06:52:21,1360,Device Type 0
User 0,Vikings: Season 1: Dispossessed (Episode 3),2022-10-03 06:14:19,1620,Device Type 0
User 0,Vikings: Season 1: Dispossessed (Episode 3),2022-10-03 06:12:15,97,Device Type 0
User 0,Vikings: Season 1: Dispossessed (Episode 3),2022-10-03 06:06:24,297,Device Type 0
User 0,Vikings: Season 1: Dispossessed (Episode 3),2022-10-03 05:54:24,606,Device Type 0
User 0,Vikings: Season 1: Wrath of the Northmen (Episode 2),2022-10-03 05:30:17,718,Device Type 0
User 0,Vikings: Season 1: Wrath of the Northmen (Episode 2),2022-10-03 04:43:32,2008,Device Type 0
User 0,Vikings: Season 1: Rites of Passage (Episode 1),2022-10-03 04:37:06,384,Device Type 0
User 0,Vikings: Season 1: Rites of Passage (Episode 1),2022-10-03 04:09:01,1410,Device Type 0
User 0,Vikings: Season 1: Rites of Passage (Episode 1),2022-10-03 03:52:56,615,Device Type 0
User 0,Vikings: Season 1: Rites of Passage (Episode 1),2022-10-03 03:20:02,312,Device Type 0
User 0,Brooklyn Nine-Nine: Season 2: The Defense Rests (Episode 14),2022-10-02 17:31:17,463,Device Type 0
User 0,Limited Series Trailer: Conversations with a Killer: The Jeffrey Dahmer Tapes,2022-10-02 17:29:18,5,Device Type 0
User 0,Trailer: Lou,2022-09-28 01:15:39,16,Device Type 0
User 0,Trailer: DAHMER,2022-09-28 01:15:29,6,Device Type 0
User 0,Sense8 (Trailer),2022-09-15 03:18:11,35,Device Type 0
User 0,Trailer: True Story,2022-09-15 03:15:09,101,Device Type 0
User 0,Van Helsing (Trailer),2022-09-04 13:01:08,24,Device Type 0
User 0,Season 5 Trailer: Van Helsing,2022-09-04 13:00:49,10,Device Type 0
User 0,Season 1 Trailer: Narco-Saints,2022-09-03 21:04:06,5,Device Type 0
User 0,Charlie's Angels_hook_primary_16x9,2022-09-03 21:03:53,12,Device Type 0
User 0,Rick and Morty: Season 1_hook_primary_16x9,2022-09-03 21:03:43,4,Device Type 0
User 0,Season 5 Teaser: Cobra Kai,2022-09-03 21:03:36,5,Device Type 0
User 0,Carter,2022-09-03 08:24:39,99,Device Type 0
User 0,Brooklyn Nine-Nine: Season 2: Payback (Episode 13),2022-08-31 06:52:44,1295,Device Type 0
User 0,Brooklyn Nine-Nine: Season 2: Undercover (Episode 1),2022-08-31 06:52:18,5,Device Type 0
User 0,Brooklyn Nine-Nine: Season 2: Stakeout (Episode 11),2022-08-31 06:51:22,54,Device Type 0
User 0,Brooklyn Nine-Nine: Season 2: Stakeout (Episode 11),2022-08-31 06:45:42,114,Device Type 0
User 0,Brooklyn Nine-Nine: Season 2: Stakeout (Episode 11),2022-08-31 06:19:22,285,Device Type 0
User 0,Carter,2022-08-31 06:15:56,196,Device Type 0
User 0,Brooklyn Nine-Nine: Season 1: Pilot (Episode 1),2022-08-31 05:11:12,1,Device Type 0
User 0,Brooklyn Nine-Nine: Season 2: Stakeout (Episode 11),2022-08-29 05:03:42,854,Device Type 0
User 0,Brooklyn Nine-Nine: Season 2: The Pontiac Bandit Returns (Episode 10),2022-08-29 04:42:02,1299,Device Type 0
User 0,Brooklyn Nine-Nine: Season 2: The Road Trip (Episode 9),2022-08-29 04:32:55,546,Device Type 0
User 0,Brooklyn Nine-Nine: Season 2: The Road Trip (Episode 9),2022-08-28 10:21:07,753,Device Type 0
User 0,Brooklyn Nine-Nine: Season 2: USPIS (Episode 8),2022-08-28 09:56:06,1294,Device Type 0
User 0,Brooklyn Nine-Nine: Season 2: Lockdown (Episode 7),2022-08-28 09:31:36,1271,Device Type 0
User 0,Me Time,2022-08-28 08:32:55,2143,Device Type 0
User 0,Me Time,2022-08-28 07:41:15,2412,Device Type 0
User 0,Me Time,2022-08-28 06:31:17,1085,Device Type 0
User 0,HIT: The First Case,2022-08-28 06:30:56,6,Device Type 0
User 0,Delhi Crime: Season 2: Episode 5,2022-08-28 05:32:34,3163,Device Type 0
User 0,Delhi Crime: Season 2: Episode 4,2022-08-28 04:59:19,1995,Device Type 0
User 0,Delhi Crime: Season 2: Episode 3,2022-08-28 04:06:12,2663,Device Type 0
User 0,Delhi Crime: Season 2: Episode 2,2022-08-28 03:57:44,508,Device Type 0
User 0,Delhi Crime: Season 2: Episode 2,2022-08-27 19:03:28,1693,Device Type 0
User 0,Delhi Crime: Season 2: Episode 1,2022-08-27 18:44:59,1057,Device Type 0
User 0,Delhi Crime: Season 2: Episode 1,2022-08-27 15:44:01,1484,Device Type 0
User 0,Delhi Crime: Season 1: Episode 7,2022-08-27 12:32:51,543,Device Type 0
User 0,Delhi Crime: Season 1: Episode 7,2022-08-27 12:18:36,607,Device Type 0
User 0,Delhi Crime: Season 1: Episode 7,2022-08-27 11:50:22,589,Device Type 0
User 0,Delhi Crime: Season 1: Episode 7,2022-08-27 11:03:41,1107,Device Type 0
User 0,Delhi Crime: Season 1: Episode 6,2022-08-27 10:20:05,2559,Device Type 0
User 0,Delhi Crime: Season 1: Episode 6,2022-08-27 09:45:29,174,Device Type 0
User 0,Delhi Crime: Season 1: Episode 5,2022-08-27 09:30:30,898,Device Type 0
User 0,Delhi Crime: Season 1: Episode 5,2022-08-27 09:05:21,398,Device Type 0
User 0,Delhi Crime: Season 1: Episode 5,2022-08-27 08:35:11,1710,Device Type 0
User 0,Delhi Crime: Season 1: Episode 4,2022-08-27 07:42:00,2845,Device Type 0
User 0,Delhi Crime: Season 1: Episode 3,2022-08-27 06:36:28,3270,Device Type 0
User 0,Delhi Crime: Season 1: Episode 2,2022-08-27 06:00:16,2078,Device Type 0
User 0,Delhi Crime: Season 1: Episode 2,2022-08-27 05:36:43,518,Device Type 0
User 0,Delhi Crime: Season 1: Episode 2,2022-08-26 19:44:24,622,Device Type 0
User 0,Delhi Crime: Season 1: Episode 1,2022-08-26 19:36:55,442,Device Type 0
User 0,Delhi Crime: Season 1: Episode 1,2022-08-26 19:02:23,1358,Device Type 0
User 0,Delhi Crime: Season 1: Episode 1,2022-08-26 13:43:23,183,Device Type 0
User 0,Delhi Crime: Season 1: Episode 1,2022-08-26 11:34:39,2139,Device Type 0
User 0,Jaadugar,2022-08-26 09:45:09,4771,Device Type 0
User 0,Jaadugar,2022-08-26 09:38:14,344,Device Type 0
User 0,Jaadugar,2022-08-26 08:56:36,2428,Device Type 0
User 0,Jaadugar,2022-08-26 08:53:59,38,Device Type 0
User 0,Jaadugar,2022-08-26 08:52:14,25,Device Type 0
User 0,Jaadugar,2022-08-26 07:23:38,2506,Device Type 0
User 0,Brooklyn Nine-Nine: Season 2: Jake and Sophia (Episode 6),2022-08-26 06:59:04,1274,Device Type 0
User 0,Brooklyn Nine-Nine: Season 2: The Mole (Episode 5),2022-08-26 06:35:50,1300,Device Type 0
User 0,Brooklyn Nine-Nine: Season 2: Halloween II (Episode 4),2022-08-26 06:14:09,1300,Device Type 0
User 0,Brooklyn Nine-Nine: Season 2: The Jimmy Jab Games (Episode 3),2022-08-26 05:52:31,1297,Device Type 0
User 0,Brooklyn Nine-Nine: Season 2: Chocolate Milk (Episode 2),2022-08-26 05:30:50,1301,Device Type 0
User 0,Brooklyn Nine-Nine: Season 2: Undercover (Episode 1),2022-08-26 05:24:03,406,Device Type 0
User 0,Brooklyn Nine-Nine: Season 2: Undercover (Episode 1),2022-08-26 04:41:11,894,Device Type 0
User 0,Brooklyn Nine-Nine: Season 1: Charges and Specs (Episode 22),2022-08-26 04:24:44,986,Device Type 0
User 0,Moment of High Emotion Clip: Jaadugar,2022-08-26 04:06:18,8,Device Type 0
User 0,Brooklyn Nine-Nine: Season 1: Charges and Specs (Episode 22),2022-08-25 20:15:45,533,Device Type 0
User 0,Brooklyn Nine-Nine: Season 1: Unsolvable (Episode 21),2022-08-25 19:54:08,1296,Device Type 0
User 0,Brooklyn Nine-Nine: Season 1: Fancy Brudgom (Episode 20),2022-08-25 19:32:52,1275,Device Type 0
User 0,Brooklyn Nine-Nine: Season 1: Tactical Village (Episode 19),2022-08-25 19:11:15,1296,Device Type 0
User 0,Brooklyn Nine-Nine: Season 1: The Apartment (Episode 18),2022-08-25 19:06:17,297,Device Type 0
User 0,Brooklyn Nine-Nine: Season 1: The Apartment (Episode 18),2022-08-25 18:31:16,1000,Device Type 0
User 0,Brooklyn Nine-Nine: Season 1: Full Boyle (Episode 17),2022-08-25 18:12:48,1107,Device Type 0
User 0,Brooklyn Nine-Nine: Season 1: Full Boyle (Episode 17),2022-08-25 14:53:27,191,Device Type 0
User 0,Brooklyn Nine-Nine: Season 1: The Party (Episode 16),2022-08-25 14:20:52,1286,Device Type 0
User 0,Brooklyn Nine-Nine: Season 1: Operation: Broken Feather (Episode 15),2022-08-25 13:59:13,1298,Device Type 0
User 0,Brooklyn Nine-Nine: Season 1: The Ebony Falcon (Episode 14),2022-08-25 13:25:11,1273,Device Type 0
User 0,Brooklyn Nine-Nine: Season 1: The Ebony Falcon (Episode 14),2022-08-25 12:10:37,17,Device Type 0
User 0,Brooklyn Nine-Nine: Season 1: The Bet (Episode 13),2022-08-25 11:49:01,1296,Device Type 0
User 0,Brooklyn Nine-Nine: Season 1: Pontiac Bandit (Episode 12),2022-08-25 11:45:36,204,Device Type 0
User 0,Brooklyn Nine-Nine: Season 1: Pontiac Bandit (Episode 12),2022-08-25 11:21:25,1104,Device Type 0
User 0,Brooklyn Nine-Nine: Season 1: Christmas (Episode 11),2022-08-25 10:56:32,1312,Device Type 0
User 0,Brooklyn Nine-Nine: Season 1: Thanksgiving (Episode 10),2022-08-25 10:25:49,1298,Device Type 0
User 0,Brooklyn Nine-Nine: Season 1: Sal's Pizza (Episode 9),2022-08-25 10:25:38,10,Device Type 0
User 0,Brooklyn Nine-Nine: Season 1: Sal's Pizza (Episode 9),2022-08-25 10:03:36,1301,Device Type 0
User 0,Brooklyn Nine-Nine: Season 1: Old School (Episode 8),2022-08-25 09:39:28,1309,Device Type 0
User 0,Brooklyn Nine-Nine: Season 1: 48 Hours (Episode 7),2022-08-25 09:39:18,9,Device Type 0
User 0,Brooklyn Nine-Nine: Season 1: 48 Hours (Episode 7),2022-08-25 09:28:10,469,Device Type 0
User 0,Season 1 Trailer: Locke & Key,2022-08-25 09:25:15,156,Device Type 0
User 0,Brooklyn Nine-Nine: Season 1: 48 Hours (Episode 7),2022-08-25 08:51:01,844,Device Type 0
User 0,Brooklyn Nine-Nine: Season 1: Halloween (Episode 6),2022-08-25 08:38:26,734,Device Type 0
User 0,Brooklyn Nine-Nine: Season 1: Halloween (Episode 6),2022-08-25 08:23:15,598,Device Type 0
User 0,Brooklyn Nine-Nine: Season 1: The Vulture (Episode 5),2022-08-25 08:21:23,109,Device Type 0
User 0,Brooklyn Nine-Nine: Season 1: The Vulture (Episode 5),2022-08-25 07:56:11,294,Device Type 0
User 0,Brooklyn Nine-Nine: Season 1: The Vulture (Episode 5),2022-08-25 07:48:45,221,Device Type 0
User 0,Brooklyn Nine-Nine: Season 1: The Vulture (Episode 5),2022-08-25 07:33:40,104,Device Type 0
User 0,Brooklyn Nine-Nine: Season 1: The Vulture (Episode 5),2022-08-25 07:28:57,280,Device Type 0
User 0,Snowpiercer,2022-08-25 07:11:19,206,Device Type 0
User 0,Snowpiercer,2022-08-25 06:04:17,2278,Device Type 0
User 0,Snowpiercer,2022-08-25 05:56:15,1,Device Type 0
User 0,Snowpiercer,2022-08-25 05:06:39,112,Device Type 0
User 0,Snowpiercer,2022-08-25 04:07:37,2908,Device Type 0
User 0,"Snowpiercer: Season 1: First, the Weather Changed (Episode 1)",2022-08-25 03:48:53,421,Device Type 0
User 0,Resurrection: Ertugrul: Season 1: Episode 1,2022-08-25 03:48:49,2,Device Type 0
User 0,Teen Wolf: Season 1: Wolf Moon (Episode 1),2022-08-25 03:48:43,2,Device Type 0
User 0,Keep Breathing: Limited Series: Arrivals (Episode 1),2022-08-25 03:48:37,2,Device Type 0
User 0,Breaking Bad: Season 1: Pilot (Episode 1),2022-08-25 03:48:32,2,Device Type 0
User 0,The 100: Season 1: Pilot (Episode 1),2022-08-25 03:48:20,10,Device Type 0
User 0,Sherdil_hook_primary_16x9,2022-08-25 03:47:54,21,Device Type 0
User 0,Brooklyn Nine-Nine: Season 1: The Vulture (Episode 5),2022-08-24 17:56:47,451,Device Type 0
User 0,Brooklyn Nine-Nine: Season 1: M.E. Time (Episode 4),2022-08-24 17:33:50,1292,Device Type 0
User 0,Brooklyn Nine-Nine: Season 1: The Slump (Episode 3),2022-08-24 17:12:09,1300,Device Type 0
User 0,Brooklyn Nine-Nine: Season 1: The Tagger (Episode 2),2022-08-24 16:51:13,1256,Device Type 0
User 0,Brooklyn Nine-Nine: Season 1: Pilot (Episode 1),2022-08-24 16:41:21,591,Device Type 0
User 0,Brooklyn Nine-Nine: Season 1: Pilot (Episode 1),2022-08-24 16:23:37,804,Device Type 0
User 0,Sherdil: The Pilibhit Saga,2022-08-24 16:22:53,15,Device Type 0
User 0,Sherdil: The Pilibhit Saga,2022-08-24 12:58:37,611,Device Type 0
User 0,Locke & Key: Season 1 - Upper Bound Clip 6,2022-08-24 12:56:49,4,Device Type 0
User 0,Purple Hearts,2022-08-24 12:48:56,444,Device Type 0
User 0,Purple Hearts,2022-08-24 11:32:11,4250,Device Type 0
User 0,Purple Hearts,2022-08-24 10:22:58,1975,Device Type 0
User 0,Purple Hearts,2022-08-24 09:05:19,159,Device Type 0
User 0,Purple Hearts,2022-08-24 08:18:50,381,Device Type 0
User 0,Day Shift,2022-08-24 07:51:29,1534,Device Type 0
User 0,Day Shift,2022-08-24 07:20:51,408,Device Type 0
User 0,Day Shift,2022-08-24 06:02:36,378,Device Type 0
User 0,Day Shift,2022-08-24 05:55:15,72,Device Type 0
User 0,Day Shift,2022-08-24 05:47:02,488,Device Type 0
User 0,Day Shift,2022-08-24 05:11:23,442,Device Type 0
User 0,Trailer: Purple Hearts,2022-08-24 05:09:03,128,Device Type 0
User 0,Genre Specific Moment Clip: Purple Hearts,2022-08-24 05:08:53,4,Device Type 0
User 0,Day Shift,2022-08-24 04:06:16,3053,Device Type 0
User 0,Day Shift,2022-08-24 03:48:06,525,Device Type 0
User 0,Trailer: Day Shift,2022-08-24 03:47:53,11,Device Type 0
User 0,Sherdil_hook_01_16x9,2022-08-24 03:47:39,9,Device Type 0
User 0,Inciting Incident Clip: The Next 365 Days,2022-08-24 03:47:30,7,Device Type 0
User 0,Resurrection: Ertuğrul: Season 3_hook_primary_16x9,2022-08-24 03:47:00,4,Device Type 0
User 0,Vikings: Season 1_hook_primary_16x9,2022-08-24 03:46:49,7,Device Type 0
User 0,The Blacklist: Season 1 - Upper Bound Clip 1,2022-08-24 03:46:42,4,Device Type 0
User 0,Season 3 Plot Clip: Locke & Key,2022-08-24 03:46:31,6,Device Type 0
User 0,Season 5 Teaser: Cobra Kai,2022-08-24 03:46:15,4,Device Type 0
User 0,Argo - Clip 1,2022-08-20 08:13:35,11,Device Type 0
User 0,Persuasion - Clip 1,2022-08-20 08:13:20,10,Device Type 0
User 0,Santa Clarita Diet: Season 2 - Clip 2,2022-08-20 08:13:08,11,Device Type 0
User 0,Bad Teacher - Clip 1,2022-08-20 08:12:54,9,Device Type 0
User 0,The Package - Clip 1,2022-08-20 08:12:12,41,Device Type 0
User 0,Manifest: Season 2: Carry On (Episode 8),2022-08-05 05:59:34,1915,Device Type 0
User 0,Manifest: Season 2: Carry On (Episode 8),2022-08-05 05:39:35,142,Device Type 0
User 0,Manifest: Season 2: Emergency Exit (Episode 7),2022-08-05 04:56:13,2493,Device Type 0
User 0,Manifest: Season 2: Return Trip (Episode 6),2022-08-05 04:13:12,2555,Device Type 0
User 0,Car Masters: Rust to Riches: Season 3: Proof of Concept (Episode 7),2022-08-03 16:57:01,29,Device Type 0
User 0,12 Strong,2022-04-25 14:39:12,13,Device Type 1
User 0,Red Notice,2021-12-05 05:12:31,197,Device Type 7
User 0,Part 5 Volume 2 Villain / Antagonist Clip: La casa de papel,2021-12-05 05:08:54,35,Device Type 7
User 0,The Walking Dead: Season 1: Tell It to the Frogs (Episode 3),2021-10-30 09:15:03,1153,Device Type 7
User 0,The Walking Dead: Season 1: Guts (Episode 2),2021-10-30 06:05:37,2454,Device Type 7
User 0,The Walking Dead: Season 1: Days Gone Bye (Episode 1),2021-10-30 05:44:24,1174,Device Type 7
User 0,The Walking Dead: Season 1: Days Gone Bye (Episode 1),2021-10-30 03:03:59,1522,Device Type 7
User 2,Kappela_hook_05_16x9,2022-06-15 15:14:06,9,Device Type 5
User 2,Horse Tail_hook_03_16x9,2022-06-15 15:13:26,19,Device Type 5
User 2,Varane Avashyamund (Malayalam)_hook_04_16x9,2022-06-15 15:12:19,18,Device Type 5
User 2,Trailer: Paava Kadhaigal,2022-06-15 15:11:52,7,Device Type 5
User 2,Njan Prakashan,2022-06-15 15:09:33,92,Device Type 5
User 2,Njan Prakashan_hook_primary_16x9,2022-06-15 15:09:20,9,Device Type 5
User 2,Oh! Baby… (Tamil Version)_hook_02_16x9,2022-06-15 15:09:06,4,Device Type 5
User 2,Uriyadi 2_hook_primary_16x9,2022-06-15 15:08:47,9,Device Type 5
User 2,Mishan Impossible_hook_03_16x9,2022-06-15 15:08:20,10,Device Type 5
User 2,Nayattu,2022-06-15 15:07:54,11,Device Type 5
User 2,Nayattu_hook_primary_16x9,2022-06-15 15:07:35,16,Device Type 5
User 2,Thottapan_hook_03_16x9,2022-06-15 15:07:13,8,Device Type 5
User 2,Vikruthi_hook_05_16x9,2022-06-15 15:06:50,20,Device Type 5
User 2,Don (Tamil)_hook_04_16x9,2022-06-15 15:06:32,4,Device Type 5
User 2,Main Character Intro Clip: Stranger Things 4,2022-06-15 15:05:55,17,Device Type 5
User 2,Trailer: Don (Tamil),2022-06-14 10:35:28,53,Device Type 5
User 2,CBI 5: The Brain,2022-06-14 08:01:06,9253,Device Type 5
User 2,CBI 5: The Brain (Malayalam)_hook_primary_16x9,2022-06-14 08:00:55,7,Device Type 5
User 2,Stranger Things: Season 1: Chapter One: The Vanishing of Will Byers (Episode 1),2022-06-05 13:59:34,9,Device Type 0
User 2,Stranger Things: Season 1: Chapter One: The Vanishing of Will Byers (Episode 1),2022-06-05 13:57:51,1,Device Type 0
User 2,Stranger Things: Season 1: Chapter One: The Vanishing of Will Byers (Episode 1),2022-06-05 13:57:26,1,Device Type 0
User 2,Stranger Things: Season 1: Chapter One: The Vanishing of Will Byers (Episode 1),2022-06-05 13:55:59,56,Device Type 0
User 2,Stranger Things: Season 1: Chapter One: The Vanishing of Will Byers (Episode 1),2022-06-05 13:55:45,1,Device Type 0
User 2,RRR (Hindi),2022-05-26 12:39:38,573,Device Type 0
User 2,RRR (Hindi),2022-05-26 12:20:44,207,Device Type 0
User 2,RRR (Hindi),2022-05-26 10:39:22,1909,Device Type 0
User 2,RRR (Hindi),2022-05-26 10:36:03,115,Device Type 0
User 2,Mumbai Meri Jaan,2022-05-15 09:03:11,1,Device Type 0
User 2,Mumbai Meri Jaan,2022-05-15 09:02:43,23,Device Type 0
User 2,Asura Guru,2022-05-15 09:02:28,5,Device Type 0
User 2,Mumbai Meri Jaan,2022-05-15 08:47:36,35,Device Type 0
User 2,Thar,2022-05-12 17:42:35,1145,Device Type 0
User 2,Thar,2022-05-11 19:43:42,313,Device Type 0
User 2,Thar,2022-05-11 19:25:39,395,Device Type 0
User 2,Thar,2022-05-11 19:14:30,486,Device Type 0
User 2,Thar,2022-05-11 02:24:12,1708,Device Type 0
User 2,Thar,2022-05-09 18:14:36,847,Device Type 0
User 2,How It Ends,2022-05-08 01:19:20,4428,Device Type 0
User 2,Gangubai Kathiawadi,2022-05-02 11:58:20,4241,Device Type 0
User 2,Gangubai Kathiawadi,2022-05-01 08:56:50,2807,Device Type 0
User 2,Night Drive,2022-04-30 19:17:41,3880,Device Type 0
User 2,Mai: Season 1: Episode 6,2022-04-27 13:44:50,828,Device Type 0
User 2,Season 1 Moment of High Emotion Clip: Mai,2022-04-27 13:44:44,4,Device Type 0
User 2,Mai: Season 1: Episode 6,2022-04-27 13:44:43,2,Device Type 0
User 2,Mai: Season 1: Episode 6,2022-04-27 13:44:36,2,Device Type 0
User 2,Mai: Season 1: Episode 6,2022-04-27 13:44:26,2,Device Type 0
User 2,Season 1 Moment of High Emotion Clip: Mai,2022-04-27 13:44:18,6,Device Type 0
User 2,Mai: Season 1: Episode 6,2022-04-26 19:13:22,2630,Device Type 0
User 2,Mai: Season 1: Episode 6,2022-04-26 18:31:04,432,Device Type 0
User 2,Mai: Season 1: Episode 6,2022-04-26 18:30:54,7,Device Type 0
User 2,Mai: Season 1: Episode 5,2022-04-26 16:14:17,2185,Device Type 0
User 2,Mai: Season 1: Episode 4,2022-04-26 15:26:59,2717,Device Type 0
User 2,Season 1 Main Character Intro Clip: Mai,2022-04-26 15:26:54,4,Device Type 0
User 2,Mai: Season 1: Episode 5,2022-04-26 15:25:14,73,Device Type 0
User 2,Mai: Season 1: Episode 5,2022-04-26 15:24:47,25,Device Type 0
User 2,Mai: Season 1: Episode 5,2022-04-25 18:48:27,181,Device Type 0
User 2,Mai: Season 1: Episode 3,2022-04-25 18:10:37,1355,Device Type 0
User 2,Mai: Season 1: Episode 4,2022-04-25 18:09:49,1,Device Type 0
User 2,Season 1 Moment of High Emotion Clip: Mai,2022-04-25 09:28:58,30,Device Type 0
User 2,Mai: Season 1: Episode 2,2022-04-25 03:31:54,2400,Device Type 0
User 2,Mai: Season 1: Episode 1,2022-04-25 03:17:01,855,Device Type 0
User 2,Mai: Season 1: Episode 2,2022-04-24 15:46:26,75,Device Type 0
User 2,Mai: Season 1: Episode 1,2022-04-24 15:09:16,2119,Device Type 0
User 2,Mai: Season 1: Episode 1,2022-04-24 13:22:35,66,Device Type 0
User 2,Mai: Season 1: Episode 1,2022-04-24 13:22:16,1,Device Type 0
User 2,Mai: Season 1: Episode 1,2022-04-24 13:16:27,333,Device Type 0
User 2,Mai: Season 1: Episode 1,2022-04-24 13:12:06,130,Device Type 0
User 2,Asura Guru,2022-04-24 13:02:04,407,Device Type 0
User 2,Season 1 Moment of High Emotion Clip: Mai,2022-04-24 11:49:03,52,Device Type 0
User 2,Night Drive,2022-04-17 14:31:59,19,Device Type 0
User 2,Night Drive,2022-04-14 16:54:13,68,Device Type 0
User 2,Night Drive,2022-04-14 08:31:27,1832,Device Type 0
User 2,Night Drive_hook_primary_16x9,2022-04-14 08:31:12,12,Device Type 0
User 2,Night Drive,2022-04-13 18:05:22,373,Device Type 0
User 2,Etharkkum Thunindhavan,2022-04-09 19:20:41,6134,Device Type 0
User 2,Etharkkum Thunindhavan_hook_05_16x9,2022-04-09 19:20:33,6,Device Type 0
User 2,Etharkkum Thunindhavan (Hindi),2022-04-09 19:19:29,47,Device Type 0
User 2,Dasvi,2022-04-09 09:41:43,3778,Device Type 0
User 2,Dasvi,2022-04-09 07:46:06,3474,Device Type 0
User 2,Dasvi,2022-04-09 07:42:37,34,Device Type 0
User 2,Eternally Confused and Eager for Love: Season 1: Origin Story (Episode 1),2022-03-19 08:57:45,18,Device Type 0
User 2,Badhaai Do,2022-03-15 18:09:44,1045,Device Type 0
User 2,Badhaai Do,2022-03-15 08:59:36,3120,Device Type 0
User 2,Badhaai Do,2022-03-14 18:23:30,3428,Device Type 0
User 2,The Last Bomb of the Second World War,2022-03-10 17:58:38,3850,Device Type 0
User 2,The Last Bomb of the Second World War,2022-03-10 17:57:03,86,Device Type 0
User 2,The Last Bomb of the Second World War,2022-03-10 17:06:35,2344,Device Type 0
User 2,Worst Roommate Ever: Season 1: Call Me Grandma (Episode 1),2022-03-03 18:10:01,2779,Device Type 0
User 2,Merku Thodarchi Malai,2022-03-02 18:53:36,322,Device Type 0
User 2,Merku Thodarchi Malai,2022-03-02 17:48:23,2486,Device Type 0
User 2,Gunjan Saxena: The Kargil Girl,2022-03-01 18:29:23,936,Device Type 0
User 2,Gunjan Saxena: The Kargil Girl,2022-03-01 17:32:04,225,Device Type 0
User 2,Sudani from Nigeria,2022-03-01 09:51:19,3175,Device Type 0
User 2,Sudani from Nigeria,2022-02-28 19:15:01,984,Device Type 0
User 2,Sudani from Nigeria,2022-02-28 18:07:43,2405,Device Type 0
User 2,Season 1 Trailer: Crime Stories: India Detectives,2022-02-28 18:07:17,7,Device Type 0
User 2,Crime Stories: India Detectives: Season 1: The Stolen Baby (Episode 4),2022-02-28 18:06:32,1,Device Type 0
User 2,Crime Stories: India Detectives: Season 1: The Stolen Baby (Episode 4),2022-02-28 18:06:26,2,Device Type 0
User 2,Crime Stories: India Detectives: Season 1: The Stolen Baby (Episode 4),2022-02-28 17:26:17,2085,Device Type 0
User 2,Crime Stories: India Detectives: Season 1: The Stolen Baby (Episode 4),2022-02-28 17:25:31,37,Device Type 0
User 2,Crime Stories: India Detectives: Season 1: Dying For Protection (Episode 3),2022-02-27 19:14:56,3001,Device Type 0
User 2,Greatest Events of WWII in Colour: Season 1: Blitzkrieg (Episode 1),2022-02-27 19:14:21,29,Device Type 0
User 2,Crime Stories: India Detectives: Season 1: Body In a Bag (Episode 2),2022-02-26 08:06:27,2531,Device Type 0
User 2,Greatest Events of WWII in Colour: Season 1: Blitzkrieg (Episode 1),2022-02-26 07:32:22,39,Device Type 0
User 2,Season 1 Trailer: The Fame Game,2022-02-26 07:31:38,5,Device Type 0
User 2,Crime Stories: India Detectives: Season 1: A Murdered Mother (Episode 1),2022-02-26 03:11:45,2968,Device Type 0
User 2,Uyare,2022-02-25 19:08:02,4640,Device Type 0
User 2,Bad Boy Billionaires: India: Season 1: Diamonds Aren't Forever (Episode 2),2022-02-24 20:02:07,1172,Device Type 0
User 2,Bad Boy Billionaires: India: Season 1: Diamonds Aren't Forever (Episode 2),2022-02-24 19:26:14,1851,Device Type 0
User 2,Bad Boy Billionaires: India: Season 1: The World's Biggest Family (Episode 3),2022-02-24 19:26:12,1,Device Type 0
User 2,Bad Boy Billionaires: India: Season 1: Diamonds Aren't Forever (Episode 2),2022-02-24 19:26:07,3,Device Type 0
User 2,Bad Boy Billionaires: India: Season 1: The World's Biggest Family (Episode 3),2022-02-24 19:25:52,13,Device Type 0
User 2,Bad Boy Billionaires: India: Season 1: Diamonds Aren't Forever (Episode 2),2022-02-24 19:25:42,8,Device Type 0
User 2,Bad Boy Billionaires: India: Season 1: The World's Biggest Family (Episode 3),2022-02-24 17:52:29,3890,Device Type 0
User 2,Bad Boy Billionaires: India: Season 1: Diamonds Aren't Forever (Episode 2),2022-02-24 17:52:25,1,Device Type 0
User 2,Bad Boy Billionaires: India: Season 1: The King of Good Times (Episode 1),2022-02-23 18:19:00,2612,Device Type 0
User 2,Bad Boy Billionaires: India: Season 1: The King of Good Times (Episode 1),2022-02-23 17:52:37,1044,Device Type 0
User 2,Downfall: The Case Against Boeing,2022-02-21 07:49:00,3269,Device Type 0
User 2,Downfall: The Case Against Boeing,2022-02-21 06:58:07,2214,Device Type 0
User 2,Trailer: Downfall: The Case Against Boeing,2022-02-13 14:42:32,114,Device Type 0
User 2,Eeb Allay Ooo!,2022-02-13 10:01:38,4249,Device Type 0
User 2,Looop Lapeta,2022-02-05 15:06:56,1086,Device Type 0
User 2,Minnal Murali,2022-01-26 14:14:58,2481,Device Type 0
User 2,Season 2 Trailer: Dark Desire,2022-01-26 14:14:06,8,Device Type 0
User 2,Season 1 Teaser 1: All of Us Are Dead,2022-01-26 14:13:59,6,Device Type 0
User 2,Trailer: Looop Lapeta,2022-01-26 14:13:53,4,Device Type 0
User 2,Comedy Clip 2: Kapil Sharma: I'm Not Done Yet,2022-01-26 14:13:47,5,Device Type 0
User 2,Minnal Murali,2022-01-25 18:51:19,895,Device Type 0
User 2,Aranyak: Season 1: Episode 8,2022-01-23 18:26:23,562,Device Type 0
User 2,Aranyak: Season 1: Episode 8,2022-01-23 18:23:33,61,Device Type 0
User 2,Aranyak: Season 1: Episode 8,2022-01-23 17:31:36,1703,Device Type 0
User 2,Aranyak: Season 1: Episode 7,2022-01-23 16:42:02,2246,Device Type 0
User 2,Aranyak: Season 1: Episode 6,2022-01-23 16:05:16,1569,Device Type 0
User 2,Aranyak: Season 1: Episode 6,2022-01-23 12:56:47,535,Device Type 0
User 2,Aranyak: Season 1: Episode 5,2022-01-23 12:33:34,1383,Device Type 0
User 2,Aranyak: Season 1: Episode 4,2022-01-23 12:01:15,1917,Device Type 0
User 2,Aranyak: Season 1: Episode 3,2022-01-23 11:07:38,2262,Device Type 0
User 2,Aranyak: Season 1: Episode 2,2022-01-23 10:28:57,2310,Device Type 0
User 2,Aranyak: Season 1: Episode 1,2022-01-23 09:54:54,1566,Device Type 0
User 2,Aranyak: Season 1: Episode 1,2022-01-23 09:25:44,1081,Device Type 0
User 2,Aranyak: Season 1: Episode 1,2022-01-23 08:15:38,126,Device Type 0
User 2,Shyam Singha Roy,2022-01-23 06:40:45,1235,Device Type 0
User 2,Shyam Singha Roy_hook_primary_16x9,2022-01-23 06:40:27,4,Device Type 0
User 2,Breaking Bad: Season 1 - Clip 2,2022-01-22 15:24:11,6,Device Type 0
User 2,Jagame Thandhiram,2022-01-19 18:10:42,2006,Device Type 0
User 2,Jagame Thandhiram,2022-01-19 17:25:44,986,Device Type 0
User 2,Jagame Thandhiram,2022-01-19 16:01:35,1430,Device Type 0
User 2,Jagame Thandhiram,2022-01-19 14:37:16,3880,Device Type 0
User 2,Yeh Kaali Kaali Ankhein: Season 1: The Crying Game (Episode 8),2022-01-16 18:35:17,604,Device Type 0
User 2,Yeh Kaali Kaali Ankhein: Season 1: Seedha Sa Plan (Episode 7),2022-01-16 18:24:03,660,Device Type 0
User 2,Yeh Kaali Kaali Ankhein: Season 1: Jack and Jill (Episode 6),2022-01-16 18:04:22,1029,Device Type 0
User 2,Yeh Kaali Kaali Ankhein: Season 1: Do You Love Me? (Episode 5),2022-01-16 17:39:23,1273,Device Type 0
User 2,Yeh Kaali Kaali Ankhein: Season 1: 4 Goliyaan (Episode 4),2022-01-16 17:24:06,802,Device Type 0
User 2,Yeh Kaali Kaali Ankhein: Season 1: 4 Goliyaan (Episode 4),2022-01-16 15:37:19,723,Device Type 0
User 2,Yeh Kaali Kaali Ankhein: Season 1: Bandook Aur Hawaii Chappal (Episode 3),2022-01-16 15:12:04,1455,Device Type 0
User 2,Yeh Kaali Kaali Ankhein: Season 1: Band Toh Bajega (Episode 2),2022-01-16 12:47:00,797,Device Type 0
User 2,Yeh Kaali Kaali Ankhein: Season 1: Band Toh Bajega (Episode 2),2022-01-16 12:26:33,1058,Device Type 0
User 2,Yeh Kaali Kaali Ankhein: Season 1: Teri Baari Hai (Episode 1),2022-01-16 11:42:33,2188,Device Type 0
User 2,Chandigarh Kare Aashiqui,2022-01-15 16:24:00,1594,Device Type 0
User 2,Chandigarh Kare Aashiqui,2022-01-15 15:09:21,3014,Device Type 0
User 2,Tughlaq Durbar,2022-01-14 15:18:32,88,Device Type 0
User 2,Tughlaq Durbar,2022-01-14 13:50:24,4997,Device Type 0
User 2,Tughlaq Durbar,2022-01-14 13:17:52,1646,Device Type 0
User 2,Moxie - Clip 2,2022-01-08 15:31:21,12,Device Type 0
User 2,Mismatched: Season 1 - Clip 4,2022-01-08 15:31:12,8,Device Type 0
User 2,Russian Doll: Season 1 - Clip 4,2022-01-08 15:31:07,4,Device Type 0
User 2,Selling Sunset: Season 1 - Clip 1,2022-01-08 15:30:57,5,Device Type 0
User 2,Kaaval,2022-01-08 13:09:47,478,Device Type 0
User 2,Kaaval,2022-01-08 11:28:57,4860,Device Type 0
User 2,Inglourious Basterds,2022-01-01 20:03:45,8,Device Type 0
User 2,Inglourious Basterds,2022-01-01 19:20:52,2544,Device Type 0
User 2,Inglourious Basterds,2022-01-01 18:24:06,1318,Device Type 0
User 2,Inglourious Basterds,2022-01-01 16:35:30,937,Device Type 0
User 2,Inglourious Basterds,2022-01-01 09:28:27,2992,Device Type 0
User 2,KD (A) Karuppudurai,2022-01-01 06:21:33,5326,Device Type 0
User 2,KD (A) Karuppudurai,2021-12-31 18:22:05,670,Device Type 0
User 2,Kadaseela Biriyani,2021-12-31 14:26:14,4753,Device Type 0
User 2,KD_hook_02_16x9,2021-12-31 04:59:54,18,Device Type 0
User 2,Kadaseela Biriyani_hook_04_16x9,2021-12-31 04:59:14,9,Device Type 0
User 2,Kadaseela Biriyani_hook_04_16x9,2021-12-31 04:58:32,23,Device Type 0
User 2,Minnal Murali,2021-12-31 04:52:54,248,Device Type 0
User 2,Inglourious Basterds,2021-12-29 18:05:09,1227,Device Type 0
User 2,Inglourious Basterds,2021-12-29 18:04:22,43,Device Type 0
User 2,Doctor (Tamil),2021-12-28 18:12:07,2164,Device Type 0
User 2,Doctor (Tamil),2021-12-28 17:24:19,1407,Device Type 0
User 2,Doctor (Tamil),2021-12-28 14:32:06,4068,Device Type 0
User 2,Doctor (Tamil),2021-12-28 14:31:05,8,Device Type 0
User 2,Kurup (Malayalam),2021-12-27 14:00:07,2082,Device Type 0
User 2,Minnal Murali,2021-12-27 13:53:19,303,Device Type 0
User 2,Red Notice,2021-12-27 11:27:50,674,Device Type 0
User 2,Red Notice,2021-12-27 08:29:56,1103,Device Type 0
User 2,Red Notice,2021-12-26 19:12:06,1190,Device Type 0
User 2,Red Notice,2021-12-26 18:05:07,1492,Device Type 0
User 2,Red Notice,2021-12-26 15:28:44,651,Device Type 0
User 2,Red Notice,2021-12-26 15:01:23,1447,Device Type 0
User 2,Don't Look Up,2021-12-26 14:19:41,892,Device Type 0
User 2,Don't Look Up,2021-12-26 13:42:55,1947,Device Type 0
User 2,Don't Look Up,2021-12-26 13:27:05,591,Device Type 0
User 6,The Eclipse_hook_01_16x9,2023-06-19 04:44:39,7,Device Type 1
User 6,Ayalvaashi,2023-05-20 17:47:09,2211,Device Type 6
User 6,Ayalvaashi,2023-05-20 17:20:35,1,Device Type 6
User 6,Ayalvaashi_hook_primary_16x9,2023-05-20 17:19:10,76,Device Type 6
User 6,Ayalvaashi_hook_primary_16x9,2023-05-20 17:17:32,80,Device Type 6
User 6,Ayalvaashi_hook_primary_16x9,2023-05-19 16:55:22,12,Device Type 0
User 6,Spirit Untamed_hook_01_16x9,2023-05-19 16:55:14,5,Device Type 0
User 6,Iratta_hook_02_16x9,2023-05-19 16:54:43,29,Device Type 0
User 6,Vaathi_hook_01_16x9,2023-05-19 16:54:24,5,Device Type 0
User 6,Rudravanam (Telugu)_hook_primary_16x9,2023-05-19 16:53:50,6,Device Type 0
User 6,Kuttavum Shikshayum,2023-05-19 16:43:01,501,Device Type 0
User 6,Jana Gana Mana,2023-05-19 16:39:43,12,Device Type 0
User 6,Iratta_hook_primary_16x9,2023-05-13 18:35:44,82,Device Type 0
User 6,Dasara (Tamil),2023-05-13 17:59:05,2191,Device Type 0
User 6,Dasara (Tamil),2023-05-13 17:47:24,667,Device Type 0
User 6,Navarasa: Volume 1: Edhiri: Karuṇā (Episode 1),2023-05-08 07:40:08,1309,Device Type 0
User 6,Navarasa: Volume 1: Edhiri: Karuṇā (Episode 1),2023-05-08 07:39:32,26,Device Type 0
User 6,Kumari,2023-05-07 14:09:35,5,Device Type 0
User 6,Dasara (Tamil),2023-05-01 15:13:04,399,Device Type 0
User 6,Dasara (Tamil),2023-05-01 15:06:28,338,Device Type 0
User 6,Spirit Untamed,2023-04-19 15:17:50,17,Device Type 2
User 6,Kannai Nambathe_hook_02_16x9,2023-04-19 15:11:16,10,Device Type 2
User 6,The Babysitter,2023-04-10 09:47:35,13,Device Type 1
User 6,Breaking Bad: Season 3: Kafkaesque (Episode 9),2023-04-08 18:38:40,2,Device Type 1
User 6,Gatta Kusthi,2023-04-04 15:08:27,459,Device Type 1
User 6,Cinemagraph: SpongeBob: Get Cooking,2023-04-04 15:08:03,12,Device Type 1
User 6,The Elephant Whisperers,2023-04-04 14:11:28,2311,Device Type 1
User 6,Sensory Clip: The Elephant Whisperers,2023-04-04 14:10:15,54,Device Type 1
User 6,Cinemagraph: SpongeBob: Get Cooking,2023-04-04 14:08:02,12,Device Type 1
User 6,Money Heist (Trailer),2023-03-28 17:18:19,6,Device Type 2
User 6,Money Heist (Trailer),2023-03-28 17:15:01,18,Device Type 2
User 6,The Elephant Whisperers,2023-03-19 04:02:34,60,Device Type 7
User 6,Gatta Kusthi_hook_03_16x9,2023-03-17 16:06:02,54,Device Type 1
User 6,Gatta Kusthi_hook_03_16x9,2023-03-17 16:04:45,18,Device Type 1
User 6,Gatta Kusthi_hook_03_16x9,2023-03-17 15:56:30,10,Device Type 1
User 6,Love Today_hook_primary_16x9,2023-03-17 15:54:24,67,Device Type 1
User 6,The Elephant Whisperers,2023-03-14 01:37:15,2380,Device Type 0
User 6,Gatta Kusthi,2023-03-11 08:04:49,163,Device Type 0
User 6,Double XL_hook_02_16x9,2023-03-11 08:03:37,41,Device Type 0
User 6,Gatta Kusthi_hook_primary_16x9,2023-03-11 08:03:10,5,Device Type 0
User 6,True Beauty: Season 1_hook_02_16x9,2023-03-11 07:59:35,13,Device Type 0
User 6,Butta Bomma,2023-03-11 07:46:06,532,Device Type 0
User 6,Butta Bomma,2023-03-11 07:35:04,550,Device Type 0
User 6,Butta Bomma,2023-03-10 16:12:34,3,Device Type 0
User 6,Butta Bomma,2023-03-07 15:22:08,2011,Device Type 0
User 6,Butta Bomma,2023-03-07 13:58:57,710,Device Type 0
User 6,Butta Bomma (Kappela remake)_hook_02_16x9,2023-03-07 13:55:09,48,Device Type 0
User 6,Butta Bomma (Kappela remake)_hook_02_16x9,2023-03-07 13:49:25,76,Device Type 0
User 6,Revenge,2023-02-28 17:09:44,2654,Device Type 0
User 6,KD (A) Karuppudurai,2023-02-28 17:04:54,223,Device Type 0
User 6,Sometimes (Trailer),2023-02-28 17:03:45,43,Device Type 0
User 6,Sometimes (Trailer),2023-02-28 17:02:46,57,Device Type 0
User 6,Waltair Veerayya,2023-02-28 17:00:26,12,Device Type 0
User 6,CBI 5: The Brain,2023-02-05 14:10:21,2868,Device Type 7
User 6,Trailer: True Spirit,2023-02-05 14:09:48,7,Device Type 7
User 6,CBI 5: The Brain,2023-02-05 11:24:10,3633,Device Type 7
User 6,Season 1 Trailer: Love to Hate You,2023-02-05 11:23:35,4,Device Type 7
User 6,Viking Wolf,2023-02-05 11:08:40,107,Device Type 7
User 6,Genre Specific Moment Clip: Viking Wolf,2023-02-05 11:08:03,7,Device Type 7
User 6,CBI 5: The Brain,2023-02-04 16:39:05,950,Device Type 7
User 6,Vadh_hook_01_16x9,2023-02-04 15:06:13,47,Device Type 7
User 6,CBI 5: The Brain,2023-01-29 14:11:52,369,Device Type 7
User 6,Boomika (Malayalam)_hook_01_16x9,2023-01-29 14:11:10,6,Device Type 7
User 6,Asura Guru,2023-01-29 14:07:36,165,Device Type 7
User 6,KD (A) Karuppudurai,2023-01-29 13:57:59,484,Device Type 7
User 6,Anbe Sivam_hook_01_16x9,2023-01-29 13:57:48,4,Device Type 7
User 6,Raangi_hook_01_16x9,2023-01-29 13:57:32,8,Device Type 7
User 6,Action Hero_hook_primary_16x9,2023-01-29 13:56:49,13,Device Type 7
User 6,One,2023-01-29 13:15:04,1430,Device Type 7
User 6,One,2023-01-29 11:51:14,2084,Device Type 7
User 6,Raangi_hook_01_16x9,2023-01-29 11:50:55,7,Device Type 7
User 6,One,2023-01-29 11:22:03,1088,Device Type 7
User 6,Spider-Man: No Way Home (Extended Version)_hook_03_16x9,2023-01-29 11:21:24,12,Device Type 7
User 6,One,2023-01-28 16:22:47,4312,Device Type 7
User 6,One,2023-01-28 15:42:24,928,Device Type 7
User 6,Thottapan,2023-01-28 15:34:15,36,Device Type 7
User 6,Trailer: Mission Majnu,2023-01-28 15:24:27,130,Device Type 7
User 6,Major (Malayalam),2023-01-26 13:54:54,104,Device Type 7
User 6,Major (Malayalam),2023-01-26 12:45:50,3268,Device Type 7
User 6,Bodies Bodies Bodies_hook_01_16x9,2023-01-26 12:39:32,71,Device Type 7
User 6,Kaapa,2023-01-26 12:01:48,1490,Device Type 7
User 6,Trailer: Kaapa,2023-01-26 12:00:49,34,Device Type 7
User 6,Minnal Murali,2023-01-26 11:10:30,2558,Device Type 7
User 6,Minnal Murali,2023-01-26 09:06:17,6647,Device Type 7
User 6,Bodies Bodies Bodies_hook_01_16x9,2023-01-26 09:02:12,71,Device Type 7
User 6,Moment of High Emotion Clip: JUNG_E,2023-01-22 23:58:37,8,Device Type 1
User 6,Nitham Oru Vaanam,2023-01-16 16:39:27,1739,Device Type 7
User 6,Where the Crawdads Sing_hook_05_16x9,2023-01-16 16:38:18,10,Device Type 7
User 6,Nitham Oru Vaanam,2023-01-16 08:28:57,1265,Device Type 7
User 6,Nitham Oru Vaanam,2023-01-16 08:28:49,4,Device Type 7
User 6,Varalaru Mukkiyam_hook_primary_16x9,2023-01-16 08:28:31,5,Device Type 7
User 6,Kantara (Hindi),2023-01-15 16:20:56,342,Device Type 0
User 6,Mumbai Mafia: Police vs The Underworld,2023-01-15 07:34:52,456,Device Type 7
User 6,Wild Dog,2023-01-15 01:16:01,6558,Device Type 7
User 6,Etharkkum Thunindhavan_hook_05_16x9,2023-01-15 01:15:37,4,Device Type 7
User 6,Asura Guru_hook_01_16x9,2023-01-15 01:14:07,15,Device Type 7
User 6,Untitled Jeethu Joseph/Karthi Film_hook_primary_16x9,2023-01-15 01:13:29,4,Device Type 7
User 6,Panipat_hook_04_16x9,2023-01-15 01:13:03,13,Device Type 7
User 6,Kannum Kannum Kollaiyadithaal_hook_03_16x9,2023-01-15 01:11:09,71,Device Type 7
User 6,A Star Shoots across the Sky_hook_02_16x9,2023-01-15 01:10:54,6,Device Type 7
User 6,Mugizh_hook_04_16x9,2023-01-15 01:10:28,19,Device Type 7
User 6,Kantara (Hindi),2023-01-15 00:48:51,1122,Device Type 7
User 6,Jana 2022 (Tamil),2023-01-14 16:32:07,1313,Device Type 7
User 6,Nitham Oru Vaanam_hook_01_16x9,2023-01-14 16:28:07,24,Device Type 7
User 6,Kumari,2023-01-14 16:27:12,2,Device Type 7
User 6,Kumari,2023-01-14 15:21:35,3570,Device Type 7
User 6,Kumari,2023-01-14 13:53:31,2856,Device Type 7
User 6,Kumari,2023-01-14 13:36:38,672,Device Type 7
User 6,Buffoon,2023-01-11 12:46:04,2,Device Type 1
User 6,Plot Clip: Athena,2023-01-08 19:27:53,12,Device Type 1
User 6,Buffoon,2023-01-08 16:12:14,2578,Device Type 7
User 6,Mandela,2023-01-08 14:11:27,5923,Device Type 7
User 6,Mandela (Tamil)_hook_03_16x9,2023-01-08 14:09:58,37,Device Type 7
User 6,Kannum Kannum Kollaiyadithaal_hook_02_16x9,2023-01-08 14:09:23,27,Device Type 7
User 6,Muthu_hook_02_16x9,2023-01-08 14:08:56,19,Device Type 7
User 6,Thuglaq_hook_02_16x9,2023-01-08 14:07:51,52,Device Type 7
User 6,Super Deluxe,2023-01-08 13:41:00,1265,Device Type 7
User 6,Game Over (Tamil)_hook_02_16x9,2023-01-08 13:39:28,47,Device Type 7
User 6,The Good Doctor: The Good Doctor: Season 1_hook_02_16x9,2023-01-08 13:36:58,20,Device Type 7
User 6,Moment of High Emotion Clip: Mumbai Mafia: Police vs The Underworld,2023-01-08 13:36:18,31,Device Type 7
User 6,Doctor (Tamil),2023-01-06 16:09:37,1344,Device Type 7
User 6,Nitham Oru Vaanam_hook_05_16x9,2023-01-06 15:55:43,106,Device Type 7
User 6,Bareilly Ki Barfi_hook_primary_16x9,2023-01-06 09:00:29,10,Device Type 1
User 6,Untitled Sun 1 (VS) (to be renamed)_hook_primary_16x9,2023-01-06 08:00:39,10,Device Type 1
User 6,Gatta Kusthi,2023-01-01 15:29:04,3269,Device Type 7
User 6,Matti Kusthi,2023-01-01 15:22:01,73,Device Type 7
User 6,Gatta Kusthi,2023-01-01 14:01:27,3531,Device Type 7
User 6,The Elephant Whisperers,2023-01-01 07:10:52,384,Device Type 7
User 6,Kantara (Hindi),2023-01-01 06:55:41,730,Device Type 7
User 6,Jana 2022 (Tamil),2023-01-01 06:28:03,1429,Device Type 7
User 6,Jana 2022 (Tamil),2023-01-01 05:56:19,902,Device Type 7
User 6,Jana 2022 (Tamil),2023-01-01 05:11:00,2454,Device Type 7
User 6,Untitled Sun 1 (VS) (to be renamed)_hook_primary_16x9,2023-01-01 05:09:37,7,Device Type 7
User 6,Jana 2022 (Tamil),2023-01-01 04:06:14,2048,Device Type 7
User 6,Double XL_hook_02_16x9,2023-01-01 04:04:24,26,Device Type 7
User 6,Jana 2022 (Tamil),2023-01-01 03:43:30,865,Device Type 7
User 6,Wednesday: Season 1: Wednesday's Child Is Full of Woe (Episode 1),2022-12-27 20:09:34,4,Device Type 1
User 6,The Teacher,2022-12-27 18:12:39,6172,Device Type 1
User 6,Season 1 Teaser 1: Wednesday,2022-12-26 13:33:52,21,Device Type 1
User 6,The Teacher (Malayalam Movie)_hook_03_16x9,2022-12-26 13:33:22,4,Device Type 1
User 6,Trailer: Beast of Bangalore: Indian Predator,2022-12-20 17:00:17,20,Device Type 1
User 6,Season 1 Teaser 2: Our Universe,2022-12-20 16:59:40,11,Device Type 1
User 6,Trailer: The Volcano: Rescue from Whakaari,2022-12-20 16:58:25,57,Device Type 1
User 6,Knives Out_hook_primary_16x9,2022-12-20 16:55:25,5,Device Type 1
User 6,Villain / Antagonist Clip: Troll,2022-12-11 19:26:46,10,Device Type 1
User 6,Love Today_hook_04_16x9,2022-12-11 19:26:02,14,Device Type 1
User 6,Padavettu_hook_05_16x9,2022-12-04 17:14:08,4,Device Type 1
User 6,Teaser 2: Troll,2022-12-04 10:09:20,18,Device Type 1
User 6,Puriyatha Puthir_hook_primary_16x9,2022-12-02 10:27:15,29,Device Type 1
User 6,Mugizh_hook_05_16x9,2022-12-02 10:26:26,37,Device Type 1
User 6,A Star Shoots across the Sky_hook_01_16x9,2022-12-02 10:26:05,17,Device Type 1
User 6,Nitham Oru Vaanam_hook_primary_16x9,2022-12-02 10:25:41,15,Device Type 1
User 6,Season 1 Teaser 1: Wednesday,2022-12-02 10:25:29,4,Device Type 1
User 6,Shakini Dakini (Tamil),2022-12-01 08:36:37,3113,Device Type 1
User 6,Shakini Dakini (Tamil),2022-11-30 19:49:11,824,Device Type 1
User 6,Shakini Dakini (Tamil),2022-11-30 18:03:09,2903,Device Type 1
User 6,Shakini Dakini (Tamil),2022-11-30 18:02:43,20,Device Type 1
User 6,Midnight Runners (Tamil Version)_hook_01_16x9,2022-11-30 13:42:49,64,Device Type 1
User 6,Hey Sinamika (Tamil)_hook_primary_16x9,2022-11-30 13:42:44,4,Device Type 1
User 6,Thematic Trailer: Granny,2022-11-30 13:42:16,4,Device Type 1
User 6,"GRUDGE, THE_hook_02_16x9",2022-11-30 13:39:35,9,Device Type 1
User 6,Game Over (Tamil)_hook_02_16x9,2022-11-30 13:39:12,10,Device Type 1
User 6,Boomika_hook_01_16x9,2022-11-30 13:38:37,9,Device Type 1
User 6,Main Character Intro Clip: No One Gets Out Alive,2022-11-30 13:38:07,24,Device Type 1
User 6,Godfather (Telugu remake)_hook_05_16x9,2022-11-30 13:37:54,4,Device Type 1
User 6,Godfather (Telugu remake) (Hindi)_hook_02_16x9,2022-11-30 13:37:46,4,Device Type 1
User 6,Dhokha - Round D Corner_hook_03_16x9,2022-11-30 13:37:01,35,Device Type 1
User 6,Dear Friend,2022-11-29 19:09:16,5454,Device Type 1
User 6,Dear Friend,2022-11-28 19:54:35,210,Device Type 1
User 6,Dear Friend,2022-11-28 18:19:02,1196,Device Type 1
User 6,Kumari,2022-11-27 19:48:12,821,Device Type 1
User 6,Kumari,2022-11-27 17:41:09,3949,Device Type 1
User 6,Padavettu_hook_03_16x9,2022-11-27 17:41:00,6,Device Type 1
User 6,Kumari,2022-11-26 19:49:16,1123,Device Type 1
User 6,Kumari_hook_primary_16x9,2022-11-26 19:49:06,7,Device Type 1
User 6,Get Smart With Money,2022-11-23 16:22:46,4,Device Type 1
User 6,Kumari,2022-11-18 15:23:39,8,Device Type 1
User 6,Minions & More Volume 1,2022-11-18 15:23:17,17,Device Type 1
User 6,Boomika_hook_01_16x9,2022-11-18 13:29:36,10,Device Type 1
User 6,Boomika_hook_01_16x9,2022-11-18 13:29:06,10,Device Type 1
User 6,Dear Friend_hook_05_16x9,2022-11-18 13:28:59,7,Device Type 1
User 6,Dear Friend_hook_05_16x9,2022-11-18 13:28:30,7,Device Type 1
User 6,Dear Friend_hook_05_16x9,2022-11-18 13:27:47,6,Device Type 1
User 6,A Star Shoots across the Sky_hook_02_16x9,2022-11-18 13:27:29,7,Device Type 1
User 6,Kuttavum Shikshayum_hook_05_16x9,2022-11-18 13:27:25,4,Device Type 1
User 6,Stranger Things 4: Season 4 - Clip 2,2022-11-18 13:27:11,5,Device Type 1
User 6,Genre Specific Moment Clip: Minnal Murali,2022-11-18 13:26:57,9,Device Type 1
User 6,Don't Breathe 2_hook_01_16x9,2022-11-18 13:26:40,14,Device Type 1
User 6,Trailer: The White Tiger,2022-11-18 13:26:19,4,Device Type 1
User 6,'83_hook_01_16x9,2022-11-18 13:26:10,4,Device Type 1
User 6,Trailer: The Girl on the Train,2022-11-18 13:25:57,5,Device Type 1
User 6,Ghost Stories (Trailer),2022-11-18 13:23:28,11,Device Type 1
User 6,Midnight Runners (Tamil Version)_hook_01_16x9,2022-11-18 13:23:15,5,Device Type 1
User 6,Plot Clip: The Wonder,2022-11-18 13:23:09,5,Device Type 1
User 6,Krishna Vrinda Vihari_hook_04_16x9,2022-11-18 13:22:50,12,Device Type 1
User 6,Season 1 Plot Clip: 1899,2022-11-18 13:22:42,4,Device Type 1
User 6,Season 1 Plot Clip: 1899,2022-11-18 13:22:30,10,Device Type 1
User 6,Sinam_hook_primary_16x9,2022-11-18 13:22:24,5,Device Type 1
User 6,Kumari_hook_primary_16x9,2022-11-18 13:22:10,8,Device Type 1
User 6,Enola Holmes,2022-11-16 18:10:20,3,Device Type 1
User 6,HIT: The First Case,2022-11-16 18:10:05,4,Device Type 1
User 6,"Monica, O My Darling",2022-11-16 18:06:10,225,Device Type 1
User 6,The Guilty,2022-11-16 18:05:56,6,Device Type 1
User 6,The Platform,2022-11-16 18:05:44,5,Device Type 1
User 6,"Monica, O My Darling",2022-11-16 18:05:30,8,Device Type 1
User 6,The Chalk Line,2022-11-16 17:57:42,4,Device Type 1
User 6,Bullet Train,2022-11-16 17:56:04,86,Device Type 1
User 6,The Ruins,2022-11-16 17:51:17,124,Device Type 1
User 6,Katteri,2022-11-16 17:35:13,938,Device Type 1
User 6,Katteri,2022-11-16 15:17:08,5524,Device Type 1
User 6,Wish Dragon - Upper Bound Clip 14,2022-11-16 15:16:43,7,Device Type 1
User 6,Hometown Cha-Cha-Cha: Season 1_hook_02_16x9,2022-11-16 15:16:31,6,Device Type 1
User 6,Season 1 Trailer: 1899,2022-11-16 09:06:22,103,Device Type 1
User 6,Poochandi,2022-11-15 18:40:00,7032,Device Type 1
User 6,Katteri_hook_04_16x9,2022-11-15 14:38:22,61,Device Type 1
User 6,Run_hook_primary_16x9,2022-11-15 14:31:52,100,Device Type 1
User 6,Satria Dewa: Gatotkaca_hook_primary_16x9,2022-11-15 14:30:26,4,Device Type 1
User 6,"Cliffhanger Clip: Monica, O My Darling",2022-11-15 14:29:03,40,Device Type 1
User 6,Trailer: Falling for Christmas,2022-11-12 07:13:40,130,Device Type 0
User 6,Trailer: Falling for Christmas,2022-11-12 07:13:22,8,Device Type 0
User 6,The Chalk Line,2022-11-09 19:14:35,3,Device Type 1
User 6,BEHINDHEREYESLS_CLIP_PLOT,2022-11-09 17:17:05,16,Device Type 1
User 6,Trailer: Enola Holmes 2,2022-11-08 16:18:44,15,Device Type 1
User 6,The Ghost (Telugu Movie)_hook_03_16x9,2022-11-07 18:49:52,34,Device Type 1
User 6,The Ghost (Telugu Movie)_hook_03_16x9,2022-11-07 18:30:43,28,Device Type 1
User 6,BEHINDHEREYESLS_CLIP_INCITINGINCIDENT,2022-11-04 14:41:19,8,Device Type 1
User 6,Manifest: Season 1_hook_03_16x9,2022-11-04 14:37:22,4,Device Type 1
User 6,The Call,2022-10-30 19:03:30,6437,Device Type 1
User 6,THECALL_CLIP_GENRE,2022-10-30 19:03:19,10,Device Type 1
User 6,Hypnotic,2022-10-27 18:59:34,4972,Device Type 1
User 6,Laal Singh Chaddha,2022-10-27 18:59:13,10,Device Type 1
User 6,The Call,2022-10-27 18:59:06,3,Device Type 1
User 6,Minions & More Volume 1,2022-10-27 18:58:49,7,Device Type 1
User 6,HIT: The First Case,2022-10-27 18:58:32,9,Device Type 1
User 6,The Platform_hook_03_16x9,2022-10-27 17:06:03,26,Device Type 1
User 6,Mirage,2022-10-25 19:10:22,7436,Device Type 1
User 6,Mirage,2022-10-25 19:09:14,1,Device Type 1
User 6,Mirage,2022-10-25 19:07:13,112,Device Type 1
User 6,Inciting Incident Clip: The Chalk Line,2022-10-25 17:01:05,7,Device Type 1
User 6,Minions Compilation_hook_01_16x9,2022-10-25 16:55:06,54,Device Type 1
User 6,"The Mind, Explained: Season 1: Memory (Episode 1)",2022-10-24 18:57:09,125,Device Type 1
User 6,"The Mind, Explained: Season 1: Memory (Episode 1)",2022-10-24 18:52:31,7,Device Type 1
User 6,The Social Dilemma,2022-10-24 18:52:24,2,Device Type 1
User 6,Get Smart With Money,2022-10-24 18:52:18,3,Device Type 1
User 6,The Playbook: Season 1: Doc Rivers: A Coach's Rules for Life (Episode 1),2022-10-24 18:51:57,3,Device Type 1
User 6,Trust No One: The Hunt for the Crypto King,2022-10-24 18:51:47,5,Device Type 1
User 6,The Minimalists: Less Is Now,2022-10-24 18:51:08,35,Device Type 1
User 6,Oru Thekkan Thallu Case,2022-10-24 17:52:33,2534,Device Type 1
User 6,Oru Thekkan Thallu Case,2022-10-24 17:27:29,652,Device Type 1
User 6,"High Context Clip: The Mind, Explained: Season 2",2022-10-24 17:22:20,4,Device Type 1
User 6,"High Context Clip: The Mind, Explained: Season 2",2022-10-24 16:48:02,5,Device Type 1
User 6,"High Context Clip: The Mind, Explained: Season 2",2022-10-24 16:24:10,7,Device Type 1
User 6,Season 1 Trailer: The Playbook,2022-10-24 16:23:49,10,Device Type 1
User 6,"High Context Clip: The Mind, Explained: Season 2",2022-10-24 16:23:32,4,Device Type 1
User 6,The Social Dilemma PVS Clip 2,2022-10-24 16:22:53,5,Device Type 1
User 6,Cliffhanger Clip: Trust No One: The Hunt for the Crypto King,2022-10-24 16:22:15,12,Device Type 1
User 6,Cliffhanger Clip: Trust No One: The Hunt for the Crypto King,2022-10-24 16:21:49,6,Device Type 1
User 6,Oru Thekkan Thallu Case,2022-10-23 18:50:08,5226,Device Type 1
User 6,Mismatched: Season 1 - Clip 4,2022-10-23 18:49:50,4,Device Type 1
User 6,Season 1 Trailer: Bridgerton,2022-10-23 06:29:50,64,Device Type 0
User 6,Wish Dragon - Upper Bound Clip 14,2022-10-23 06:27:08,6,Device Type 0
User 6,Just Go With It,2022-10-18 13:18:33,1298,Device Type 0
User 6,Sh**ting Stars: Season 1_hook_01_16x9,2022-10-18 13:17:02,40,Device Type 0
User 6,Just Go With It,2022-10-08 07:01:32,539,Device Type 0
User 6,Just Go With It_hook_primary_16x9,2022-10-08 07:00:49,37,Device Type 0
User 6,Trailer: Senior Year,2022-10-07 16:11:01,157,Device Type 0
User 6,Senior Year - Clip 6,2022-10-07 16:10:51,4,Device Type 0
User 6,The Perfect Date - Clip 2,2022-10-07 08:35:03,6,Device Type 0
User 6,The Perfect Date PVS Trailer B,2022-10-07 08:34:39,22,Device Type 0
User 6,Senior Year - Clip 6,2022-10-06 15:31:59,5,Device Type 0
User 6,Trailer: A Perfect Pairing,2022-10-06 14:07:29,13,Device Type 0
User 6,Oru Thekkan Thallu Case,2022-10-05 19:38:23,19,Device Type 1
User 6,Ante Sundaraniki (Tamil),2022-10-05 18:44:13,3237,Device Type 1
User 6,Trailer: Plan A Plan B,2022-10-05 18:43:52,17,Device Type 1
User 6,Ante Sundaraniki,2022-10-05 17:01:47,9219,Device Type 0
User 6,Ante Sundaraniki,2022-10-05 17:01:39,2,Device Type 0
User 6,Ante Sundaraniki,2022-10-05 08:39:53,586,Device Type 0
User 6,Work It PVS Trailer B,2022-10-05 08:38:46,36,Device Type 0
User 6,Ante Sundaraniki,2022-10-04 17:55:19,627,Device Type 0
User 6,Ante Sundaraniki_hook_04_16x9,2022-10-04 17:55:13,4,Device Type 0
User 6,Ante Sundaraniki (Tamil),2022-10-04 17:54:44,10,Device Type 0
User 6,He's All That,2022-10-04 17:50:23,241,Device Type 0
User 6,Ante Sundaraniki (Tamil),2022-10-04 17:37:44,6086,Device Type 1
User 6,Ante Sundaraniki (Tamil),2022-10-04 17:37:21,1,Device Type 1
User 6,Ante Sundaraniki (Tamil),2022-10-04 17:34:45,1,Device Type 1
User 6,He's All That,2022-10-04 17:26:56,1382,Device Type 0
User 6,He's All That,2022-10-04 17:24:59,43,Device Type 0
User 6,He's All That,2022-10-04 16:34:11,2783,Device Type 0
User 6,Ante Sundaraniki (Tamil),2022-10-04 15:22:31,1270,Device Type 1
User 6,He's All That,2022-10-04 06:36:00,352,Device Type 0
User 6,He's All That,2022-10-04 06:31:06,251,Device Type 0
User 6,Trailer: He's All That,2022-10-04 06:28:49,133,Device Type 0
User 6,He's All That - Clip 1,2022-10-04 06:28:34,13,Device Type 0
User 6,He's All That - Upper Bound Clip 9,2022-10-04 06:27:27,55,Device Type 0
User 6,Mimi,2022-10-04 06:09:09,1049,Device Type 0
User 6,Ante Sundaraniki,2022-10-03 16:23:00,10,Device Type 1
User 6,Ante Sundaraniki_hook_02_16x9,2022-10-03 16:22:37,19,Device Type 1
User 6,Miss India,2022-10-03 16:19:01,2,Device Type 1
User 6,Mimi,2022-10-03 15:41:16,1288,Device Type 0
User 6,Mimi,2022-10-03 14:14:25,233,Device Type 0
User 6,Mimi,2022-10-03 14:13:43,5,Device Type 0
User 6,Mimi,2022-10-03 11:32:50,235,Device Type 0
User 6,Mimi,2022-10-03 09:43:30,2229,Device Type 0
User 6,Mimi,2022-10-03 04:04:21,1286,Device Type 0
User 6,Mimi,2022-10-03 03:43:57,805,Device Type 0
User 6,Mimi,2022-10-02 15:17:43,760,Device Type 0
User 6,Mimi_hook_primary_16x9,2022-10-02 15:15:32,65,Device Type 0
User 6,Ante Sundaraniki_hook_04_16x9,2022-10-02 15:14:27,33,Device Type 0
User 6,Ante Sundaraniki (Tamil)_hook_primary_16x9,2022-10-02 15:06:44,4,Device Type 0
User 6,Ante Sundaraniki (Tamil)_hook_primary_16x9,2022-10-02 15:05:59,40,Device Type 0
User 6,Ante Sundaraniki (Malayalam)_hook_primary_16x9,2022-10-02 15:03:48,62,Device Type 0
User 6,To All The Boys: Always And Forever - Upper Bound Clip 11,2022-10-02 14:56:21,76,Device Type 0
User 6,Trailer 1: To All the Boys: P.S. I Still Love You,2022-10-02 14:54:49,89,Device Type 0
User 6,To All the Boys I’ve Loved Before - Clip 1 Cutdown,2022-10-02 14:54:21,22,Device Type 0
User 6,To All the Boys I’ve Loved Before (Trailer),2022-10-02 14:51:34,110,Device Type 0
User 6,To All The Boys: Always And Forever - Upper Bound Clip 11,2022-10-02 14:51:01,4,Device Type 0
User 6,"Boo, Bitch: Season 1 - Clip 1",2022-10-01 13:43:06,10,Device Type 0
User 6,"Limited Series Villain / Antagonist Clip: Boo, Bitch",2022-10-01 13:43:00,4,Device Type 0
User 6,Trailer: Wedding Season,2022-10-01 13:40:27,120,Device Type 0
User 6,Inciting Incident Clip: Wedding Season,2022-10-01 13:39:43,23,Device Type 0
User 6,Trailer: Holidate,2022-10-01 13:36:19,50,Device Type 0
User 6,"Trailer: Hello, Goodbye, and Everything in Between",2022-10-01 13:34:37,48,Device Type 0
User 6,Tall Girl 2,2022-09-30 17:33:05,199,Device Type 0
User 6,Tall Girl 2,2022-09-30 15:56:07,3238,Device Type 0
User 6,Tall Girl 2,2022-09-30 14:16:43,1186,Device Type 0
User 6,Tall Girl 2,2022-09-30 14:03:04,526,Device Type 0
User 6,Trailer 2: Tall Girl 2,2022-09-30 14:00:21,113,Device Type 0
User 6,Trailer 2: Tall Girl 2,2022-09-30 13:59:41,32,Device Type 0
User 6,The Royal Treatment,2022-09-25 17:17:26,3820,Device Type 0
User 6,Isn't It Romantic (Trailer),2022-09-25 17:15:02,130,Device Type 0
User 6,Isn't It Romantic_hook_03_16x9,2022-09-25 17:14:10,44,Device Type 0
User 6,Man Vs Bee: Season 1: Chapter 3 (Episode 3),2022-09-24 16:47:49,84,Device Type 6
User 6,Man Vs Bee: Season 1: Chapter 2 (Episode 2),2022-09-24 16:39:11,515,Device Type 6
User 6,Man Vs Bee: Season 1: Chapter 1 (Episode 1),2022-09-24 16:17:52,1033,Device Type 6
User 6,The Royal Treatment,2022-09-23 12:47:53,1108,Device Type 0
User 6,The Royal Treatment,2022-09-23 12:29:42,165,Device Type 0
User 6,Trailer: The Royal Treatment,2022-09-23 08:24:11,4,Device Type 0
User 6,Trailer: The Royal Treatment,2022-09-23 07:52:06,13,Device Type 0
User 6,Oh! Baby,2022-09-23 07:48:12,120,Device Type 0
User 6,Oh! Baby… (Malayalam Version)_hook_primary_16x9,2022-09-23 07:46:07,105,Device Type 0
User 6,Miss India,2022-09-16 14:54:18,685,Device Type 0
User 6,Miss India_hook_01_16x9,2022-09-16 14:53:26,31,Device Type 0
User 6,Thallumaala,2022-09-16 14:51:32,11,Device Type 0
User 6,Business Proposal: Season 1_hook_primary_16x9,2022-09-15 14:22:25,92,Device Type 0
User 6,Student of the Year,2022-09-15 14:17:03,75,Device Type 0
User 6,Student of the Year_hook_04_16x9,2022-09-15 14:15:38,76,Device Type 0
User 6,Supporting Character Clip: The Sea Beast,2022-09-15 14:12:27,92,Device Type 0
User 6,Over the Moon_CLIP_MUSIC_NON2,2022-09-15 14:09:30,143,Device Type 0
User 6,Trailer: Darlings,2022-09-15 14:00:35,139,Device Type 0
User 6,Supporting Character Clip: Darlings,2022-09-15 14:00:25,4,Device Type 0
User 6,Supporting Character Clip: Darlings,2022-09-15 13:59:24,7,Device Type 0
User 6,Mismatched: Season 1 - Clip 4,2022-09-15 13:58:31,4,Device Type 0
User 6,MISMATCHED_S1_CLIP_VILLAIN,2022-09-15 13:58:22,8,Device Type 0
User 6,Season 4 Character Intro Clip: Little Things,2022-09-15 13:57:47,6,Device Type 0
User 6,Ek Villain Returns,2022-09-13 19:26:28,16,Device Type 1
User 6,Thallumaala,2022-09-11 17:27:25,4471,Device Type 1
User 6,Thallumala_hook_05_16x9,2022-09-11 06:18:29,32,Device Type 1
User 6,Supporting Character Clip: The Sea Beast,2022-09-02 04:58:58,13,Device Type 0
User 6,Trailer: Gunjan Saxena: The Kargil Girl,2022-09-02 04:54:49,86,Device Type 0
User 6,Season 3 Genre Specific Moment Clip: Never Have I Ever,2022-09-02 04:54:04,4,Device Type 0
User 6,Vaashi,2022-08-28 18:21:24,2424,Device Type 0
User 6,Vaashi,2022-08-28 15:55:15,4890,Device Type 0
User 6,Vaashi (Malayalam)_hook_01_16x9,2022-08-28 15:55:06,7,Device Type 0
User 6,Season 6 Plot Clip: Peaky Blinders,2022-08-27 17:32:01,4,Device Type 6
User 6,Man Vs Bee: Season 1: Chapter 1 (Episode 1),2022-08-27 16:52:17,702,Device Type 0
User 6,Never Have I Ever: Season 3: ...lived the dream (Episode 10),2022-08-27 16:31:16,1079,Device Type 0
User 6,Never Have I Ever: Season 3: …had an Indian boyfriend (Episode 9),2022-08-27 16:19:39,666,Device Type 0
User 6,Never Have I Ever: Season 3: …had an Indian boyfriend (Episode 9),2022-08-27 16:18:10,14,Device Type 0
User 6,Never Have I Ever: Season 3: …had an Indian boyfriend (Episode 9),2022-08-27 15:33:20,572,Device Type 0
User 6,Never Have I Ever: Season 3: …had an Indian boyfriend (Episode 9),2022-08-27 15:02:35,80,Device Type 0
User 6,Never Have I Ever: Season 3: …had an Indian boyfriend (Episode 9),2022-08-27 14:33:02,24,Device Type 0
User 6,Never Have I Ever: Season 3: ...hooked up with my boyfriend (Episode 8),2022-08-27 14:30:01,177,Device Type 0
User 6,Never Have I Ever: Season 3: ...hooked up with my boyfriend (Episode 8),2022-08-27 11:21:35,1017,Device Type 0
User 6,Never Have I Ever: Season 3: ...cheated (Episode 7),2022-08-27 11:08:52,757,Device Type 0
User 6,Ante Sundaraniki (Tamil),2022-08-27 11:04:45,204,Device Type 0
User 6,Hey Sinamika,2022-08-27 09:30:34,418,Device Type 0
User 6,Hey Sinamika,2022-08-27 09:30:28,1,Device Type 0
User 6,Hey Sinamika (Tamil)_hook_05_16x9,2022-08-27 09:29:19,65,Device Type 0
User 6,Never Have I Ever: Season 3: ...cheated (Episode 7),2022-08-26 15:32:16,553,Device Type 0
User 6,Never Have I Ever: Season 3: ...had a breakdown (Episode 6),2022-08-26 15:31:04,70,Device Type 0
User 6,Never Have I Ever: Season 3: ...had a breakdown (Episode 6),2022-08-26 14:54:53,580,Device Type 0
User 6,Never Have I Ever: Season 3: ...had a breakdown (Episode 6),2022-08-26 14:40:57,4,Device Type 0
User 6,Never Have I Ever: Season 3: ...had a breakdown (Episode 6),2022-08-25 17:16:10,197,Device Type 0
User 6,Never Have I Ever: Season 3: ...been ghosted (Episode 5),2022-08-25 16:58:53,1033,Device Type 0
User 6,Never Have I Ever: Season 3: ...made someone jealous (Episode 4),2022-08-25 16:35:43,1388,Device Type 0
User 6,Never Have I Ever: Season 3: …had a valentine (Episode 3),2022-08-25 16:13:26,1305,Device Type 0
User 6,Never Have I Ever: Season 3: ...had my own troll (Episode 2),2022-08-25 15:50:51,1342,Device Type 0
User 6,Never Have I Ever: Season 3: ...had my own troll (Episode 2),2022-08-24 18:37:47,172,Device Type 0
User 6,Never Have I Ever: Season 3: ...been slut-shamed (Episode 1),2022-08-24 18:17:14,1220,Device Type 0
User 6,Never Have I Ever: Season 2: ... been a perfect girl (Episode 10),2022-08-24 17:52:39,1471,Device Type 0
User 6,Never Have I Ever: Season 2: ... stalked my own mother (Episode 9),2022-08-24 17:49:10,205,Device Type 0
User 6,Jana Gana Mana,2022-08-24 17:27:38,1276,Device Type 0
User 6,Jana Gana Mana,2022-08-24 15:53:20,1165,Device Type 0
User 6,Jana Gana Mana,2022-08-24 08:52:45,324,Device Type 0
User 6,Jana Gana Mana,2022-08-24 06:29:34,1706,Device Type 0
User 6,Jana Gana Mana,2022-08-23 16:34:16,3103,Device Type 0
User 6,Never Have I Ever: Season 2: ... stalked my own mother (Episode 9),2022-08-21 15:47:31,1187,Device Type 0
User 6,Never Have I Ever: Season 2: ... been Daisy Buchanan (Episode 8),2022-08-21 15:43:36,230,Device Type 0
User 6,Never Have I Ever: Season 2: ... been Daisy Buchanan (Episode 8),2022-08-21 07:58:34,813,Device Type 0
User 6,Never Have I Ever: Season 2: ... begged for forgiveness (Episode 7),2022-08-21 07:57:55,34,Device Type 0
User 6,Never Have I Ever: Season 2: ... begged for forgiveness (Episode 7),2022-08-20 18:08:14,704,Device Type 0
User 6,Never Have I Ever: Season 2: ... betrayed a friend (Episode 6),2022-08-20 17:54:33,812,Device Type 0
User 6,Never Have I Ever: Season 2: ... ruined someone's life (Episode 5),2022-08-20 17:29:52,1473,Device Type 0
User 6,Never Have I Ever: Season 2: ... had an Indian frenemy (Episode 4),2022-08-20 17:11:24,1078,Device Type 0
User 6,Never Have I Ever: Season 1 - Clip 3,2022-08-20 17:11:13,8,Device Type 0
User 6,Never Have I Ever: Season 2: ... had an Indian frenemy (Episode 4),2022-08-20 16:22:14,246,Device Type 0
User 6,Never Have I Ever: Season 2: ... opened a textbook (Episode 3),2022-08-20 16:18:49,203,Device Type 0
User 6,Never Have I Ever: Season 1 - Clip 3,2022-08-20 16:18:37,7,Device Type 0
User 6,Never Have I Ever: Season 2: ... opened a textbook (Episode 3),2022-08-20 15:32:17,1076,Device Type 0
User 6,Never Have I Ever: Season 1 - Clip 3,2022-08-20 15:28:22,19,Device Type 0
User 6,Never Have I Ever: Season 2: ... opened a textbook (Episode 3),2022-08-20 13:02:05,81,Device Type 0
User 6,Never Have I Ever: Season 2: ... thrown a rager (Episode 2),2022-08-20 12:40:42,1270,Device Type 0
User 6,Never Have I Ever: Season 2: ... been a playa (Episode 1),2022-08-20 12:22:51,579,Device Type 0
User 6,Never Have I Ever: Season 2: ... been a playa (Episode 1),2022-08-20 07:02:54,291,Device Type 0
User 6,Never Have I Ever: Season 2: ... been a playa (Episode 1),2022-08-19 19:06:56,424,Device Type 0
User 6,Never Have I Ever: Season 1: ... said I'm sorry (Episode 10),2022-08-19 18:49:15,1020,Device Type 0
User 6,Never Have I Ever: Season 1: ... had to be on my best behavior (Episode 9),2022-08-19 18:27:28,1275,Device Type 0
User 6,Never Have I Ever: Season 1: ... pissed off everyone I know (Episode 8),2022-08-19 18:02:09,1495,Device Type 0
User 6,"Never Have I Ever: Season 1: ... been a big, fat liar (Episode 7)",2022-08-19 17:36:02,1244,Device Type 0
User 6,"Never Have I Ever: Season 1: ... been a big, fat liar (Episode 7)",2022-08-19 16:13:07,16,Device Type 0
User 6,"Never Have I Ever: Season 1: ... been a big, fat liar (Episode 7)",2022-08-19 16:09:38,52,Device Type 0
User 6,Never Have I Ever: Season 1: ... been the loneliest boy in the world (Episode 6),2022-08-19 16:08:29,68,Device Type 0
User 6,Jana Gana Mana,2022-08-19 10:05:43,2163,Device Type 0
User 6,Jana Gana Mana,2022-08-19 07:51:48,405,Device Type 0
User 6,Never Have I Ever: Season 1: ... been the loneliest boy in the world (Episode 6),2022-08-14 17:24:51,34,Device Type 0
User 6,"Never Have I Ever: Season 1: ... been a big, fat liar (Episode 7)",2022-08-14 17:24:38,5,Device Type 0
User 6,Never Have I Ever: Season 1: ... been the loneliest boy in the world (Episode 6),2022-08-14 17:24:25,5,Device Type 0
User 6,Never Have I Ever: Season 1: ... started a nuclear war (Episode 5),2022-08-14 17:07:49,987,Device Type 0
User 6,Never Have I Ever: Season 1: ... felt super Indian (Episode 4),2022-08-14 16:48:41,1031,Device Type 0
User 6,The Adam Project,2022-08-14 16:47:55,2088,Device Type 1
User 6,Never Have I Ever: Season 1: ... felt super Indian (Episode 4),2022-08-14 14:52:26,99,Device Type 0
User 6,The Adam Project,2022-08-14 14:38:36,3898,Device Type 1
User 6,Never Have I Ever: Season 1: ... gotten drunk with the popular kids (Episode 3),2022-08-14 14:33:13,1145,Device Type 0
User 6,Supporting Character Clip: The Adam Project,2022-08-14 14:32:54,4,Device Type 1
User 6,Supporting Character Clip: The Adam Project,2022-08-14 14:31:00,95,Device Type 1
User 6,Never Have I Ever: Season 1: ... had sex with Paxton Hall-Yoshida (Episode 2),2022-08-14 14:01:38,1596,Device Type 0
User 6,Never Have I Ever: Season 1: Pilot (Episode 1),2022-08-14 13:48:28,789,Device Type 0
User 6,Never Have I Ever: Season 1: Pilot (Episode 1),2022-08-13 17:33:40,363,Device Type 0
User 6,Never Have I Ever: Season 1: Pilot (Episode 1),2022-08-13 16:19:53,19,Device Type 0
User 6,Never Have I Ever: Season 1: Pilot (Episode 1),2022-08-13 14:33:37,443,Device Type 0
User 6,Never Have I Ever: Season 1 - Clip 3,2022-08-13 14:33:13,10,Device Type 0
User 6,Season 2 Direct Lift Hook: Never Have I Ever,2022-08-13 14:32:59,9,Device Type 0
User 6,Genre Specific Moment Clip: Darlings,2022-08-09 15:05:42,6,Device Type 6
User 6,Major (Hindi Version)_hook_05_16x9,2022-08-09 15:05:22,7,Device Type 6
User 6,Untitled Sun 2 (V) (to be renamed)_hook_02_16x9,2022-08-09 15:04:44,12,Device Type 6
User 6,The Walking Dead: Season 1_hook_primary_16x9,2022-08-09 15:04:08,4,Device Type 6
User 6,Season 1 Teaser: Kung Fu Panda: The Dragon Knight,2022-08-09 15:03:42,13,Device Type 6
User 6,Vaashi (Malayalam)_hook_01_16x9,2022-08-09 15:03:25,5,Device Type 6
User 6,Friends: Season 1_hook_primary_16x9,2022-07-24 09:34:51,7,Device Type 1
User 6,Madagascar: Escape 2 Africa_hook_primary_16x9,2022-07-24 06:45:47,22,Device Type 1
User 6,The Boss Baby: Back in Business: Season 3 (Clip Standard 1),2022-07-24 06:43:43,10,Device Type 1
User 6,Season 4 Trailer: Jurassic World Camp Cretaceous,2022-07-24 06:41:59,10,Device Type 1
User 6,Teaser 2: The Gray Man,2022-07-24 06:40:22,13,Device Type 1
User 6,Season 2 (CJ) Sensory Clip: Indian Predator,2022-07-21 15:16:31,4,Device Type 1
User 6,Ante Sundaraniki (Tamil)_hook_primary_16x9,2022-07-17 09:29:45,53,Device Type 0
User 6,Dear Friend_hook_primary_16x9,2022-07-16 07:22:13,5,Device Type 1
User 6,Manifest: Season 1: Reentry (Episode 2),2022-07-07 08:52:17,5,Device Type 1
User 6,Beast,2022-07-07 08:51:43,24,Device Type 1
User 6,Major (Malayalam),2022-07-07 08:51:16,18,Device Type 1
User 6,Man Vs Bee: Season 1: Chapter 9 (Episode 9),2022-07-06 20:24:48,616,Device Type 1
User 6,Man Vs Bee: Season 1: Chapter 8 (Episode 8),2022-07-06 20:14:50,597,Device Type 1
User 6,Man Vs Bee: Season 1: Chapter 7 (Episode 7),2022-07-06 20:05:23,565,Device Type 1
User 6,Man Vs Bee: Season 1: Chapter 6 (Episode 6),2022-07-06 19:57:00,502,Device Type 1
User 6,Man Vs Bee: Season 1: Chapter 5 (Episode 5),2022-07-06 19:48:30,509,Device Type 1
User 6,Man Vs Bee: Season 1: Chapter 4 (Episode 4),2022-07-06 19:38:07,620,Device Type 1
User 6,Man Vs Bee: Season 1: Chapter 3 (Episode 3),2022-07-06 19:37:44,19,Device Type 1
User 6,Man Vs Bee: Season 1: Chapter 3 (Episode 3),2022-07-04 19:01:13,590,Device Type 1
User 6,Man Vs Bee: Season 1: Chapter 2 (Episode 2),2022-07-04 18:52:13,537,Device Type 1
User 6,Man Vs Bee: Season 1: Chapter 2 (Episode 2),2022-07-04 18:50:36,16,Device Type 1
User 6,Man Vs Bee: Season 1: Chapter 1 (Episode 1),2022-07-04 18:35:41,894,Device Type 1
User 6,Man Vs Bee: Season 1: Chapter 1 (Episode 1),2022-07-02 18:32:35,1,Device Type 1
User 6,Manifest: Season 1_hook_03_16x9,2022-07-02 17:12:53,43,Device Type 1
User 6,Man Vs Bee: Season 1: Chapter 1 (Episode 1),2022-07-02 17:06:23,8,Device Type 1
User 6,Cliffhanger Clip: Stranger Things 4 Volume 2,2022-07-02 07:55:46,19,Device Type 1
User 6,Man Vs Bee: Season 1: Chapter 1 (Episode 1),2022-07-01 08:10:46,180,Device Type 1
User 6,Season 1 Inciting Incident Clip: Man Vs Bee,2022-07-01 08:02:35,4,Device Type 1
User 6,Kuttavum Shikshayum,2022-06-30 18:53:37,8234,Device Type 1
User 6,Kuttavum Shikshayum_hook_primary_16x9,2022-06-30 17:42:59,4,Device Type 1
User 6,RRR (Hindi),2022-06-20 15:55:28,14,Device Type 1
User 6,RRR (Hindi),2022-06-20 06:31:05,9,Device Type 1
User 6,Night Drive,2022-06-20 05:15:23,3982,Device Type 1
User 6,Night Drive,2022-06-19 20:42:38,2573,Device Type 1
User 6,Friends: Season 1_hook_primary_16x9,2022-06-19 19:33:11,5,Device Type 1
User 6,Friends: Season 1_hook_primary_16x9,2022-06-19 19:32:51,6,Device Type 1
User 6,Friends: Season 4 - Clip 1,2022-06-19 19:32:34,7,Device Type 1
User 6,Villain / Antagonist Clip: Spiderhead,2022-06-19 17:39:51,9,Device Type 1
User 6,RRR_hook_02_16x9,2022-06-19 17:38:37,46,Device Type 1
User 6,Don,2022-06-18 19:04:08,9133,Device Type 1
User 6,Etharkkum Thunindhavan,2022-06-15 18:20:53,8277,Device Type 1
User 6,Jana Gana Mana,2022-06-15 16:22:32,1061,Device Type 1
User 6,Don (Tamil)_hook_04_16x9,2022-06-15 16:22:24,4,Device Type 1
User 6,Jana Gana Mana,2022-06-15 14:36:27,4787,Device Type 1
User 6,CBI 5: The Brain,2022-06-14 11:46:50,7882,Device Type 1
User 6,Jana Gana Mana,2022-06-13 19:28:46,5,Device Type 1
User 6,Etharkkum Thunindhavan,2022-06-13 19:28:30,3,Device Type 1
User 6,CBI 5: The Brain,2022-06-13 19:28:21,6,Device Type 1
User 7,Season 1 Trailer 2: The Haunting of Hill House,2023-06-20 10:14:25,4,Device Type 1
User 7,Never Have I Ever: Season 3: …had a valentine (Episode 3),2023-06-19 08:04:43,374,Device Type 0
User 7,Never Have I Ever: Season 3: ...had my own troll (Episode 2),2023-06-19 07:46:08,886,Device Type 0
User 7,Never Have I Ever: Season 3: ...had my own troll (Episode 2),2023-06-19 05:56:18,495,Device Type 0
User 7,Never Have I Ever: Season 3: ...had my own troll (Episode 2),2023-06-18 22:47:02,260,Device Type 0
User 7,Never Have I Ever: Season 3: ...been slut-shamed (Episode 1),2023-06-18 22:21:28,1532,Device Type 0
User 7,Never Have I Ever: Season 2: ... been a perfect girl (Episode 10),2023-06-18 22:12:11,555,Device Type 0
User 7,Never Have I Ever: Season 2: ... been a perfect girl (Episode 10),2023-06-18 22:11:50,12,Device Type 0
User 7,Never Have I Ever: Season 2: ... been a perfect girl (Episode 10),2023-06-18 17:07:07,1248,Device Type 0
User 7,Never Have I Ever: Season 2: ... stalked my own mother (Episode 9),2023-06-18 16:38:00,1724,Device Type 0
User 7,Never Have I Ever: Season 2: ... been Daisy Buchanan (Episode 8),2023-06-18 16:25:20,759,Device Type 0
User 7,Never Have I Ever: Season 2: ... been Daisy Buchanan (Episode 8),2023-06-18 15:40:44,776,Device Type 0
User 7,Never Have I Ever: Season 2: ... begged for forgiveness (Episode 7),2023-06-18 15:34:17,387,Device Type 0
User 7,Never Have I Ever: Season 2: ... begged for forgiveness (Episode 7),2023-06-18 14:20:46,697,Device Type 0
User 7,Never Have I Ever: Season 2: ... begged for forgiveness (Episode 7),2023-06-18 11:34:09,2,Device Type 0
User 7,Never Have I Ever: Season 2: ... begged for forgiveness (Episode 7),2023-06-18 10:32:26,594,Device Type 0
User 7,Never Have I Ever: Season 2: ... betrayed a friend (Episode 6),2023-06-18 10:20:28,596,Device Type 0
User 7,Never Have I Ever: Season 2: ... betrayed a friend (Episode 6),2023-06-18 09:23:01,893,Device Type 0
User 7,Never Have I Ever: Season 2: ... ruined someone's life (Episode 5),2023-06-18 08:48:09,1595,Device Type 0
User 7,Never Have I Ever: Season 2: ... had an Indian frenemy (Episode 4),2023-06-18 08:39:47,501,Device Type 0
User 7,Never Have I Ever: Season 2: ... had an Indian frenemy (Episode 4),2023-06-17 22:09:28,1073,Device Type 0
User 7,Never Have I Ever: Season 2: ... opened a textbook (Episode 3),2023-06-17 21:52:39,1009,Device Type 0
User 7,Skins,2023-06-17 21:52:32,1,Device Type 0
User 7,Never Have I Ever: Season 2: ... opened a textbook (Episode 3),2023-06-17 20:18:07,498,Device Type 0
User 7,Never Have I Ever: Season 2: ... thrown a rager (Episode 2),2023-06-17 19:30:45,1783,Device Type 0
User 7,Never Have I Ever: Season 2: ... been a playa (Episode 1),2023-06-17 19:27:35,190,Device Type 0
User 7,Against The Ice,2023-06-17 17:12:43,1892,Device Type 0
User 7,Never Have I Ever: Season 2: ... been a playa (Episode 1),2023-06-17 17:01:03,265,Device Type 0
User 7,Against The Ice,2023-06-17 16:18:02,844,Device Type 0
User 7,Against The Ice,2023-06-17 16:12:30,5,Device Type 1
User 7,Against The Ice,2023-06-17 16:12:11,9,Device Type 1
User 7,Against The Ice,2023-06-17 16:11:56,9,Device Type 1
User 7,Against The Ice,2023-06-17 16:11:43,9,Device Type 1
User 7,Against The Ice,2023-06-17 16:11:30,9,Device Type 1
User 7,Against The Ice,2023-06-17 16:09:15,127,Device Type 1
User 7,Land_hook_05_16x9,2023-06-17 16:05:38,52,Device Type 1
User 7,Awakenings,2023-06-17 16:02:18,4,Device Type 1
User 7,Awakenings_hook_01_16x9,2023-06-17 16:00:20,98,Device Type 1
User 7,Never Have I Ever: Season 2: ... been a playa (Episode 1),2023-06-17 15:59:59,137,Device Type 0
User 7,Never Have I Ever: Season 2: ... been a playa (Episode 1),2023-06-17 15:50:53,320,Device Type 0
User 7,Never Have I Ever: Season 2: ... been a playa (Episode 1),2023-06-17 15:47:12,50,Device Type 0
User 7,Bird Box Podular: STRAIGHTFORWARD / Sci-Fi - Thriller - Drama,2023-06-17 15:43:16,13,Device Type 0
User 7,Trailer: Against the Ice,2023-06-17 15:42:10,4,Device Type 0
User 7,Trailer:  Awake,2023-06-17 15:35:11,110,Device Type 0
User 7,Trailer: True Spirit,2023-06-17 15:32:27,99,Device Type 0
User 7,Trailer: Against the Ice,2023-06-17 15:29:04,85,Device Type 0
User 7,Never Have I Ever: Season 2: ... been a playa (Episode 1),2023-06-17 13:21:59,511,Device Type 0
User 7,Never Have I Ever: Season 2: ... been a playa (Episode 1),2023-06-17 12:21:35,111,Device Type 0
User 7,Never Have I Ever: Season 1: ... said I'm sorry (Episode 10),2023-06-17 12:17:01,272,Device Type 0
User 7,Never Have I Ever: Season 1: ... said I'm sorry (Episode 10),2023-06-17 11:01:59,772,Device Type 0
User 7,Never Have I Ever: Season 1: ... said I'm sorry (Episode 10),2023-06-17 10:43:00,575,Device Type 0
User 7,Never Have I Ever: Season 1: ... had to be on my best behavior (Episode 9),2023-06-17 10:37:43,316,Device Type 0
User 7,Never Have I Ever: Season 1: ... had to be on my best behavior (Episode 9),2023-06-17 09:46:15,1066,Device Type 0
User 7,Never Have I Ever: Season 1: ... pissed off everyone I know (Episode 8),2023-06-17 09:17:15,1479,Device Type 0
User 7,Never Have I Ever: Season 1: ... pissed off everyone I know (Episode 8),2023-06-17 09:12:33,60,Device Type 0
User 7,Never Have I Ever: Season 1: ... pissed off everyone I know (Episode 8),2023-06-16 20:05:14,145,Device Type 0
User 7,"Never Have I Ever: Season 1: ... been a big, fat liar (Episode 7)",2023-06-16 19:45:42,1142,Device Type 0
User 7,"Never Have I Ever: Season 1: ... been a big, fat liar (Episode 7)",2023-06-16 19:39:11,251,Device Type 0
User 7,Never Have I Ever: Season 1: ... been the loneliest boy in the world (Episode 6),2023-06-16 19:24:09,842,Device Type 0
User 7,Never Have I Ever: Season 1: ... been the loneliest boy in the world (Episode 6),2023-06-16 19:15:04,469,Device Type 0
User 7,Never Have I Ever: Season 1: ... started a nuclear war (Episode 5),2023-06-16 19:12:01,182,Device Type 0
User 7,Never Have I Ever: Season 1: ... started a nuclear war (Episode 5),2023-06-16 18:30:39,1488,Device Type 0
User 7,Never Have I Ever: Season 1: ... felt super Indian (Episode 4),2023-06-16 18:04:38,1252,Device Type 0
User 7,Never Have I Ever: Season 1: ... gotten drunk with the popular kids (Episode 3),2023-06-16 17:50:20,789,Device Type 0
User 7,Never Have I Ever: Season 1: ... gotten drunk with the popular kids (Episode 3),2023-06-16 17:36:15,285,Device Type 0
User 7,Never Have I Ever: Season 1 PVS Trailer A,2023-06-16 17:36:04,7,Device Type 0
User 7,Never Have I Ever: Season 1: ... gotten drunk with the popular kids (Episode 3),2023-06-16 14:11:17,549,Device Type 0
User 7,Never Have I Ever: Season 1: ... had sex with Paxton Hall-Yoshida (Episode 2),2023-06-16 13:41:02,1695,Device Type 0
User 7,Never Have I Ever: Season 1: Pilot (Episode 1),2023-06-16 13:38:52,117,Device Type 0
User 7,Mission Majnu,2023-06-15 08:37:56,2900,Device Type 1
User 7,20th Century Girl,2023-06-15 07:19:08,482,Device Type 1
User 7,Skins,2023-06-14 21:01:00,316,Device Type 0
User 7,She: Season 1: The Proposal (Episode 2),2023-06-14 18:20:33,253,Device Type 1
User 7,She: Season 1: The Pickup (Episode 1),2023-06-14 18:16:19,231,Device Type 1
User 7,20th Century Girl,2023-06-14 17:38:40,3066,Device Type 1
User 7,Top Secret UFO Projects: Declassified: Season 1: Project Blue Book Unknown (Episode 1),2023-06-14 10:22:31,415,Device Type 0
User 7,Unsolved Mysteries: Volume 3: Mystery at Mile Marker 45 (Episode 1),2023-06-14 10:20:43,88,Device Type 0
User 7,Human: The World Within: Season 1: React (Episode 1),2023-06-14 10:13:53,361,Device Type 0
User 7,Human: The World Within: Season 1 - CLM 9,2023-06-14 10:13:39,11,Device Type 0
User 7,Skins,2023-06-14 09:36:41,1254,Device Type 0
User 7,Skins,2023-06-13 16:19:39,2,Device Type 0
User 7,Qala,2023-06-12 15:48:11,2659,Device Type 1
User 7,Main Character Intro Clip: Qala,2023-06-12 15:48:03,4,Device Type 1
User 7,Skins,2023-06-11 18:59:54,501,Device Type 0
User 7,Season 4 Trailer: Never Have I Ever,2023-06-10 16:34:27,96,Device Type 1
User 7,365 Days,2023-06-10 16:31:57,121,Device Type 1
User 7,Chhota Bheem: Journey to Petra,2023-06-10 14:17:39,796,Device Type 1
User 7,Chhota Bheem: Journey to Petra,2023-06-10 14:07:10,609,Device Type 1
User 7,Mersal,2023-06-10 08:26:19,830,Device Type 1
User 7,Doctor (Tamil),2023-06-10 08:16:47,435,Device Type 1
User 7,The Conjuring: The Devil Made Me Do It,2023-06-07 19:35:45,2125,Device Type 0
User 7,The Conjuring: The Devil Made Me Do It_hook_02_16x9,2023-06-07 19:34:41,6,Device Type 0
User 7,The Conjuring: The Devil Made Me Do It_hook_02_16x9,2023-06-07 19:34:25,9,Device Type 0
User 7,The Conjuring: The Devil Made Me Do It_hook_02_16x9,2023-06-07 19:33:50,20,Device Type 0
User 7,The Conjuring_hook_primary_16x9,2023-06-07 19:33:38,5,Device Type 0
User 7,The Good Doctor: Season 2: Hubert (Episode 7),2023-06-07 12:24:47,792,Device Type 0
User 7,The Good Doctor: Season 2: Hubert (Episode 7),2023-06-06 13:02:15,205,Device Type 0
User 7,Dilwale,2023-06-01 03:28:44,2406,Device Type 1
User 7,Rudravanam (Telugu)_hook_primary_16x9,2023-05-29 09:47:47,55,Device Type 0
User 7,Ayalvaashi,2023-05-29 08:45:17,271,Device Type 0
User 7,Rudravanam (Telugu)_hook_primary_16x9,2023-05-29 01:03:39,73,Device Type 0
User 7,Ayalvaashi,2023-05-29 00:25:47,2267,Device Type 0
User 7,Ayalvaashi,2023-05-28 23:20:00,3229,Device Type 0
User 7,The Good Doctor: Season 2: Hubert (Episode 7),2023-05-25 13:03:54,172,Device Type 0
User 7,The Good Doctor: Season 2: Hubert (Episode 7),2023-05-25 12:57:35,297,Device Type 0
User 7,Mersal,2023-05-18 18:37:00,308,Device Type 1
User 7,Annaatthe,2023-05-18 18:15:33,1055,Device Type 1
User 7,'83_hook_primary_16x9,2023-05-18 15:32:51,41,Device Type 1
User 7,365 Days,2023-05-18 15:32:28,15,Device Type 1
User 7,365 Days,2023-05-18 14:54:37,132,Device Type 1
User 7,Annaatthe,2023-05-18 13:13:31,1060,Device Type 1
User 7,Jana Gana Mana,2023-05-18 09:34:01,1213,Device Type 1
User 7,DAHMER: Monster: The Jeffrey Dahmer Story: Episode One,2023-05-17 22:31:13,2377,Device Type 0
User 7,The Jeffrey Dahmer Story Upper Bound Clip 12: DAHMER: Monster,2023-05-17 22:30:56,10,Device Type 0
User 7,Sanju,2023-05-17 14:31:51,1711,Device Type 1
User 7,The Good Doctor: Season 2: Hubert (Episode 7),2023-05-17 06:43:27,210,Device Type 0
User 7,The Elephant Whisperers,2023-05-15 21:05:02,2410,Device Type 0
User 7,Character Intro Clip: The Elephant Whisperers,2023-05-15 21:04:51,5,Device Type 0
User 7,Tu Jhoothi Main Makkaar,2023-05-15 17:04:48,1205,Device Type 1
User 7,Tu Jhoothi Main Makkaar,2023-05-15 16:49:08,236,Device Type 1
User 7,The Good Doctor: Season 2: Hubert (Episode 7),2023-05-14 17:43:47,691,Device Type 0
User 7,The Good Doctor: Season 2: Two-ply (or Not Two-ply) (Episode 6),2023-05-14 17:27:11,992,Device Type 0
User 7,Jagame Thandhiram,2023-05-08 03:18:30,402,Device Type 0
User 7,Jagame Thandhiram,2023-05-07 19:32:41,194,Device Type 0
User 7,Tu Jhoothi Main Makkaar,2023-05-07 18:58:39,719,Device Type 1
User 7,Jagame Thandhiram,2023-05-07 18:43:51,2436,Device Type 0
User 7,Ae Dil Hai Mushkil,2023-05-07 18:34:33,1352,Device Type 1
User 7,Bulbbul,2023-05-07 18:28:55,308,Device Type 1
User 7,Bulbbul,2023-05-07 18:11:44,970,Device Type 1
User 7,The Good Doctor: Season 2: Two-ply (or Not Two-ply) (Episode 6),2023-05-07 10:20:40,607,Device Type 0
User 7,Anacondas: The Hunt for the Blood Orchid,2023-05-06 11:23:41,1694,Device Type 1
User 7,Jaoon Kahan Bata Ae Dil,2023-05-05 20:59:29,2144,Device Type 1
User 7,Jaoon Kahan Bata Ae Dil (Trailer),2023-05-05 20:58:38,49,Device Type 1
User 7,Taxi No. 9211: Nau Do Gyarah,2023-05-05 20:58:03,7,Device Type 1
User 7,Trailer: Queen Charlotte: A Bridgerton Story,2023-05-04 15:09:30,11,Device Type 1
User 7,Bram Stoker's Dracula,2023-05-04 14:51:12,1040,Device Type 1
User 7,Tu Jhoothi Main Makkaar,2023-05-04 13:19:00,1229,Device Type 1
User 7,Qismat_hook_03_16x9,2023-05-04 13:18:27,6,Device Type 1
User 7,Tu Jhoothi Main Makkaar,2023-05-04 10:52:21,1176,Device Type 1
User 7,Tu Jhoothi Main Makkaar,2023-05-04 10:08:45,2560,Device Type 1
User 7,Dasara (Tamil),2023-05-02 15:49:40,3852,Device Type 0
User 7,Sex/Life: Season 1: The Wives Are in Connecticut (Episode 1),2023-05-02 11:30:32,590,Device Type 1
User 7,Sex/Life: Season 1: The Wives Are in Connecticut (Episode 1),2023-05-02 11:23:03,247,Device Type 1
User 7,Season 2 Genre Specific Moment Clip 2: Sex/Life,2023-05-02 11:22:39,10,Device Type 1
User 7,Stranger Things: Stranger Things 4: Chapter Nine: The Piggyback (Episode 9),2023-05-02 10:47:45,160,Device Type 1
User 7,Breaking Bad: Season 5: Felina (Episode 16),2023-05-02 09:52:25,3235,Device Type 1
User 7,Breaking Bad: Season 5: Felina (Episode 16),2023-05-02 09:51:35,40,Device Type 1
User 7,Breaking Bad: Season 1_hook_03_16x9,2023-05-02 09:51:29,5,Device Type 1
User 7,Breaking Bad: Season 5: Granite State (Episode 15),2023-05-02 09:24:32,1579,Device Type 1
User 7,Breaking Bad: Season 5: Granite State (Episode 15),2023-05-01 22:10:19,1601,Device Type 1
User 7,Breaking Bad: Season 1_hook_03_16x9,2023-05-01 22:10:07,10,Device Type 1
User 7,Breaking Bad: Season 5: Ozymandias (Episode 14),2023-05-01 21:23:46,2771,Device Type 1
User 7,Breaking Bad: Season 5: To'hajiilee (Episode 13),2023-05-01 20:38:29,2716,Device Type 1
User 7,Breaking Bad: Season 5: Rabid Dog (Episode 12),2023-05-01 20:19:26,1135,Device Type 1
User 7,Squid Game: Season 1: One Lucky Day (Episode 9),2023-05-01 12:27:03,734,Device Type 1
User 7,Squid Game: Season 1: Front Man (Episode 8),2023-05-01 12:24:09,171,Device Type 1
User 7,Squid Game: Season 1: VIPS (Episode 7),2023-05-01 12:15:00,495,Device Type 1
User 7,Squid Game: Season 1: Gganbu (Episode 6),2023-05-01 12:10:26,219,Device Type 1
User 7,Squid Game: Season 1: A Fair World (Episode 5),2023-05-01 12:08:53,66,Device Type 1
User 7,Squid Game: Season 1: Stick to the Team (Episode 4),2023-05-01 12:08:11,16,Device Type 1
User 7,Squid Game: Season 1: A Fair World (Episode 5),2023-05-01 12:06:46,65,Device Type 1
User 7,Squid Game: Season 1 - CLM 3,2023-05-01 12:06:24,14,Device Type 1
User 7,Breaking Bad: Season 5: Rabid Dog (Episode 12),2023-04-30 14:41:37,922,Device Type 1
User 7,The Good Doctor: Season 2: Two-ply (or Not Two-ply) (Episode 6),2023-04-30 09:10:52,948,Device Type 0
User 7,The Good Doctor: Season 2: Carrots (Episode 5),2023-04-30 09:03:43,419,Device Type 0
User 7,The Good Doctor: Season 2: Carrots (Episode 5),2023-04-29 10:49:28,1119,Device Type 0
User 7,Breaking Bad: Season 5: Rabid Dog (Episode 12),2023-04-28 10:50:00,517,Device Type 1
User 7,The Possession of Hannah Grace_hook_03_16x9,2023-04-28 10:22:55,34,Device Type 1
User 7,Breaking Bad: Season 5: Rabid Dog (Episode 12),2023-04-27 21:11:31,251,Device Type 1
User 7,Breaking Bad: Season 5: Confessions (Episode 11),2023-04-27 20:23:56,2838,Device Type 1
User 7,Breaking Bad: Season 5: Buried (Episode 10),2023-04-27 19:24:53,2811,Device Type 1
User 7,Breaking Bad: Season 5: Blood Money (Episode 9),2023-04-27 19:19:00,353,Device Type 1
User 7,Breaking Bad: Season 5: Blood Money (Episode 9),2023-04-27 19:11:23,59,Device Type 1
User 7,Dasara (Tamil)_hook_primary_16x9,2023-04-27 18:35:40,84,Device Type 1
User 7,The Next 365 Days,2023-04-27 18:29:31,324,Device Type 1
User 7,Trailer: Dasara,2023-04-27 18:27:29,104,Device Type 1
User 7,365 Days,2023-04-27 18:11:22,900,Device Type 1
User 7,Limited Series Plot Clip: Obsession,2023-04-27 18:10:00,28,Device Type 1
User 7,Breaking Bad: Season 5: Blood Money (Episode 9),2023-04-27 17:52:00,2349,Device Type 1
User 7,Breaking Bad: Season 5: Gliding Over All (Episode 8),2023-04-27 17:48:43,196,Device Type 1
User 7,Breaking Bad: Season 5: Gliding Over All (Episode 8),2023-04-27 17:09:09,2335,Device Type 1
User 7,Breaking Bad: Season 5: Gliding Over All (Episode 8),2023-04-27 10:34:50,267,Device Type 1
User 7,Breaking Bad: Season 5: Say My Name (Episode 7),2023-04-27 09:42:30,2782,Device Type 1
User 7,Breaking Bad: Season 5: Buyout (Episode 6),2023-04-27 08:50:55,2787,Device Type 1
User 7,Breaking Bad: Season 5: Dead Freight (Episode 5),2023-04-27 08:49:37,63,Device Type 1
User 7,Breaking Bad: Season 5: Fifty-One (Episode 4),2023-04-27 08:49:04,22,Device Type 1
User 7,Breaking Bad: Season 5: Hazard Pay (Episode 3),2023-04-27 08:48:26,22,Device Type 1
User 7,Breaking Bad: Season 5: Madrigal (Episode 2),2023-04-27 08:47:39,37,Device Type 1
User 7,Breaking Bad: Season 5: Live Free Or Die (Episode 1),2023-04-26 21:39:14,8,Device Type 1
User 7,Breaking Bad: Season 4: Bullet Points (Episode 4),2023-04-26 21:38:08,29,Device Type 1
User 7,Breaking Bad: Season 5: Buyout (Episode 6),2023-04-26 21:37:42,5,Device Type 1
User 7,Breaking Bad: Season 5: Dead Freight (Episode 5),2023-04-26 20:50:41,2820,Device Type 1
User 7,Breaking Bad: Season 5: Fifty-One (Episode 4),2023-04-26 20:19:38,1861,Device Type 1
User 7,Breaking Bad: Season 5: Fifty-One (Episode 4),2023-04-26 19:57:26,961,Device Type 1
User 7,Breaking Bad: Season 5: Hazard Pay (Episode 3),2023-04-26 19:09:50,2779,Device Type 1
User 7,Breaking Bad: Season 5: Madrigal (Episode 2),2023-04-26 18:55:52,821,Device Type 1
User 7,Breaking Bad: Season 5: Madrigal (Episode 2),2023-04-26 18:12:56,1918,Device Type 1
User 7,Breaking Bad: Season 5: Madrigal (Episode 2),2023-04-26 18:01:48,62,Device Type 1
User 7,Breaking Bad: Season 5: Madrigal (Episode 2),2023-04-25 23:11:41,17,Device Type 1
User 7,Breaking Bad: Season 5: Live Free Or Die (Episode 1),2023-04-25 22:29:42,2518,Device Type 1
User 7,Breaking Bad: Season 4: Face Off (Episode 13),2023-04-25 21:38:54,3011,Device Type 1
User 7,Breaking Bad: Season 4: End Times (Episode 12),2023-04-25 20:53:55,2698,Device Type 1
User 7,Breaking Bad: Season 4: Crawl Space (Episode 11),2023-04-25 20:07:54,2759,Device Type 1
User 7,Breaking Bad: Season 4: Salud (Episode 10),2023-04-25 19:47:50,1202,Device Type 1
User 7,Fidaa,2023-04-25 16:44:36,16,Device Type 1
User 7,Breaking Bad: Season 4: Salud (Episode 10),2023-04-25 14:16:58,466,Device Type 1
User 7,Breaking Bad: Season 1_hook_04_16x9,2023-04-25 14:16:46,10,Device Type 1
User 7,Breaking Bad: Season 4: Crawl Space (Episode 11),2023-04-25 14:16:27,4,Device Type 1
User 7,Breaking Bad: Season 4: Salud (Episode 10),2023-04-25 14:16:08,15,Device Type 1
User 7,Breaking Bad: Season 4: Salud (Episode 10),2023-04-25 13:52:56,1225,Device Type 1
User 7,Breaking Bad: Season 4: Bug (Episode 9),2023-04-25 13:42:50,604,Device Type 1
User 7,Breaking Bad: Season 4: Bug (Episode 9),2023-04-25 12:37:14,2194,Device Type 1
User 7,Breaking Bad: Season 4: Hermanos (Episode 8),2023-04-25 11:50:25,2775,Device Type 1
User 7,Breaking Bad: Season 4: Problem Dog (Episode 7),2023-04-25 10:50:36,2784,Device Type 1
User 7,Breaking Bad: Season 4: Cornered (Episode 6),2023-04-25 10:01:14,2779,Device Type 1
User 7,Breaking Bad: Season 4: Cornered (Episode 6),2023-04-25 09:57:56,45,Device Type 1
User 7,Money Heist (Trailer),2023-04-24 19:21:36,79,Device Type 1
User 7,The Twilight Saga: Breaking Dawn: Part 2,2023-04-24 19:21:16,9,Device Type 1
User 7,Fifty Shades Darker_hook_primary_16x9,2023-04-24 19:20:15,43,Device Type 1
User 7,The Next 365 Days,2023-04-24 19:13:24,369,Device Type 1
User 7,Season 1 Trailer: Bridgerton,2023-04-24 19:10:05,164,Device Type 1
User 7,365 Days,2023-04-24 19:08:52,51,Device Type 1
User 7,Breaking Bad: Season 4: Shotgun (Episode 5),2023-04-24 17:41:19,1478,Device Type 1
User 7,Season 1 Trailer: She,2023-04-24 11:52:22,67,Device Type 1
User 7,365 Days,2023-04-24 11:51:56,14,Device Type 1
User 7,365 Days,2023-04-24 11:43:57,432,Device Type 1
User 7,Season 1 Trailer: Sex Education,2023-04-24 04:15:53,112,Device Type 1
User 7,365 Days,2023-04-24 04:09:08,366,Device Type 1
User 7,365 Days - Upper Bound Clip 6,2023-04-24 04:09:00,5,Device Type 1
User 7,Ouija_hook_primary_16x9,2023-04-24 04:08:29,14,Device Type 1
User 7,The Next 365 Days,2023-04-24 03:56:45,660,Device Type 1
User 7,Breaking Bad: Season 4: Shotgun (Episode 5),2023-04-23 19:20:00,1302,Device Type 1
User 7,Season 6 Trailer: Lucifer,2023-04-23 19:17:12,72,Device Type 1
User 7,365 Days: This Day,2023-04-23 18:46:19,1764,Device Type 1
User 7,Season 1 Trailer: Dark Desire,2023-04-23 18:45:53,4,Device Type 1
User 7,The Next 365 Days,2023-04-23 18:31:58,746,Device Type 1
User 7,Breaking Bad: Season 4: Bullet Points (Episode 4),2023-04-23 18:28:24,765,Device Type 1
User 7,Breaking Bad: Season 4: Bullet Points (Episode 4),2023-04-23 17:55:25,1908,Device Type 1
User 7,365 Days,2023-04-23 15:01:05,359,Device Type 1
User 7,Season 1 Trailer: Business Proposal,2023-04-23 14:55:06,27,Device Type 1
User 7,The Next 365 Days,2023-04-23 14:35:54,981,Device Type 1
User 7,Fifty Shades of Grey_hook_primary_16x9,2023-04-23 09:43:14,49,Device Type 1
User 7,365 Days,2023-04-23 09:30:30,665,Device Type 1
User 7,365 Days - Upper Bound Clip 6,2023-04-23 09:28:46,81,Device Type 1
User 7,Season 1 Trailer 2: Sex/Life,2023-04-23 07:04:07,60,Device Type 1
User 7,365 Days,2023-04-23 06:51:06,707,Device Type 1
User 7,The Vampire Diaries: Season 1_hook_primary_16x9,2023-04-23 06:49:59,15,Device Type 1
User 7,The Next 365 Days,2023-04-23 06:35:37,795,Device Type 1
User 7,Bram Stoker's Dracula,2023-04-22 20:24:52,501,Device Type 1
User 7,Trailer: The Next 365 Days,2023-04-22 19:20:32,112,Device Type 1
User 7,365 Days: This Day,2023-04-22 19:20:06,19,Device Type 1
User 7,365 Days: This Day,2023-04-22 19:02:49,980,Device Type 1
User 7,365 Days: This Day,2023-04-22 18:28:52,491,Device Type 1
User 7,Main Character Intro Clip: 365 Days: This Day,2023-04-22 18:28:33,16,Device Type 1
User 7,Bram Stoker's Dracula,2023-04-22 18:27:56,2,Device Type 1
User 7,Trailer: 365 Days: This Day,2023-04-22 18:25:58,105,Device Type 1
User 7,Bram Stoker's Dracula,2023-04-22 18:25:46,8,Device Type 1
User 7,365 Days,2023-04-22 17:27:34,1859,Device Type 1
User 7,365 Days - Upper Bound Clip 6,2023-04-22 17:27:21,7,Device Type 1
User 7,Season 2 Genre Specific Moment Clip 2: Sex/Life,2023-04-22 17:26:40,30,Device Type 1
User 7,365 Days - Upper Bound Clip 6,2023-04-22 17:25:43,12,Device Type 1
User 7,Bram Stoker's Dracula,2023-04-22 17:18:40,316,Device Type 1
User 7,Bram Stoker's Dracula,2023-04-22 16:51:13,1577,Device Type 1
User 7,Bram Stoker's Dracula,2023-04-22 16:25:39,39,Device Type 1
User 7,Bram Stoker's Dracula,2023-04-22 16:21:12,257,Device Type 1
User 7,Kurup_hook_05_16x9,2023-04-22 13:20:03,4,Device Type 1
User 7,Ouija: Origin of Evil,2023-04-20 12:06:35,3393,Device Type 11
User 7,Annabelle: Creation,2023-04-20 12:04:50,60,Device Type 11
User 7,Ouija: Origin of Evil,2023-04-20 12:03:50,2,Device Type 11
User 7,Kurup (Malayalam),2023-04-20 08:30:30,917,Device Type 1
User 7,Breaking Bad: Season 4: Open House (Episode 3),2023-04-18 20:31:27,1968,Device Type 1
User 7,Breaking Bad: Season 4: Open House (Episode 3),2023-04-18 20:14:26,760,Device Type 1
User 7,Kumari,2023-04-17 18:31:44,1482,Device Type 1
User 7,Don,2023-04-17 18:09:44,1171,Device Type 1
User 7,Gatta Kusthi,2023-04-17 17:59:13,572,Device Type 1
User 7,Gatta Kusthi,2023-04-17 17:47:01,701,Device Type 1
User 7,Gatta Kusthi_hook_04_16x9,2023-04-17 17:46:55,4,Device Type 1
User 7,Fashion,2023-04-14 18:19:16,1178,Device Type 1
User 7,Fashion,2023-04-12 16:15:28,153,Device Type 1
User 7,Breaking Bad: Season 4: Thirty-Eight Snub (Episode 2),2023-04-11 19:21:08,2674,Device Type 1
User 7,Breaking Bad: Season 4: Thirty-Eight Snub (Episode 2),2023-04-11 18:18:12,31,Device Type 1
User 7,Breaking Bad: Season 4: Box Cutter (Episode 1),2023-04-10 19:02:20,2237,Device Type 1
User 7,Breaking Bad: Season 4: Box Cutter (Episode 1),2023-04-10 19:00:05,88,Device Type 1
User 7,Cinemagraph: SpongeBob: Get Cooking,2023-04-10 09:46:00,4,Device Type 1
User 7,Breaking Bad: Season 4: Box Cutter (Episode 1),2023-04-09 21:19:28,467,Device Type 1
User 7,Breaking Bad: Season 3: Full Measure (Episode 13),2023-04-09 20:32:50,2508,Device Type 1
User 7,Breaking Bad: Season 3: Full Measure (Episode 13),2023-04-09 20:27:20,267,Device Type 1
User 7,Breaking Bad: Season 3: Half Measures (Episode 12),2023-04-09 19:56:27,1815,Device Type 1
User 7,Breaking Bad: Season 3: Half Measures (Episode 12),2023-04-08 21:17:00,960,Device Type 1
User 7,Breaking Bad: Season 3: Abiquiu (Episode 11),2023-04-08 20:25:36,2773,Device Type 1
User 7,Breaking Bad: Season 3: Fly (Episode 10),2023-04-08 19:39:26,2770,Device Type 1
User 7,Breaking Bad: Season 3: Kafkaesque (Episode 9),2023-04-08 18:55:13,2652,Device Type 1
User 7,Guardian: The Lonely and Great God: Season 1: Episode 16,2023-04-08 18:53:18,931,Device Type 1
User 7,Breaking Bad: Season 3: Kafkaesque (Episode 9),2023-04-08 18:50:34,2,Device Type 1
User 7,Breaking Bad: Season 3: Kafkaesque (Episode 9),2023-04-08 18:46:37,6,Device Type 1
User 7,Breaking Bad: Season 3: Kafkaesque (Episode 9),2023-04-08 18:46:03,6,Device Type 1
User 7,Breaking Bad: Season 3: Kafkaesque (Episode 9),2023-04-08 18:43:08,6,Device Type 1
User 7,Breaking Bad: Season 3: Kafkaesque (Episode 9),2023-04-08 18:36:27,6,Device Type 1
User 7,Breaking Bad: Season 3: Kafkaesque (Episode 9),2023-04-08 18:35:39,5,Device Type 1
User 7,Breaking Bad: Season 3: Kafkaesque (Episode 9),2023-04-08 18:34:54,5,Device Type 1
User 7,Breaking Bad: Season 3: Kafkaesque (Episode 9),2023-04-08 18:32:33,121,Device Type 1
User 7,The Legend of the Blue Sea: Season 1: Episode 20,2023-04-08 18:25:57,1525,Device Type 1
User 7,The Legend of the Blue Sea: Season 1: Episode 13,2023-04-08 18:21:56,194,Device Type 1
User 7,The Legend of the Blue Sea: Season 1: Episode 14,2023-04-08 18:21:07,24,Device Type 1
User 7,Season 1 Trailer 2: The King: Eternal Monarch,2023-04-08 18:18:49,5,Device Type 1
User 7,Itaewon Class: Season 1: Episode 13,2023-04-08 18:07:19,597,Device Type 1
User 7,Better Call Saul: Season 1 - Clip 1,2023-04-07 22:25:44,15,Device Type 1
User 7,Relationships,2023-04-07 22:24:51,10,Device Type 1
User 7,Breaking Bad: Season 3: I See You (Episode 8),2023-04-07 21:37:34,2776,Device Type 1
User 7,Breaking Bad: Season 3: One Minute (Episode 7),2023-04-07 20:51:25,2767,Device Type 1
User 7,Breaking Bad: Season 3: Sunset (Episode 6),2023-04-07 20:05:13,2772,Device Type 1
User 7,Breaking Bad: Season 3: Mas (Episode 5),2023-04-07 19:18:55,2777,Device Type 1
User 7,Dil Dhadakne Do,2023-04-07 15:32:23,676,Device Type 1
User 7,Little Things: Season 1_hook_primary_16x9,2023-04-07 15:28:46,4,Device Type 1
User 7,After Ever Happy,2023-04-07 15:12:47,808,Device Type 1
User 7,Breaking Bad: Season 3: Green Light (Episode 4),2023-04-07 09:30:05,2583,Device Type 1
User 7,Breaking Bad: Season 3: Green Light (Episode 4),2023-04-06 22:37:16,216,Device Type 1
User 7,Breaking Bad: Season 3: I.F.T. (Episode 3),2023-04-06 21:51:00,2774,Device Type 1
User 7,Breaking Bad: Season 3: Caballo Sin Nombre (Episode 2),2023-04-06 21:04:45,2774,Device Type 1
User 7,Breaking Bad: Season 3: No Más (Episode 1),2023-04-06 20:18:20,2773,Device Type 1
User 7,Breaking Bad: Season 2: ABQ (Episode 13),2023-04-06 19:17:55,2798,Device Type 1
User 7,Breaking Bad: Season 2: Phoenix (Episode 12),2023-04-06 18:41:33,2181,Device Type 1
User 7,Breaking Bad: Season 2: Phoenix (Episode 12),2023-04-06 18:21:47,607,Device Type 1
User 7,Breaking Bad: Season 2: Mandala (Episode 11),2023-04-06 17:24:21,2608,Device Type 1
User 7,Breaking Bad: Season 2: Mandala (Episode 11),2023-04-06 17:02:15,180,Device Type 1
User 7,Breaking Bad: Season 2: Over (Episode 10),2023-04-06 16:35:16,1571,Device Type 1
User 7,Breaking Bad: Season 2: Over (Episode 10),2023-04-06 15:57:47,1113,Device Type 1
User 7,Breaking Bad: Season 2: Over (Episode 10),2023-04-06 12:17:14,119,Device Type 1
User 7,Breaking Bad: Season 2: 4 Days Out (Episode 9),2023-04-06 12:00:06,769,Device Type 1
User 7,Breaking Bad: Season 2: Better Call Saul (Episode 8),2023-04-06 11:59:30,16,Device Type 1
User 7,Breaking Bad: Season 2: 4 Days Out (Episode 9),2023-04-06 11:04:39,2017,Device Type 1
User 7,Breaking Bad: Season 2: Better Call Saul (Episode 8),2023-04-06 10:51:21,738,Device Type 1
User 7,Breaking Bad: Season 2: Better Call Saul (Episode 8),2023-04-06 09:59:26,2089,Device Type 1
User 7,Breaking Bad: Season 2: Negro y Azul (Episode 7),2023-04-06 09:29:13,1461,Device Type 1
User 7,Breaking Bad: Season 1: And the Bag's in the River (Episode 3),2023-04-06 09:28:51,10,Device Type 1
User 7,Breaking Bad: Season 1 - Clip 2,2023-04-04 21:53:12,4,Device Type 1
User 7,Breaking Bad: Season 1_hook_03_16x9,2023-04-04 21:53:04,6,Device Type 1
User 7,Breaking Bad: Season 1: And the Bag's in the River (Episode 3),2023-04-04 21:52:27,17,Device Type 1
User 7,Breaking Bad: Season 1 - Clip 2,2023-04-04 21:52:15,10,Device Type 1
User 7,Breaking Bad: Season 2: Negro y Azul (Episode 7),2023-04-04 21:29:00,1386,Device Type 1
User 7,Breaking Bad: Season 2: Peekaboo (Episode 6),2023-04-04 20:41:22,2784,Device Type 1
User 7,Breaking Bad: Season 2: Breakage (Episode 5),2023-04-04 20:25:08,972,Device Type 1
User 7,Breaking Bad: Season 2: Breakage (Episode 5),2023-04-03 22:56:54,753,Device Type 1
User 7,Breaking Bad: Season 2: Breakage (Episode 5),2023-04-03 22:38:25,1080,Device Type 1
User 7,Breaking Bad: Season 2: Down (Episode 4),2023-04-03 21:42:19,2786,Device Type 1
User 7,Breaking Bad: Season 2: Bit by a Dead Bee (Episode 3),2023-04-03 20:56:02,2773,Device Type 1
User 7,Breaking Bad: Season 2: Grilled (Episode 2),2023-04-03 20:09:09,2812,Device Type 1
User 7,Breaking Bad: Season 2: Seven Thirty-Seven (Episode 1),2023-04-03 19:35:36,2012,Device Type 1
User 7,Breaking Bad: Season 2: Seven Thirty-Seven (Episode 1),2023-04-03 19:22:47,691,Device Type 1
User 7,Breaking Bad: Season 1: A No-Rough-Stuff-Type Deal (Episode 7),2023-04-03 19:18:12,275,Device Type 1
User 7,Breaking Bad: Season 1: A No-Rough-Stuff-Type Deal (Episode 7),2023-04-03 18:56:41,1044,Device Type 1
User 7,Breaking Bad: Season 1: A No-Rough-Stuff-Type Deal (Episode 7),2023-04-02 09:52:54,1577,Device Type 1
User 7,Breaking Bad: Season 1: Crazy Handful of Nothin' (Episode 6),2023-04-02 08:59:20,2845,Device Type 1
User 7,Breaking Bad: Season 1: Gray Matter (Episode 5),2023-04-02 07:51:15,2360,Device Type 1
User 7,Breaking Bad: Season 1: Gray Matter (Episode 5),2023-04-02 06:39:40,549,Device Type 1
User 7,Breaking Bad: Season 1: Cancer Man (Episode 4),2023-04-01 23:30:27,1653,Device Type 1
User 7,Breaking Bad: Season 1 - Clip 2,2023-04-01 23:30:14,7,Device Type 1
User 7,Breaking Bad: Season 1: Cancer Man (Episode 4),2023-04-01 23:10:03,1209,Device Type 1
User 7,Breaking Bad: Season 1: And the Bag's in the River (Episode 3),2023-04-01 22:22:50,2831,Device Type 1
User 7,Breaking Bad: Season 1: The Cat's in the Bag (Episode 2),2023-04-01 21:35:22,2847,Device Type 1
User 7,Breaking Bad: Season 1: Pilot (Episode 1),2023-04-01 20:36:49,3441,Device Type 1
User 7,Naruto Shippuden: Season 1_hook_03_16x9,2023-03-21 16:30:30,24,Device Type 0
User 7,Naruto: Season 1: White Past: Hidden Ambition (Episode 17),2023-03-21 16:30:02,13,Device Type 0
User 7,Naruto: Season 1: The Broken Seal (Episode 16),2023-03-21 16:22:30,438,Device Type 0
User 7,Naruto: Season 1: Enter: Naruto Uzumaki! (Episode 1),2023-03-21 16:19:43,47,Device Type 0
User 7,Naruto: Season 1: Enter: Naruto Uzumaki! (Episode 1),2023-03-21 16:18:47,45,Device Type 0
User 7,The Elephant Whisperers,2023-03-20 14:00:20,1622,Device Type 0
User 7,The Elephant Whisperers,2023-03-20 13:59:01,10,Device Type 0
User 7,CBI 5: The Brain,2023-03-20 08:40:49,6264,Device Type 0
User 7,Barfi!,2023-03-20 04:31:23,2491,Device Type 0
User 7,Barfi!,2023-03-19 17:10:13,1758,Device Type 0
User 7,Barfi!,2023-03-19 17:10:02,6,Device Type 0
User 7,Barfi!,2023-03-19 06:58:51,807,Device Type 0
User 7,3 Idiots,2023-03-17 18:33:35,1079,Device Type 1
User 7,Student of the Year,2023-03-17 18:29:29,174,Device Type 1
User 7,Jab We Met,2023-03-17 18:22:29,344,Device Type 1
User 7,Chennai Express,2023-03-17 18:08:24,779,Device Type 1
User 7,BLACKPINK: Light Up the Sky,2023-03-17 18:07:56,2,Device Type 1
User 7,Rekha,2023-03-17 17:58:28,524,Device Type 1
User 7,Rekha,2023-03-17 17:58:09,4,Device Type 1
User 7,Rekha,2023-03-17 15:52:37,625,Device Type 1
User 7,Rekha_hook_primary_16x9,2023-03-17 15:52:28,6,Device Type 1
User 7,Rekha,2023-03-17 15:29:36,12,Device Type 1
User 7,Rekha_hook_primary_16x9,2023-03-17 15:29:28,4,Device Type 1
User 7,The End of the F***ing World (Trailer),2023-03-15 16:01:59,4,Device Type 1
User 7,Rekha,2023-03-14 10:00:01,2887,Device Type 0
User 7,Rekha,2023-03-14 08:03:52,2948,Device Type 0
User 7,Rekha,2023-03-14 08:01:32,31,Device Type 0
User 7,Genre Specific Moment Clip: Mission Majnu,2023-03-13 18:47:25,6,Device Type 1
User 7,Iratta,2023-03-06 17:29:15,503,Device Type 0
User 7,Iratta,2023-03-06 17:25:21,6,Device Type 0
User 7,Iratta,2023-03-06 17:21:55,14,Device Type 0
User 7,Iratta,2023-03-06 17:20:11,92,Device Type 0
User 7,Butta Bomma,2023-03-06 17:19:11,17,Device Type 0
User 7,Breaking Bad: Season 1 - Clip 2,2023-03-02 19:48:42,7,Device Type 1
User 7,Season 2 Cliffhanger Clip: Vikings: Valhalla,2023-03-02 19:47:20,5,Device Type 1
User 7,Vikings: Season 6: Valhalla Can Wait (Episode 8),2023-03-02 19:46:11,27,Device Type 1
User 7,Vikings: Season 6: The Ice Maiden (Episode 7),2023-03-02 19:09:38,2167,Device Type 1
User 7,Dear Zindagi,2023-03-01 12:25:17,1069,Device Type 1
User 7,Taare Zameen Par,2023-02-26 09:02:42,611,Device Type 0
User 7,Happy New Year,2023-02-22 18:25:26,1222,Device Type 1
User 7,Student of the Year,2023-02-22 18:22:44,64,Device Type 1
User 7,The Twilight Saga: Breaking Dawn: Part 2,2023-02-22 18:19:27,5,Device Type 1
User 7,Varane Avashyamund,2023-02-19 18:42:14,1024,Device Type 1
User 7,Chennai Express,2023-02-19 17:50:29,38,Device Type 1
User 7,Doctor (Tamil),2023-02-19 17:44:21,262,Device Type 1
User 7,Don,2023-02-19 17:23:05,1158,Device Type 1
User 7,Taare Zameen Par,2023-02-18 08:01:02,2014,Device Type 0
User 7,Taare Zameen Par,2023-02-18 07:51:21,433,Device Type 0
User 7,Jodhaa Akbar,2023-02-16 18:20:39,1126,Device Type 1
User 7,Kabir Singh,2023-02-16 17:51:03,1662,Device Type 1
User 7,Dear Zindagi,2023-02-15 13:32:45,922,Device Type 0
User 7,Dear Zindagi,2023-02-15 12:57:06,1480,Device Type 0
User 7,Dear Zindagi,2023-02-15 10:58:50,1176,Device Type 0
User 7,Dear Zindagi,2023-02-15 10:18:58,226,Device Type 0
User 7,Dear Zindagi,2023-02-15 10:16:25,141,Device Type 0
User 7,Dear Zindagi,2023-02-15 09:30:51,372,Device Type 0
User 7,Dear Zindagi,2023-02-15 08:53:33,104,Device Type 0
User 7,Jab We Met,2023-02-15 08:49:06,1263,Device Type 1
User 7,Jab We Met,2023-02-15 08:48:54,2,Device Type 1
User 7,Dear Zindagi,2023-02-15 07:31:05,3928,Device Type 0
User 7,Tegimpu,2023-02-09 06:36:33,17,Device Type 0
User 7,Vikings: Season 6: The Ice Maiden (Episode 7),2023-02-08 17:16:21,509,Device Type 1
User 7,The Good Doctor: Season 2: Carrots (Episode 5),2023-02-07 08:20:07,954,Device Type 0
User 7,The Good Doctor: Season 2: Tough Titmouse (Episode 4),2023-02-07 08:02:09,979,Device Type 0
User 7,The Good Doctor: Season 2: Tough Titmouse (Episode 4),2023-02-05 09:33:30,201,Device Type 0
User 7,The Notebook,2023-02-05 09:07:30,4,Device Type 1
User 7,Shyam Singha Roy,2023-02-05 08:22:49,2696,Device Type 1
User 7,Shyam Singha Roy,2023-02-05 08:22:40,1,Device Type 1
User 7,Major (Telugu),2023-02-03 13:01:53,687,Device Type 1
User 7,Chennai Express,2023-02-03 08:51:41,2120,Device Type 1
User 7,Chennai Express_hook_04_16x9,2023-02-03 08:51:28,10,Device Type 1
User 7,Tom and Jerry_hook_04_16x9,2023-02-03 08:51:05,5,Device Type 1
User 7,The Good Doctor: Season 2: Tough Titmouse (Episode 4),2023-02-02 09:00:14,519,Device Type 0
User 7,The Good Doctor: Season 2: 36 Hours (Episode 3),2023-02-02 08:50:14,583,Device Type 0
User 7,The Good Doctor: Season 2: 36 Hours (Episode 3),2023-02-01 13:37:18,990,Device Type 0
User 7,The Good Doctor: Season 2: 36 Hours (Episode 3),2023-02-01 13:10:58,123,Device Type 0
User 7,The Good Doctor: Season 2: 36 Hours (Episode 3),2023-02-01 08:02:27,242,Device Type 0
User 7,The Good Doctor: Season 2: 36 Hours (Episode 3),2023-02-01 07:37:31,594,Device Type 0
User 7,The Good Doctor: Season 2: Middle Ground (Episode 2),2023-02-01 07:36:10,65,Device Type 0
User 7,The Good Doctor: Season 2: 36 Hours (Episode 3),2023-02-01 07:35:31,9,Device Type 0
User 7,Crash Landing on You: Season 1: Episode 16,2023-01-31 18:15:16,189,Device Type 1
User 7,Crash Landing on You: Season 1: Episode 15,2023-01-31 18:14:33,13,Device Type 1
User 7,Crash Landing on You: Season 1: Episode 14,2023-01-31 18:11:12,162,Device Type 1
User 7,Crash Landing on You: Season 1: Episode 13,2023-01-31 18:04:47,333,Device Type 1
User 7,Crash Landing on You: Season 1: Episode 12,2023-01-31 18:00:41,187,Device Type 1
User 7,Crash Landing on You: Season 1: Episode 11,2023-01-31 17:59:04,53,Device Type 1
User 7,Crash Landing on You: Season 1: Episode 10,2023-01-31 17:55:13,170,Device Type 1
User 7,Descendants of the Sun: Season 1: Episode 13,2023-01-31 17:37:21,802,Device Type 1
User 7,BLACKPINK: Light Up the Sky,2023-01-31 17:04:51,1688,Device Type 1
User 7,The Twilight Saga: Breaking Dawn: Part 2,2023-01-31 17:00:09,153,Device Type 1
User 7,The Good Doctor: Season 2: 36 Hours (Episode 3),2023-01-31 14:42:10,1,Device Type 0
User 7,The Good Doctor: Season 2: 36 Hours (Episode 3),2023-01-31 08:22:09,49,Device Type 0
User 7,The Good Doctor: Season 2: Middle Ground (Episode 2),2023-01-31 07:40:11,2284,Device Type 0
User 7,Vikings: Season 6: Death and the Serpent (Episode 6),2023-01-30 10:49:07,837,Device Type 1
User 7,Vikings: Season 6: Death and the Serpent (Episode 6),2023-01-30 10:17:41,1807,Device Type 1
User 7,Raangi,2023-01-29 18:55:29,493,Device Type 0
User 7,Raangi,2023-01-29 18:24:11,707,Device Type 0
User 7,Raangi,2023-01-29 05:20:08,2198,Device Type 0
User 7,The Privilege,2023-01-28 18:57:58,423,Device Type 0
User 7,The Good Doctor: Season 2: Middle Ground (Episode 2),2023-01-28 07:53:10,337,Device Type 0
User 7,The Good Doctor: Season 2: Hello (Episode 1),2023-01-28 07:48:44,264,Device Type 0
User 7,The Good Doctor: Season 2: Hello (Episode 1),2023-01-27 14:38:52,465,Device Type 0
User 7,The Good Doctor: Season 2: Hello (Episode 1),2023-01-27 07:45:39,784,Device Type 0
User 7,Vikings: Season 6: The Key (Episode 5),2023-01-26 06:58:02,2552,Device Type 1
User 7,Vikings: Season 6: All the Prisoners (Episode 4),2023-01-26 06:19:49,1739,Device Type 1
User 7,Munafik 2,2023-01-25 18:17:04,2667,Device Type 0
User 7,The Good Doctor: Season 2: Hello (Episode 1),2023-01-25 17:58:43,59,Device Type 0
User 7,The Good Doctor: Season 2: 36 Hours (Episode 3),2023-01-25 17:57:47,1,Device Type 0
User 7,The Good Doctor: Season 2: Hello (Episode 1),2023-01-25 17:56:53,1,Device Type 0
User 7,Major (Telugu),2023-01-24 16:40:50,1071,Device Type 1
User 7,The Twilight Saga: Breaking Dawn: Part 2_hook_primary_16x9,2023-01-24 16:29:43,5,Device Type 1
User 7,Vikings: Season 6: All the Prisoners (Episode 4),2023-01-24 15:40:27,546,Device Type 1
User 7,Vikings: Season 6: All the Prisoners (Episode 4),2023-01-24 15:17:15,643,Device Type 1
User 7,The Good Doctor: Season 2: Hello (Episode 1),2023-01-24 15:12:23,189,Device Type 0
User 7,The Good Doctor: Season 1: More (Episode 18),2023-01-24 14:49:51,1323,Device Type 0
User 7,The Good Doctor: Season 1: Smile (Episode 17),2023-01-24 14:39:30,597,Device Type 0
User 7,The Good Doctor: Season 1: Smile (Episode 17),2023-01-24 14:28:43,570,Device Type 0
User 7,The Good Doctor: Season 1: Smile (Episode 17),2023-01-24 14:25:38,15,Device Type 0
User 7,The Good Doctor: Season 1: Pain (Episode 16),2023-01-24 13:43:16,2171,Device Type 0
User 7,The Good Doctor: Season 1: Heartfelt (Episode 15),2023-01-24 13:33:49,369,Device Type 0
User 7,The Good Doctor: Season 1: Heartfelt (Episode 15),2023-01-24 10:31:24,1244,Device Type 0
User 7,The Good Doctor: Season 1: Heartfelt (Episode 15),2023-01-24 08:34:21,661,Device Type 0
User 7,The Good Doctor: Season 1: She (Episode 14),2023-01-24 07:51:09,2451,Device Type 0
User 7,The Good Doctor: Season 1: She (Episode 14),2023-01-23 18:31:44,25,Device Type 0
User 7,The Good Doctor: Season 1: Seven Reasons (Episode 13),2023-01-23 18:25:51,348,Device Type 0
User 7,The Good Doctor: Season 1: Seven Reasons (Episode 13),2023-01-23 07:38:42,1080,Device Type 0
User 7,Varalaru Mukkiyam,2023-01-21 08:39:55,1441,Device Type 0
User 7,Varalaru Mukkiyam,2023-01-21 08:39:50,1,Device Type 0
User 7,"Vikings: Season 6: Ghosts, Gods and Running Dogs (Episode 3)",2023-01-21 07:30:03,1541,Device Type 1
User 7,Season 2 Cliffhanger Clip: Vikings: Valhalla,2023-01-21 07:29:39,4,Device Type 1
User 7,"Vikings: Season 6: Ghosts, Gods and Running Dogs (Episode 3)",2023-01-21 07:26:36,88,Device Type 1
User 7,"Vikings: Season 6: Ghosts, Gods and Running Dogs (Episode 3)",2023-01-21 07:13:46,451,Device Type 1
User 7,Varalaru Mukkiyam,2023-01-21 06:55:55,1582,Device Type 0
User 7,Student of the Year,2023-01-20 13:41:16,1023,Device Type 1
User 7,Student of the Year,2023-01-20 13:11:06,1208,Device Type 1
User 7,"Vikings: Season 6: Ghosts, Gods and Running Dogs (Episode 3)",2023-01-20 12:48:52,595,Device Type 1
User 7,Vikings: Season 6: The Prophet (Episode 2),2023-01-20 10:28:31,2586,Device Type 1
User 7,The Good Doctor: Season 1: Seven Reasons (Episode 13),2023-01-20 07:29:39,151,Device Type 0
User 7,Vikings: Season 6: New Beginnings (Episode 1),2023-01-19 10:21:40,2236,Device Type 1
User 7,Vikings: Season 6: New Beginnings (Episode 1),2023-01-19 10:14:53,403,Device Type 1
User 7,Vikings: Season 5: Ragnarok (Episode 20),2023-01-19 10:14:40,2,Device Type 1
User 7,Vikings: Season 5: Ragnarok (Episode 20),2023-01-19 10:14:27,5,Device Type 1
User 7,Vikings: Season 6: New Beginnings (Episode 1),2023-01-19 10:13:40,20,Device Type 1
User 7,Vikings: Season 5: Ragnarok (Episode 20),2023-01-19 09:27:46,2519,Device Type 1
User 7,Vikings: Season 5: What Happens in the Cave (Episode 19),2023-01-18 17:46:26,2569,Device Type 1
User 7,The Good Doctor: Season 1: Seven Reasons (Episode 13),2023-01-18 15:57:38,377,Device Type 0
User 7,Vikings: Season 5: Baldur (Episode 18),2023-01-18 11:16:20,2482,Device Type 1
User 7,Vikings: Season 5: The Most Terrible Thing (Episode 17),2023-01-18 10:32:49,2578,Device Type 1
User 7,The Good Doctor: Season 1: Seven Reasons (Episode 13),2023-01-16 21:31:28,1,Device Type 1
User 7,The Good Doctor: Season 1: Seven Reasons (Episode 13),2023-01-16 21:09:46,128,Device Type 1
User 7,The Good Doctor: Season 1: Seven Reasons (Episode 13),2023-01-16 17:07:32,117,Device Type 0
User 7,The Good Doctor: Season 1: Islands: Part 2 (Episode 12),2023-01-16 17:05:44,100,Device Type 0
User 7,The Good Doctor: Season 1: Islands: Part 2 (Episode 12),2023-01-16 16:49:04,554,Device Type 0
User 7,The Good Doctor: Season 1: Islands: Part 2 (Episode 12),2023-01-16 14:20:38,1614,Device Type 0
User 7,The Good Doctor: Season 1: Islands: Part 2 (Episode 12),2023-01-16 13:47:51,336,Device Type 0
User 7,The Good Doctor: Season 1: Islands: Part 1 (Episode 11),2023-01-16 13:36:51,215,Device Type 0
User 7,Vikings: Season 5: The Buddha (Episode 16),2023-01-16 10:40:08,634,Device Type 1
User 7,Vikings: Season 5: The Buddha (Episode 16),2023-01-16 10:06:56,1870,Device Type 1
User 7,Vikings: Season 5: Hell (Episode 15),2023-01-16 09:36:36,1818,Device Type 1
User 7,The Good Doctor: Season 1: Islands: Part 1 (Episode 11),2023-01-16 08:57:37,863,Device Type 0
User 7,Vikings: Season 5: Hell (Episode 15),2023-01-16 08:11:17,758,Device Type 1
User 7,Vikings: Season 5: The Lost Moment (Episode 14),2023-01-16 07:28:35,2523,Device Type 1
User 7,Vikings: Season 5: A New God (Episode 13),2023-01-15 17:55:34,2588,Device Type 1
User 7,The Good Doctor: Season 1: Islands: Part 1 (Episode 11),2023-01-15 14:48:45,834,Device Type 0
User 7,Chhota Bheem aur Krishna,2023-01-15 14:48:01,284,Device Type 1
User 7,The Good Doctor: Season 1: Islands: Part 1 (Episode 11),2023-01-15 12:52:21,597,Device Type 0
User 7,The Good Doctor: Season 1: Sacrifice (Episode 10),2023-01-15 12:08:24,1879,Device Type 0
User 7,The Good Doctor: Season 1: Sacrifice (Episode 10),2023-01-15 12:08:10,2,Device Type 0
User 7,The Good Doctor: Season 1: Sacrifice (Episode 10),2023-01-14 18:58:20,663,Device Type 0
User 7,Vikings: Season 5: Murder Most Foul (Episode 12),2023-01-14 18:57:36,2510,Device Type 1
User 7,The Good Doctor: Season 1: Intangibles (Episode 9),2023-01-14 18:47:57,622,Device Type 0
User 7,The Good Doctor: Season 1: Intangibles (Episode 9),2023-01-14 18:04:04,1485,Device Type 0
User 7,The Good Doctor: Season 1: Intangibles (Episode 9),2023-01-14 16:57:27,410,Device Type 0
User 7,The Good Doctor: Season 1: Apple (Episode 8),2023-01-14 16:29:19,1533,Device Type 0
User 7,The Good Doctor: Season 1: Apple (Episode 8),2023-01-14 14:57:56,807,Device Type 0
User 7,The Good Doctor: Season 1: 22 Steps (Episode 7),2023-01-14 14:38:46,1140,Device Type 0
User 7,The Good Doctor: Season 1: 22 Steps (Episode 7),2023-01-14 14:16:58,1083,Device Type 0
User 7,The Good Doctor: Season 1: Not Fake (Episode 6),2023-01-14 13:55:55,1186,Device Type 0
User 7,The Good Doctor: Season 1: Not Fake (Episode 6),2023-01-14 13:38:57,574,Device Type 0
User 7,The Good Doctor: Season 1: Not Fake (Episode 6),2023-01-14 11:14:27,637,Device Type 0
User 7,The Good Doctor: Season 1: Point Three Percent (Episode 5),2023-01-14 10:29:30,2184,Device Type 0
User 7,Vikings: Season 5: The Revelation (Episode 11),2023-01-14 10:13:57,1143,Device Type 1
User 7,Vikings: Season 5: The Revelation (Episode 11),2023-01-14 08:58:22,1507,Device Type 1
User 7,The Good Doctor: Season 1: Point Three Percent (Episode 5),2023-01-12 14:06:11,45,Device Type 0
User 7,The Good Doctor: Season 1: Point Three Percent (Episode 5),2023-01-12 13:25:58,209,Device Type 0
User 7,The Good Doctor: Season 1: Pipes (Episode 4),2023-01-12 13:09:28,987,Device Type 0
User 7,The Good Doctor: Season 1: Pipes (Episode 4),2023-01-12 11:27:15,1579,Device Type 0
User 7,The Good Doctor: Season 1: Oliver (Episode 3),2023-01-12 11:09:55,671,Device Type 0
User 7,The Good Doctor: Season 1: Oliver (Episode 3),2023-01-12 10:30:13,1845,Device Type 0
User 7,The Good Doctor: Season 1: Mount Rushmore (Episode 2),2023-01-12 09:53:38,1092,Device Type 0
User 7,The Good Doctor: Season 1: Mount Rushmore (Episode 2),2023-01-12 08:07:50,1416,Device Type 0
User 7,The Good Doctor: Season 1: Burnt Food (Episode 1),2023-01-12 07:33:58,2012,Device Type 0
User 7,The Good Doctor: Season 1: Burnt Food (Episode 1),2023-01-11 20:00:56,2,Device Type 0
User 7,Dark: Season 1: Secrets (Episode 1),2023-01-11 19:16:35,499,Device Type 0
User 7,Dark: Season 1: Secrets (Episode 1),2023-01-11 13:43:04,980,Device Type 0
User 7,The Good Doctor: Season 1: Burnt Food (Episode 1),2023-01-11 07:39:01,569,Device Type 0
User 7,Vikings: Season 5: Moments of Vision (Episode 10),2023-01-10 10:35:55,2562,Device Type 1
User 7,Vikings: Season 5: A Simple Story (Episode 9),2023-01-10 09:59:15,2153,Device Type 1
User 7,House of Secrets: The Burari Deaths: Limited Series: 11 Bodies (Episode 1),2023-01-09 10:46:33,670,Device Type 0
User 7,Season 1 Character Intro Clip: 28 Days Haunted,2023-01-07 07:15:41,8,Device Type 1
User 7,The Haunting of Hill House: Season 1: Two Storms (Episode 6),2023-01-07 07:15:15,5,Device Type 1
User 7,Vikings: Season 5: A Simple Story (Episode 9),2023-01-06 12:11:36,458,Device Type 1
User 7,Vikings: Season 5: The Joke (Episode 8),2023-01-06 11:26:57,2570,Device Type 1
User 7,Wednesday: Season 1: A Murder of Woes (Episode 8),2023-01-03 19:04:34,2817,Device Type 0
User 7,Wednesday: Season 1: A Murder of Woes (Episode 8),2023-01-03 19:03:16,33,Device Type 0
User 7,Wednesday: Season 1: If You Don't Woe Me by Now (Episode 7),2023-01-03 18:41:40,1295,Device Type 0
User 7,Wednesday: Season 1: If You Don't Woe Me by Now (Episode 7),2023-01-03 15:36:37,1241,Device Type 0
User 7,Wednesday: Season 1: Quid Pro Woe (Episode 6),2023-01-03 15:03:08,1884,Device Type 0
User 7,Wednesday: Season 1: Quid Pro Woe (Episode 6),2023-01-03 14:32:41,817,Device Type 0
User 7,Wednesday: Season 1: You Reap What You Woe (Episode 5),2023-01-03 14:10:06,1313,Device Type 0
User 7,American Pie Presents: The Naked Mile_hook_primary_16x9,2023-01-03 10:51:22,20,Device Type 0
User 7,Trailer: Indian Predator: The Butcher of Delhi,2023-01-03 10:50:11,17,Device Type 0
User 7,Wednesday: Season 1: You Reap What You Woe (Episode 5),2023-01-02 18:56:35,1500,Device Type 0
User 7,Wednesday: Season 1: Woe What a Night (Episode 4),2023-01-02 18:37:48,1126,Device Type 0
User 7,Wednesday: Season 1: Woe What a Night (Episode 4),2023-01-02 18:32:39,292,Device Type 0
User 7,Wednesday: Season 1: Woe What a Night (Episode 4),2023-01-02 18:31:46,51,Device Type 0
User 7,Wednesday: Season 1: Woe What a Night (Episode 4),2023-01-02 18:11:19,1203,Device Type 0
User 7,Wednesday: Season 1: Friend or Woe (Episode 3),2023-01-02 17:51:57,1155,Device Type 0
User 7,Wednesday: Season 1: Friend or Woe (Episode 3),2023-01-02 14:22:05,1443,Device Type 0
User 7,Wednesday: Season 1: Woe Is the Loneliest Number (Episode 2),2023-01-02 13:34:49,2670,Device Type 0
User 7,Wednesday: Season 1: Woe Is the Loneliest Number (Episode 2),2023-01-02 11:58:27,246,Device Type 0
User 7,Wednesday: Season 1: Wednesday's Child Is Full of Woe (Episode 1),2023-01-02 11:32:32,1553,Device Type 0
User 7,Wednesday: Season 1: Wednesday's Child Is Full of Woe (Episode 1),2023-01-02 11:00:21,1706,Device Type 0
User 7,Love Today,2023-01-01 20:43:31,2977,Device Type 0
User 7,Love Today,2023-01-01 18:34:58,5536,Device Type 0
User 7,Jana Gana Mana,2022-12-31 19:40:09,4330,Device Type 0
User 7,Jana Gana Mana,2022-12-31 18:43:16,197,Device Type 0
User 7,Jana Gana Mana,2022-12-31 17:51:19,227,Device Type 0
User 7,Jana Gana Mana,2022-12-31 16:20:14,4668,Device Type 0
User 7,Love Today (Telugu),2022-12-31 05:54:07,11,Device Type 0
User 7,Cook Up A Storm,2022-12-18 19:05:01,18,Device Type 0
User 7,Indian Predator: Murder in a Courtroom: Limited Series: Episode 2,2022-12-11 14:35:42,1160,Device Type 0
User 7,Trailer: Goodbye,2022-12-11 14:29:08,4,Device Type 0
User 7,Season 1 Act 2 Conflict Clip: CAT,2022-12-11 14:28:54,4,Device Type 0
User 7,Indian Predator: Murder in a Courtroom: Limited Series: Episode 2,2022-12-11 14:02:42,1562,Device Type 0
User 7,Indian Predator: Murder in a Courtroom: Limited Series: Episode 1,2022-12-11 13:06:32,3138,Device Type 0
User 7,Limited Series Upper Bound Clip 14: Indian Predator: Season 3 (AY),2022-12-11 13:06:04,8,Device Type 0
User 7,Season 1 Inciting Incident Clip: All of Us Are Dead,2022-12-06 16:54:47,4,Device Type 0
User 7,Cliffhanger Clip 2: Stranger Things 4 Volume 2,2022-12-06 16:54:23,4,Device Type 0
User 7,Troll,2022-12-04 18:09:50,2929,Device Type 0
User 7,Troll,2022-12-04 14:39:59,2247,Device Type 0
User 7,Troll,2022-12-04 13:48:39,442,Device Type 0
User 7,Villain / Antagonist Clip: Troll,2022-12-04 13:47:57,36,Device Type 0
User 7,Mama_hook_05_16x9,2022-12-04 13:47:36,6,Device Type 0
User 7,The Possession of Hannah Grace_hook_05_16x9,2022-12-04 13:46:57,14,Device Type 0
User 7,Season 1 Plot Clip: Khakee: The Bihar Chapter,2022-12-04 12:22:54,14,Device Type 0
User 7,Oh! Baby… (Tamil Version)_hook_01_16x9,2022-12-04 12:22:41,7,Device Type 0
User 7,Mama_hook_05_16x9,2022-12-04 12:22:25,11,Device Type 0
User 7,Vikings: Season 5: The Joke (Episode 8),2022-12-03 18:38:08,2,Device Type 1
User 7,Vikings: Season 1_hook_primary_16x9,2022-12-03 18:36:55,7,Device Type 1
User 7,Vikings: Season 5: The Joke (Episode 8),2022-12-03 18:36:28,1,Device Type 1
User 7,Kumari_hook_01_16x9,2022-12-03 18:30:56,9,Device Type 1
User 7,Thallumala_hook_02_16x9,2022-12-01 11:19:23,5,Device Type 0
User 7,Plot Clip: Troll,2022-12-01 11:19:13,8,Device Type 0
User 7,The 100: Season 1_hook_primary_16x9,2022-12-01 08:00:33,16,Device Type 0
User 7,Black Summer: Season 1_VAR2-CLIP_CHARACTER,2022-12-01 08:00:26,6,Device Type 0
User 7,Zindagi Na Milegi Dobara_hook_02_16x9,2022-12-01 08:00:08,5,Device Type 0
User 7,Kurup_hook_01_16x9,2022-12-01 08:00:02,5,Device Type 0
User 7,Hereditary_hook_primary_16x9,2022-11-30 17:56:20,7,Device Type 0
User 7,Vikings: Season 5: Full Moon (Episode 7),2022-11-30 15:19:58,1875,Device Type 1
User 7,Vikings: Season 5: Full Moon (Episode 7),2022-11-30 15:18:04,91,Device Type 1
User 7,Vikings: Season 5: Full Moon (Episode 7),2022-11-30 15:16:37,76,Device Type 1
User 7,Vikings: Season 5: The Message (Episode 6),2022-11-30 15:15:42,38,Device Type 1
User 7,Vikings: Season 5: The Prisoner (Episode 5),2022-11-30 15:14:46,41,Device Type 1
User 7,Vikings: Season 5: The Plan (Episode 4),2022-11-30 15:13:59,34,Device Type 1
User 7,Vikings: Season 5: Homeland (Episode 3),2022-11-30 15:13:03,43,Device Type 1
User 7,Vikings: Season 4: Promised (Episode 5),2022-11-30 15:11:50,55,Device Type 1
User 7,Vikings: Season 5: Homeland (Episode 3),2022-11-30 15:11:22,8,Device Type 1
User 7,Vikings: Season 5: The Departed (Episode 2),2022-11-30 15:10:30,35,Device Type 1
User 7,Vikings: Season 5: The Fisher King (Episode 1),2022-11-30 15:09:18,47,Device Type 1
User 7,Vikings: Season 4: The Reckoning (Episode 20),2022-11-30 15:08:02,64,Device Type 1
User 7,Vikings: Season 5: Moments of Vision (Episode 10),2022-11-30 15:05:23,106,Device Type 1
User 7,Insidious: Chapter 2_hook_04_16x9,2022-11-30 12:13:05,6,Device Type 0
User 7,Oru Thekkan Thallu Case_hook_03_16x9,2022-11-30 12:12:57,4,Device Type 0
User 7,Ala Vaikunthapurramuloo (Malayalam Version)_hook_04_16x9,2022-11-30 12:12:33,4,Device Type 0
User 7,Night Drive_hook_primary_16x9,2022-11-30 12:12:21,9,Device Type 0
User 7,Varane Avashyamund,2022-11-30 12:12:10,2,Device Type 0
User 7,Dear Friend_hook_05_16x9,2022-11-30 12:11:48,6,Device Type 0
User 7,Irul_hook_04_16x9,2022-11-30 12:11:37,5,Device Type 0
User 7,Nayattu_hook_primary_16x9,2022-11-30 12:09:38,69,Device Type 0
User 7,Dhokha - Round D Corner_hook_primary_16x9,2022-11-18 15:39:04,6,Device Type 1
User 7,The Nun,2022-11-03 20:10:56,1907,Device Type 0
User 7,The Nun,2022-11-03 20:03:41,267,Device Type 0
User 7,The Nun,2022-11-03 18:40:49,1656,Device Type 0
User 7,The Nun,2022-11-03 11:04:34,748,Device Type 0
User 7,The Nun,2022-11-03 11:01:48,114,Device Type 0
User 7,In the Tall Grass,2022-11-03 11:00:21,6,Device Type 0
User 7,Tale of the Nine Tailed: Season 1: Episode 2,2022-11-03 10:59:41,1,Device Type 0
User 7,Detention: Season 1: Devil (Episode 1),2022-11-03 10:58:56,9,Device Type 0
User 7,Amityville: The Awakening,2022-11-03 10:56:13,91,Device Type 0
User 7,Dark: Season 1: Secrets (Episode 1),2022-11-03 10:54:56,3,Device Type 0
User 7,Jurassic World Camp Cretaceous: Season 1: Camp Cretaceous (Episode 1),2022-11-03 10:54:17,20,Device Type 0
User 7,Family Blood,2022-11-03 10:51:01,33,Device Type 0
User 7,Anacondas: The Hunt for the Blood Orchid,2022-11-03 10:50:46,3,Device Type 0
User 7,Dabbe: The Possession,2022-11-03 10:42:15,3,Device Type 0
User 7,Eli,2022-11-02 12:09:46,947,Device Type 0
User 7,Eli,2022-11-02 10:58:23,3677,Device Type 0
User 7,Sabrina,2022-11-01 08:06:30,100,Device Type 0
User 7,Ouija: Origin of Evil,2022-11-01 08:05:45,1,Device Type 0
User 7,The Grudge,2022-11-01 07:18:00,924,Device Type 0
User 7,Perfume: Season 1: Ambergris (Episode 1),2022-10-30 17:14:29,2,Device Type 0
User 7,Perfume: Season 1: Ambergris (Episode 1),2022-10-30 17:14:01,2,Device Type 0
User 7,The Grudge,2022-10-30 16:08:03,3581,Device Type 0
User 7,Gerald's Game,2022-10-30 15:53:34,10,Device Type 0
User 7,The Haunting of Hill House: Season 1: Two Storms (Episode 6),2022-10-26 16:52:08,356,Device Type 0
User 7,The Silence,2022-10-26 12:37:25,3284,Device Type 0
User 7,The Package - Clip 1,2022-10-25 19:42:08,18,Device Type 0
User 7,Season 5 Trailer: The Crown,2022-10-25 19:41:43,9,Device Type 0
User 7,Limited Series Relatable Clip: Indian Predator: Murder in a Courtroom,2022-10-25 19:41:08,35,Device Type 0
User 7,Season 4 Trailer: Manifest,2022-10-25 19:41:00,6,Device Type 0
User 7,Season 1 Trailer: 1899,2022-10-25 19:40:48,11,Device Type 0
User 7,The Haunting of Hill House: Season 1: Two Storms (Episode 6),2022-10-25 11:43:22,1827,Device Type 0
User 7,The Haunting of Hill House: Season 1: The Bent-Neck Lady (Episode 5),2022-10-25 11:24:16,556,Device Type 0
User 7,The Haunting of Hill House: Season 1: The Bent-Neck Lady (Episode 5),2022-10-25 11:19:05,249,Device Type 0
User 7,The Haunting of Hill House: Season 1: The Bent-Neck Lady (Episode 5),2022-10-24 12:58:53,766,Device Type 0
User 7,We're the Millers,2022-10-24 11:51:33,2,Device Type 0
User 7,The Haunting of Hill House: Season 1: The Bent-Neck Lady (Episode 5),2022-10-24 06:33:05,1801,Device Type 0
User 7,The Haunting of Hill House: Season 1: The Twin Thing (Episode 4),2022-10-24 06:32:26,26,Device Type 0
User 7,The Haunting of Hill House: Season 1: The Twin Thing (Episode 4),2022-10-24 05:40:13,12,Device Type 0
User 7,The Haunting of Hill House: Season 1: The Twin Thing (Episode 4),2022-10-23 20:16:59,623,Device Type 0
User 7,The Haunting of Hill House: Season 1: Touch (Episode 3),2022-10-23 19:23:42,2290,Device Type 0
User 7,The Haunting of Hill House: Season 1: Touch (Episode 3),2022-10-23 19:22:50,48,Device Type 0
User 7,The Haunting of Hill House: Season 1: Touch (Episode 3),2022-10-23 19:15:17,350,Device Type 0
User 7,Godzilla vs. Kong,2022-10-20 10:58:59,72,Device Type 0
User 7,Inception,2022-10-20 10:58:42,8,Device Type 0
User 7,Inception,2022-10-20 10:54:34,178,Device Type 0
User 7,The Green Mile,2022-10-20 10:52:46,19,Device Type 0
User 7,Katteri,2022-10-20 06:01:27,6,Device Type 0
User 7,One-Punch Man: Season 1: The Strongest Man (Episode 1),2022-10-20 06:00:54,9,Device Type 0
User 7,Naruto Shippuden: Season 1: Return of the Kazekage (Episode 32),2022-10-20 06:00:25,2,Device Type 0
User 7,Superbro: Season 2: 21 Jump Ya (Episode 6),2022-10-06 19:11:39,265,Device Type 1
User 7,Superbro: Season 2: The Lump (Episode 5),2022-10-06 18:49:25,1247,Device Type 1
User 7,Superbro: Season 2: Something Fishy (Episode 4),2022-10-06 18:28:19,1263,Device Type 1
User 7,Superbro: Season 2: The Magpie (Episode 3),2022-10-06 18:28:15,2,Device Type 1
User 7,Superbro: Season 2: The Lawsuit (Episode 2),2022-10-06 18:28:11,2,Device Type 1
User 7,Superbro: Season 2: The P Plates (Episode 1),2022-10-06 18:28:05,4,Device Type 1
User 7,Superbro: Season 2: The P Plates (Episode 1),2022-10-06 16:14:04,3,Device Type 1
User 7,The Green Mile,2022-09-23 06:28:03,2753,Device Type 0
User 7,The Green Mile,2022-09-23 05:55:15,1693,Device Type 0
User 7,The Green Mile,2022-09-22 20:06:46,926,Device Type 0
User 7,The Green Mile,2022-09-22 18:51:20,2051,Device Type 0
User 7,The Green Mile,2022-09-22 16:24:34,1314,Device Type 0
User 7,Evil Dead,2022-09-19 11:29:31,9,Device Type 0
User 7,The Dictator,2022-09-06 19:21:09,865,Device Type 0
User 7,The Good Doctor: The Good Doctor: Season 1_hook_02_16x9,2022-09-06 19:19:12,4,Device Type 0
User 7,Deliver Us from Evil,2022-09-03 15:37:30,12,Device Type 0
User 7,Deliver Us from Evil_hook_primary_16x9,2022-09-03 15:37:05,23,Device Type 0
User 7,Ghost Stories,2022-09-03 15:35:15,87,Device Type 0
User 7,Veronica,2022-09-02 17:16:05,61,Device Type 0
User 7,Nobody Sleeps in the Woods Tonight (Trailer),2022-09-02 17:11:05,88,Device Type 0
User 7,Dabbe 5: Curse of the Jinn,2022-09-02 16:55:22,16,Device Type 0
User 7,The Rope Curse 2,2022-09-02 16:53:43,18,Device Type 0
User 7,Slender Man,2022-09-02 16:51:54,34,Device Type 0
User 7,The Privilege,2022-09-02 16:51:20,14,Device Type 0
User 7,Hospital,2022-09-01 20:02:26,90,Device Type 0
User 7,Hospital_hook_01_16x9,2022-09-01 20:01:13,67,Device Type 0
User 7,The Grudge,2022-09-01 19:44:33,199,Device Type 0
User 7,No One Gets Out Alive,2022-09-01 19:35:00,456,Device Type 0
User 7,Main Character Intro Clip: No One Gets Out Alive,2022-09-01 19:34:26,31,Device Type 0
User 7,Spell_hook_01_16x9,2022-09-01 19:30:21,8,Device Type 0
User 7,The Unholy,2022-09-01 09:36:52,5480,Device Type 0
User 7,The Unholy,2022-09-01 08:51:15,123,Device Type 0
User 7,The Unholy,2022-09-01 08:49:34,19,Device Type 0
User 7,The Unholy,2022-09-01 08:49:13,11,Device Type 0
User 7,Ghostbusters: Afterlife,2022-08-31 09:29:18,6704,Device Type 0
User 7,Incantation,2022-08-30 09:55:37,6388,Device Type 0
User 7,Evil Dead,2022-08-30 09:54:20,24,Device Type 0
User 7,The Nun,2022-08-30 09:29:06,1475,Device Type 0
User 7,Annabelle,2022-08-29 09:38:04,5498,Device Type 0
User 7,Ouija: Origin of Evil,2022-08-20 11:20:40,587,Device Type 0
User 7,Ouija: Origin of Evil,2022-08-15 12:18:53,945,Device Type 0
User 7,Stranger Things: Season 1: Chapter One: The Vanishing of Will Byers (Episode 1),2022-07-03 11:53:14,3,Device Type 0
User 7,Kuttavum Shikshayum,2022-07-03 10:02:51,6117,Device Type 0
User 7,Kuttavum Shikshayum,2022-07-02 19:10:01,707,Device Type 0
User 7,The Perfect Storm,2022-06-21 18:43:27,6,Device Type 0
User 7,2012,2022-06-21 18:40:18,133,Device Type 0
User 7,Monster House,2022-06-19 18:49:37,56,Device Type 0
User 7,"Squid Game: Season 1: Red Light, Green Light (Episode 1)",2022-06-15 16:41:46,16,Device Type 0
User 7,"Squid Game: Season 1: Red Light, Green Light (Episode 1)",2022-06-15 16:39:48,4,Device Type 0
User 7,"Squid Game: Season 1: Red Light, Green Light (Episode 1)",2022-06-15 16:39:39,3,Device Type 0
User 7,Monster House,2022-06-15 16:33:46,75,Device Type 0
User 7,Season 1 Inciting Incident Clip: Squid Game,2022-06-14 17:54:14,6,Device Type 0
User 7,Monster House,2022-06-12 16:27:59,12,Device Type 0
User 7,Fifty Shades of Grey,2022-06-05 18:04:39,10,Device Type 0
User 7,Fifty Shades of Grey,2022-06-05 17:57:00,19,Device Type 0
User 7,Fifty Shades of Grey,2022-06-05 17:56:46,4,Device Type 0
User 8,Vaashi,2023-06-20 16:09:32,9,Device Type 1
User 8,Vaashi,2023-06-20 14:41:31,1877,Device Type 1
User 8,Vaashi (Malayalam)_hook_02_16x9,2023-06-20 14:40:46,43,Device Type 1
User 8,Vaashi (Malayalam)_hook_02_16x9,2023-06-20 14:40:27,10,Device Type 1
User 8,Never Have I Ever: Season 1 PVS Trailer A,2023-06-20 05:53:24,7,Device Type 1
User 8,Never Have I Ever: Season 4: ...said goodbye (Episode 10),2023-06-17 19:18:26,749,Device Type 1
User 8,Never Have I Ever: Season 4: ...gone to prom (Episode 9),2023-06-17 19:13:47,259,Device Type 1
User 8,Never Have I Ever: Season 4: ...lost my virginity (Episode 1),2023-06-17 19:11:41,117,Device Type 1
User 8,Never Have I Ever: Season 2: ... been a playa (Episode 1),2023-06-17 19:06:18,286,Device Type 1
User 8,Never Have I Ever: Season 1: ... said I'm sorry (Episode 10),2023-06-17 19:04:11,115,Device Type 1
User 8,Never Have I Ever: Season 2: ... been a playa (Episode 1),2023-06-17 19:03:45,10,Device Type 1
User 8,Never Have I Ever: Season 2: ... been a playa (Episode 1),2023-06-17 19:02:32,32,Device Type 1
User 8,Never Have I Ever: Season 1: ... gotten drunk with the popular kids (Episode 3),2023-06-17 19:01:55,1,Device Type 1
User 8,Never Have I Ever: Season 1: Pilot (Episode 1),2023-06-17 19:01:24,22,Device Type 1
User 8,Never Have I Ever: Season 1: Pilot (Episode 1),2023-06-15 17:18:12,1510,Device Type 0
User 8,Brooklyn Nine-Nine: Season 1: Christmas (Episode 11),2023-06-14 17:24:59,536,Device Type 1
User 8,Brooklyn Nine-Nine: Season 1: Thanksgiving (Episode 10),2023-06-14 17:03:21,1297,Device Type 1
User 8,Brooklyn Nine-Nine: Season 1: Sal's Pizza (Episode 9),2023-06-14 17:03:10,6,Device Type 1
User 8,Season 1 Trailer: FUBAR,2023-06-14 14:59:40,8,Device Type 1
User 8,Gumraah,2023-06-14 08:17:02,401,Device Type 1
User 8,Gumraah,2023-06-14 07:19:04,1199,Device Type 1
User 8,Gumraah,2023-06-13 18:09:01,5705,Device Type 1
User 8,Gumrah (Thadam Remake)_hook_02_16x9,2023-06-13 18:08:10,40,Device Type 1
User 8,Season 4 Part 2: Main Character Intro Clip: Manifest,2023-06-13 15:52:25,11,Device Type 1
User 8,Season 1 Teaser: Bloodhounds,2023-06-13 15:52:18,7,Device Type 1
User 8,Season 4 Trailer: Never Have I Ever,2023-06-13 15:52:06,9,Device Type 1
User 8,Shooter_hook_primary_16x9,2023-06-13 15:51:18,33,Device Type 1
User 8,Mrs. Chatterjee vs Norway_hook_03_16x9,2023-06-13 15:50:57,20,Device Type 1
User 8,Gumrah (Thadam Remake)_hook_02_16x9,2023-06-13 15:50:40,5,Device Type 1
User 8,Season 3 Act 2 Conflict Clip: Never Have I Ever,2023-06-12 08:31:27,29,Device Type 1
User 8,Never Have I Ever: Season 4: ...said goodbye (Episode 10),2023-06-10 17:26:37,838,Device Type 1
User 8,Never Have I Ever: Season 4: ...said goodbye (Episode 10),2023-06-09 19:15:47,1941,Device Type 1
User 8,Never Have I Ever: Season 4: ...gone to prom (Episode 9),2023-06-09 18:46:00,1598,Device Type 1
User 8,Never Have I Ever: Season 4: ...set my mom up (Episode 8),2023-06-09 18:45:48,4,Device Type 1
User 8,Never Have I Ever: Season 4: ...said goodbye (Episode 10),2023-06-09 18:38:55,121,Device Type 1
User 8,Never Have I Ever: Season 4: ...gone to prom (Episode 9),2023-06-09 18:34:36,219,Device Type 1
User 8,Never Have I Ever: Season 4: ...set my mom up (Episode 8),2023-06-09 18:03:52,1801,Device Type 1
User 8,Never Have I Ever: Season 4: ...had an identity crisis (Episode 7),2023-06-09 18:00:36,193,Device Type 1
User 8,Never Have I Ever: Season 4: ...had an identity crisis (Episode 7),2023-06-09 17:37:59,1278,Device Type 1
User 8,Never Have I Ever: Season 4: ...had my dream stolen (Episode 6),2023-06-09 17:07:58,1801,Device Type 1
User 8,Never Have I Ever: Season 4: ...been to New Jersey (Episode 5),2023-06-09 16:42:14,1459,Device Type 1
User 8,Never Have I Ever: Season 4: ...wrecked my future (Episode 4),2023-06-09 16:41:50,10,Device Type 1
User 8,Never Have I Ever: Season 4: ...been to New Jersey (Episode 5),2023-06-09 16:41:26,12,Device Type 1
User 8,Never Have I Ever: Season 4: ...been to New Jersey (Episode 5),2023-06-08 19:57:43,105,Device Type 1
User 8,Never Have I Ever: Season 4: ...wrecked my future (Episode 4),2023-06-08 19:30:14,1604,Device Type 1
User 8,Never Have I Ever: Season 4: ...liked a bad boy (Episode 3),2023-06-08 19:07:02,1390,Device Type 1
User 8,Never Have I Ever: Season 4: ...gotten sweet revenge (Episode 2),2023-06-08 19:03:07,234,Device Type 1
User 8,Never Have I Ever: Season 4: ...gotten sweet revenge (Episode 2),2023-06-08 18:40:04,1206,Device Type 1
User 8,Never Have I Ever: Season 4: ...lost my virginity (Episode 1),2023-06-08 18:17:42,1114,Device Type 1
User 8,Never Have I Ever: Season 4: ...lost my virginity (Episode 1),2023-06-08 18:01:17,256,Device Type 1
User 8,Never Have I Ever: Season 4: ...lost my virginity (Episode 1),2023-06-08 17:39:46,223,Device Type 1
User 8,Season 2 Trailer: Never Have I Ever,2023-06-08 11:39:53,7,Device Type 1
User 8,Ghost Stories,2023-06-05 17:31:06,1,Device Type 1
User 8,Friends: Season 1: The One with All the Poker (Episode 18),2023-06-05 17:26:54,68,Device Type 1
User 8,Friends: Season 1: The One with the Two Parts: Part 2 (Episode 17),2023-06-05 17:26:14,20,Device Type 1
User 8,Friends: Season 1: The One with All the Poker (Episode 18),2023-06-05 17:25:49,6,Device Type 1
User 8,Friends: Season 1: The One with All the Poker (Episode 18),2023-06-04 18:16:42,4,Device Type 1
User 8,Friends: Season 1: The One with the Two Parts: Part 2 (Episode 17),2023-06-04 17:54:45,1315,Device Type 1
User 8,Friends: Season 1: The One with the Two Parts: Part 1 (Episode 16),2023-06-04 17:49:42,301,Device Type 1
User 8,Friends: Season 1: The One with the Two Parts: Part 1 (Episode 16),2023-06-04 17:31:58,1035,Device Type 1
User 8,Friends: Season 1: The One with the Stoned Guy (Episode 15),2023-06-04 17:28:28,172,Device Type 1
User 8,Gatta Kusthi,2023-06-04 17:28:08,11,Device Type 1
User 8,Friends: Season 1: The One with the Stoned Guy (Episode 15),2023-06-02 16:45:33,1287,Device Type 1
User 8,Friends: Season 1: The One with the Stoned Guy (Episode 15),2023-06-02 16:39:42,291,Device Type 1
User 8,Friends: Season 1: The One with the Candy Hearts (Episode 14),2023-06-02 16:27:26,517,Device Type 1
User 8,Friends: Season 1: The One with the Candy Hearts (Episode 14),2023-06-01 18:57:59,851,Device Type 1
User 8,Friends: Season 1: The One with the Boobies (Episode 13),2023-06-01 18:47:09,645,Device Type 1
User 8,Friends: Season 1: The One with the Boobies (Episode 13),2023-05-31 19:22:41,710,Device Type 1
User 8,Friends: Season 1: The One with the Dozen Lasagnas (Episode 12),2023-05-31 19:22:31,4,Device Type 1
User 8,Friends: Season 1: The One with the Boobies (Episode 13),2023-05-31 19:22:14,2,Device Type 1
User 8,Friends: Season 1: The One with the Boobies (Episode 13),2023-05-31 19:22:07,2,Device Type 1
User 8,Friends: Season 1: The One with the Dozen Lasagnas (Episode 12),2023-05-31 18:59:22,1190,Device Type 1
User 8,Friends: Season 1: The One with the Dozen Lasagnas (Episode 12),2023-05-31 09:57:08,199,Device Type 1
User 8,Friends: Season 1: The One with Mrs. Bing (Episode 11),2023-05-31 09:36:42,1093,Device Type 1
User 8,Season 2 Clip: Barbecue Showdown,2023-05-30 20:46:36,9,Device Type 1
User 8,Genre Specific Moment Clip: Hard Feelings,2023-05-30 20:45:14,53,Device Type 1
User 8,Trailer: Laya's Horizon,2023-05-30 20:43:00,29,Device Type 1
User 8,Cinemagraph: Laya's Horizon,2023-05-30 20:42:56,30,Device Type 1
User 8,Friends: Season 1: The One with Mrs. Bing (Episode 11),2023-05-30 19:05:07,324,Device Type 1
User 8,Brooklyn Nine-Nine: Season 1: Sal's Pizza (Episode 9),2023-05-30 16:51:26,771,Device Type 1
User 8,Brooklyn Nine-Nine: Season 1: Old School (Episode 8),2023-05-30 16:50:21,64,Device Type 1
User 8,Brooklyn Nine-Nine: Season 1: Old School (Episode 8),2023-05-30 16:06:53,1227,Device Type 1
User 8,Brooklyn Nine-Nine: Season 1: 48 Hours (Episode 7),2023-05-30 15:45:22,1290,Device Type 1
User 8,Brooklyn Nine-Nine: Season 1: Halloween (Episode 6),2023-05-30 14:56:45,1301,Device Type 1
User 8,Brooklyn Nine-Nine: Season 1: The Vulture (Episode 5),2023-05-30 14:35:25,1279,Device Type 1
User 8,Brooklyn Nine-Nine: Season 1: M.E. Time (Episode 4),2023-05-30 14:13:56,1288,Device Type 1
User 8,Brooklyn Nine-Nine: Season 1: The Slump (Episode 3),2023-05-30 14:05:36,499,Device Type 1
User 8,Kal Ho Naa Ho,2023-05-30 14:00:25,294,Device Type 1
User 8,Kal Ho Naa Ho_hook_01_16x9,2023-05-30 13:59:57,16,Device Type 1
User 8,Season 1 Trailer: Yeh Kaali Kaali Ankhein,2023-05-30 13:59:19,7,Device Type 1
User 8,Friends: Season 1: The One with Mrs. Bing (Episode 11),2023-05-29 18:52:24,172,Device Type 1
User 8,Friends: Season 1: The One with the Monkey (Episode 10),2023-05-29 18:28:24,1181,Device Type 1
User 8,Brooklyn Nine-Nine: Season 1: The Slump (Episode 3),2023-05-29 17:03:38,664,Device Type 1
User 8,Brooklyn Nine-Nine: Season 1: The Slump (Episode 3),2023-05-29 16:58:50,126,Device Type 1
User 8,Brooklyn Nine-Nine: Season 1: The Tagger (Episode 2),2023-05-29 16:38:11,1237,Device Type 1
User 8,Brooklyn Nine-Nine: Season 1: Pilot (Episode 1),2023-05-29 16:21:43,977,Device Type 1
User 8,Brooklyn Nine-Nine: Season 1: Pilot (Episode 1),2023-05-29 15:30:52,402,Device Type 1
User 8,Friends: Season 1: The One with the Monkey (Episode 10),2023-05-27 19:03:19,185,Device Type 1
User 8,Friends: Season 1: The One Where Underdog Gets Away (Episode 9),2023-05-27 18:41:19,1319,Device Type 1
User 8,Friends: Season 1: The One Where Nana Dies Twice (Episode 8),2023-05-27 18:37:51,207,Device Type 1
User 8,Abeer_hook_primary_16x9,2023-05-26 19:53:40,5,Device Type 1
User 8,Bheed,2023-05-26 18:35:30,4688,Device Type 1
User 8,Abeer_hook_primary_16x9,2023-05-26 18:35:17,11,Device Type 1
User 8,Bheed,2023-05-26 18:07:46,1468,Device Type 1
User 8,Abeer_hook_primary_16x9,2023-05-26 18:07:26,19,Device Type 1
User 8,Rudravanam (Telugu)_hook_primary_16x9,2023-05-26 18:07:11,12,Device Type 1
User 8,Virupaksha,2023-05-26 16:13:43,6630,Device Type 1
User 8,Virupaksha,2023-05-26 16:00:54,405,Device Type 1
User 8,Rudravanam (Telugu)_hook_primary_16x9,2023-05-26 16:00:10,42,Device Type 1
User 8,Rudravanam (Telugu)_hook_primary_16x9,2023-05-26 15:55:52,11,Device Type 1
User 8,Virupaksha,2023-05-26 15:27:15,1328,Device Type 1
User 8,Rudravanam (Telugu)_hook_primary_16x9,2023-05-26 15:27:06,7,Device Type 1
User 8,Abeer_hook_primary_16x9,2023-05-26 15:26:40,9,Device Type 1
User 8,Inciting Incident Clip: Kathal - A Jackfruit Mystery,2023-05-26 15:26:29,8,Device Type 1
User 8,Season 1 Supporting Character Clip: Scoop,2023-05-26 15:15:40,8,Device Type 1
User 8,Friends: Season 1: The One Where Nana Dies Twice (Episode 8),2023-05-25 19:05:58,955,Device Type 1
User 8,Rudravanam (Telugu)_hook_primary_16x9,2023-05-25 19:05:26,28,Device Type 1
User 8,Moment of High Emotion Clip: Victim/Suspect,2023-05-25 19:05:02,17,Device Type 1
User 8,Friends: Season 1: The One Where Nana Dies Twice (Episode 8),2023-05-25 18:13:39,191,Device Type 1
User 8,Friends: Season 1: The One with the Blackout (Episode 7),2023-05-25 17:55:08,1065,Device Type 1
User 8,Friends: Season 1: The One Where Nana Dies Twice (Episode 8),2023-05-25 17:54:50,6,Device Type 1
User 8,Friends: Season 1: The One with the Blackout (Episode 7),2023-05-24 18:15:46,1283,Device Type 1
User 8,Friends: Season 1: The One with the Butt (Episode 6),2023-05-24 18:11:58,212,Device Type 1
User 8,Friends: Season 1: The One Where Nana Dies Twice (Episode 8),2023-05-24 18:11:33,1,Device Type 1
User 8,Friends: Season 1: The One with the Blackout (Episode 7),2023-05-24 18:11:23,4,Device Type 1
User 8,Friends: Season 1: The One with the Butt (Episode 6),2023-05-23 18:10:26,1149,Device Type 1
User 8,Friends: Season 1: The One with the East German Laundry Detergent (Episode 5),2023-05-23 17:59:53,620,Device Type 1
User 8,Season 1 Trailer 3: Betaal,2023-05-23 14:44:00,9,Device Type 1
User 8,Genre Specific Moment Clip: Kathal - A Jackfruit Mystery,2023-05-23 14:43:45,7,Device Type 1
User 8,Kathal - A Jackfruit Mystery,2023-05-23 08:19:37,1,Device Type 0
User 8,Friends: Season 1: The One with the East German Laundry Detergent (Episode 5),2023-05-22 18:35:25,790,Device Type 1
User 8,Friends: Season 1: The One with George Stephanopoulos (Episode 4),2023-05-22 18:31:23,88,Device Type 1
User 8,Friends: Season 1: The One with the Butt (Episode 6),2023-05-22 18:31:07,1,Device Type 1
User 8,Friends: Season 1: The One with the East German Laundry Detergent (Episode 5),2023-05-22 18:30:57,5,Device Type 1
User 8,Friends: Season 1: The One with George Stephanopoulos (Episode 4),2023-05-21 18:47:48,399,Device Type 1
User 8,Ghoul: Season 1 (Trailer),2023-05-21 16:09:20,75,Device Type 1
User 8,Trailer: Hit,2023-05-21 16:08:55,4,Device Type 1
User 8,Badla_hook_03_16x9,2023-05-21 16:08:00,46,Device Type 1
User 8,Season 2 Upper Bound Clip 9: Delhi Crime,2023-05-21 16:06:39,60,Device Type 1
User 8,Codename: Tiranga (fka Durga)_hook_05_16x9,2023-05-21 16:05:31,53,Device Type 1
User 8,Trailer: Hit,2023-05-21 16:04:40,32,Device Type 1
User 8,Ek Villain 2_hook_05_16x9,2023-05-21 16:03:43,35,Device Type 1
User 8,Trailer: Dhamaka,2023-05-21 16:01:34,126,Device Type 1
User 8,Teaser: Thar,2023-05-21 15:59:38,107,Device Type 1
User 8,Cliffhanger Clip: Chor Nikal Ke Bhaga,2023-05-21 15:58:39,37,Device Type 1
User 8,Typewriter: Season 1 (CEE- Ravi Character Intro + End Bumper),2023-05-21 15:57:07,42,Device Type 1
User 8,Cliffhanger Clip: Malnazidos,2023-05-21 15:56:21,37,Device Type 1
User 8,Betaal: Season 1: The Colonel (Episode 4),2023-05-21 15:33:25,1355,Device Type 1
User 8,Betaal: Season 1: The Colonel (Episode 4),2023-05-21 15:12:11,1174,Device Type 1
User 8,Betaal: Season 1: The Colonel (Episode 4),2023-05-21 14:53:16,21,Device Type 1
User 8,Betaal: Season 1: The Battle (Episode 3),2023-05-21 14:10:04,2590,Device Type 1
User 8,Betaal: Season 1: The Barracks (Episode 2),2023-05-21 13:23:53,2770,Device Type 1
User 8,Betaal: Season 1: The Tunnel (Episode 1),2023-05-21 12:41:21,2535,Device Type 1
User 8,Season 1 Bonus Video 1: Betaal,2023-05-21 12:40:42,30,Device Type 1
User 8,A Man Called Otto_hook_01_16x9,2023-05-21 12:39:04,89,Device Type 1
User 8,Season 2 Genre Specific Moment Clip 2: Sex/Life,2023-05-21 12:38:12,29,Device Type 1
User 8,Cliffhanger Clip 2: Stranger Things 4 Volume 2,2023-05-21 12:37:19,36,Device Type 1
User 8,Kannai Nambathe_hook_02_16x9,2023-05-21 12:36:21,43,Device Type 1
User 8,Rudravanam (Telugu)_hook_02_16x9,2023-05-21 12:34:57,67,Device Type 1
User 8,Season 1 Trailer: Caliphate,2023-05-21 11:15:16,4,Device Type 1
User 8,Dasara (Tamil),2023-05-21 10:31:01,2364,Device Type 1
User 8,Dasara,2023-05-21 10:30:14,38,Device Type 1
User 8,Ayalvaashi_hook_03_16x9,2023-05-21 10:29:26,7,Device Type 1
User 8,Dasara,2023-05-21 10:20:15,8017,Device Type 1
User 8,Dasara_hook_05_16x9,2023-05-21 10:19:58,14,Device Type 1
User 8,Ishq Remake_hook_02_16x9,2023-05-21 10:19:39,6,Device Type 1
User 8,Main Character Clip: Mother's Day,2023-05-21 10:19:13,9,Device Type 1
User 8,Dasara,2023-05-21 10:07:44,5,Device Type 1
User 8,Dasara,2023-05-21 09:50:03,933,Device Type 1
User 8,Dasara_hook_05_16x9,2023-05-21 09:49:55,6,Device Type 1
User 8,Kathal - A Jackfruit Mystery,2023-05-21 09:27:43,1319,Device Type 1
User 8,Kathal - A Jackfruit Mystery,2023-05-21 09:27:28,5,Device Type 1
User 8,Kathal - A Jackfruit Mystery,2023-05-21 08:05:22,4095,Device Type 1
User 8,Kathal - A Jackfruit Mystery,2023-05-21 08:05:16,5,Device Type 1
User 8,Kathal - A Jackfruit Mystery,2023-05-21 07:25:19,1814,Device Type 1
User 8,Trailer: Kathal - A Jackfruit Mystery,2023-05-21 07:23:44,93,Device Type 1
User 8,Trailer: OXENFREE,2023-05-21 07:23:30,8,Device Type 1
User 8,Trailer: Narcos: Cartel Wars Unlimited,2023-05-21 07:22:56,34,Device Type 1
User 8,Trailer: Highwater,2023-05-21 07:22:50,4,Device Type 1
User 8,"Season 1 Inciting Incident Clip: XO, Kitty",2023-05-21 07:21:22,84,Device Type 1
User 8,Teaser 4: Queen Charlotte: A Bridgerton Story,2023-05-21 07:21:10,10,Device Type 1
User 8,Season 1 Teaser: Black Knight,2023-05-21 07:20:33,36,Device Type 1
User 8,Season 1 Teaser 1: Wednesday,2023-05-21 07:18:59,93,Device Type 1
User 8,Season 1 Teaser: The Good Bad Mother,2023-05-21 07:18:34,25,Device Type 1
User 8,Season 1 Cliffhanger Clip: Rana Naidu,2023-05-21 07:17:30,59,Device Type 1
User 8,Season 1 WTW Teaser: All of Us Are Dead,2023-05-21 07:17:00,30,Device Type 1
User 8,True Beauty: Season 1_hook_02_16x9,2023-05-21 07:16:19,39,Device Type 1
User 8,Season 1 Trailer: The Night Agent,2023-05-21 07:13:50,119,Device Type 1
User 8,Trailer: Kathal - A Jackfruit Mystery,2023-05-21 07:11:52,116,Device Type 1
User 8,Mrs. Chatterjee vs Norway_hook_03_16x9,2023-05-21 07:11:09,35,Device Type 1
User 8,Thiruvin Kural,2023-05-21 07:09:11,104,Device Type 1
User 8,Untitled Arulnithi_hook_01_16x9,2023-05-21 07:08:47,18,Device Type 1
User 8,Thiruvin Kural,2023-05-21 05:48:34,4157,Device Type 1
User 8,Untitled Arulnithi_hook_01_16x9,2023-05-21 05:48:28,4,Device Type 1
User 8,Thiruvin Kural,2023-05-21 05:12:01,2137,Device Type 1
User 8,Thiruvin Kural,2023-05-21 05:11:52,7,Device Type 1
User 8,Thiruvin Kural,2023-05-21 04:58:20,507,Device Type 1
User 8,Genre Specific Moment Clip: Mission Majnu,2023-05-21 04:58:12,4,Device Type 1
User 8,Mission Majnu,2023-05-21 04:38:51,1158,Device Type 1
User 8,Genre Specific Moment Clip: Mission Majnu,2023-05-21 04:38:45,4,Device Type 1
User 8,Mission Majnu,2023-05-21 04:20:18,728,Device Type 1
User 8,Mission Majnu,2023-05-21 04:20:08,8,Device Type 1
User 8,Mission Majnu,2023-05-21 02:15:43,5971,Device Type 1
User 8,Genre Specific Moment Clip: Mission Majnu,2023-05-21 02:15:29,11,Device Type 1
User 8,Untitled Arulnithi_hook_01_16x9,2023-05-21 02:15:15,11,Device Type 1
User 8,Clifford the Big Red Dog_hook_primary_16x9,2023-05-21 02:13:16,104,Device Type 1
User 8,Dasara_hook_05_16x9,2023-05-21 02:11:01,59,Device Type 1
User 8,Genre Specific Moment Clip: Mission Majnu,2023-05-21 02:10:38,19,Device Type 1
User 8,Ayalvaashi_hook_primary_16x9,2023-05-21 02:10:31,6,Device Type 1
User 8,Ayalvaashi,2023-05-21 02:00:25,605,Device Type 1
User 8,Ayalvaashi_hook_primary_16x9,2023-05-21 01:55:24,7,Device Type 1
User 8,Friends: Season 1: The One with George Stephanopoulos (Episode 4),2023-05-20 19:04:31,421,Device Type 1
User 8,Friends: Season 1: The One with the East German Laundry Detergent (Episode 5),2023-05-20 19:03:57,5,Device Type 1
User 8,Ayalvaashi,2023-05-20 17:20:37,1803,Device Type 1
User 8,Ayalvaashi,2023-05-20 16:14:49,3388,Device Type 1
User 8,Ayalvaashi_hook_primary_16x9,2023-05-20 16:13:49,59,Device Type 1
User 8,Ayalvaashi_hook_primary_16x9,2023-05-20 16:13:16,8,Device Type 1
User 8,Ayalvaashi,2023-05-20 16:08:23,200,Device Type 1
User 8,Ayalvaashi_hook_primary_16x9,2023-05-20 16:08:04,17,Device Type 1
User 8,Shehzada (2022)_hook_03_16x9,2023-05-20 16:07:28,33,Device Type 1
User 8,Teaser: The Mother,2023-05-20 16:07:15,12,Device Type 1
User 8,Tu Jhoothi Main Makkaar_hook_05_16x9,2023-05-20 16:07:04,11,Device Type 1
User 8,Mrs. Chatterjee vs Norway_hook_03_16x9,2023-05-20 16:06:57,5,Device Type 1
User 8,Trailer: Kathal - A Jackfruit Mystery,2023-05-20 16:06:48,8,Device Type 1
User 8,Breaking Bad: Season 1_hook_03_16x9,2023-05-20 16:06:39,6,Device Type 1
User 8,Rudravanam (Telugu)_hook_primary_16x9,2023-05-20 16:06:30,5,Device Type 1
User 8,Main Character Clip: Mother's Day,2023-05-20 16:05:17,61,Device Type 1
User 8,Untitled Arulnithi_hook_01_16x9,2023-05-20 16:05:01,14,Device Type 1
User 8,Untitled Arulnithi_hook_01_16x9,2023-05-20 16:04:33,25,Device Type 1
User 8,Faraaz_hook_primary_16x9,2023-05-20 16:03:41,6,Device Type 1
User 8,Kutte_hook_03_16x9,2023-05-20 16:03:16,8,Device Type 1
User 8,Vaathi (Hindi)_hook_01_16x9,2023-05-20 16:03:01,6,Device Type 1
User 8,Tu Jhoothi Main Makkaar_hook_05_16x9,2023-05-20 16:02:46,10,Device Type 1
User 8,Kathal - A Jackfruit Mystery,2023-05-20 13:13:55,6779,Device Type 1
User 8,Trailer: Kathal - A Jackfruit Mystery,2023-05-20 13:12:40,74,Device Type 1
User 8,Ouija_hook_08_16x9,2023-05-20 13:11:22,22,Device Type 1
User 8,The Possession of Hannah Grace,2023-05-20 13:10:27,36,Device Type 1
User 8,The Possession of Hannah Grace,2023-05-20 12:54:34,728,Device Type 1
User 8,The Possession of Hannah Grace,2023-05-20 12:54:13,2,Device Type 1
User 8,The Possession of Hannah Grace,2023-05-20 11:33:28,4217,Device Type 1
User 8,Carrie_hook_primary_16x9,2023-05-20 11:32:18,26,Device Type 1
User 8,Insidious: The Last Key_hook_primary_16x9,2023-05-20 11:31:17,48,Device Type 1
User 8,The Possession of Hannah Grace_hook_03_16x9,2023-05-20 11:30:32,36,Device Type 1
User 8,Season 1 WTW Teaser: All of Us Are Dead,2023-05-20 11:30:19,5,Device Type 1
User 8,Bhool Bhulaiya 2: Trailer,2023-05-20 11:30:06,4,Device Type 1
User 8,Qorin_hook_04_16x9,2023-05-20 11:29:36,4,Device Type 1
User 8,Bayi Ajaib_hook_05_16x9,2023-05-20 11:28:52,38,Device Type 1
User 8,Friends: Season 1: The One with the East German Laundry Detergent (Episode 5),2023-05-19 19:02:49,1184,Device Type 1
User 8,Friends: Season 1: The One with George Stephanopoulos (Episode 4),2023-05-19 18:48:12,775,Device Type 1
User 8,Friends: Season 1: The One with George Stephanopoulos (Episode 4),2023-05-19 17:12:54,165,Device Type 1
User 8,Friends: Season 1: The One with George Stephanopoulos (Episode 4),2023-05-18 18:17:44,593,Device Type 1
User 8,Friends: Season 1: The One with the Thumb (Episode 3),2023-05-18 18:14:46,172,Device Type 1
User 8,Friends: Season 1: The One with George Stephanopoulos (Episode 4),2023-05-18 18:14:35,1,Device Type 1
User 8,Friends: Season 1: The One with George Stephanopoulos (Episode 4),2023-05-18 18:14:04,20,Device Type 1
User 8,Lakshya,2023-05-18 14:39:15,68,Device Type 1
User 8,Lakshya,2023-05-18 14:39:04,9,Device Type 1
User 8,Lakshya,2023-05-18 14:38:26,33,Device Type 1
User 8,Lakshya_hook_03_16x9,2023-05-18 14:38:05,18,Device Type 1
User 8,Paan Singh Tomar_hook_01_16x9,2023-05-18 14:37:40,13,Device Type 1
User 8,Gurgaon_hook_05_16x9,2023-05-18 14:37:17,7,Device Type 1
User 8,Trailer: Serious Men,2023-05-18 14:37:05,4,Device Type 1
User 8,Public Enemies_hook_01_16x9,2023-05-18 14:35:57,6,Device Type 1
User 8,Friends: Season 1: The One with George Stephanopoulos (Episode 4),2023-05-17 18:39:51,36,Device Type 1
User 8,Friends: Season 1: The One with the Thumb (Episode 3),2023-05-17 18:18:59,1234,Device Type 1
User 8,Lucifer: Season 2_hook_primary_16x9,2023-05-17 18:18:39,7,Device Type 1
User 8,Friends: Season 1: The One with the Sonogram at the End (Episode 2),2023-05-16 04:34:06,1349,Device Type 1
User 8,Friends: Season 1: The One Where Monica Gets a Roommate (Pilot) (Episode 1),2023-05-15 17:46:41,1331,Device Type 1
User 8,Friends: Season 1: The One Where Monica Gets a Roommate (Pilot) (Episode 1),2023-05-15 17:46:23,11,Device Type 1
User 8,Friends: Season 1: The One with the Butt (Episode 6),2023-05-15 17:45:20,5,Device Type 1
User 8,Gatta Kusthi,2023-05-15 17:43:48,86,Device Type 1
User 8,Gatta Kusthi,2023-05-15 17:42:19,58,Device Type 1
User 8,Season 1 Trailer: Snowpiercer,2023-05-14 19:01:50,5,Device Type 1
User 8,Lucifer: Season 4 (Franchise Trailer),2023-05-14 19:01:40,6,Device Type 1
User 8,Clip: There’s Someone Inside Your House,2023-05-14 19:01:06,26,Device Type 1
User 8,Clip: Devil in Ohio,2023-05-14 19:00:45,5,Device Type 1
User 8,Season 1 Genre Specific Moment Clip: Devil in Ohio,2023-05-11 18:03:46,9,Device Type 1
User 8,Moment of High Emotion Clip 2: Keep Breathing,2023-05-11 18:03:25,6,Device Type 1
User 8,Season 3 Supporting Character Clip: Snowpiercer,2023-05-11 18:03:11,6,Device Type 1
User 8,Haunted: Season 2 TextInTrailer_Evidence,2023-05-11 18:02:36,8,Device Type 1
User 8,Dracula: Season 1 (Trailer),2023-05-11 18:02:22,8,Device Type 1
User 8,Ghost Ship_hook_primary_16x9,2023-05-11 18:01:44,4,Device Type 1
User 8,Season 1 Teaser: 1899,2023-05-10 18:34:41,19,Device Type 1
User 8,High Seas: Season 1 (Trailer),2023-05-10 18:34:23,4,Device Type 1
User 8,Season 1 Teaser: 1899,2023-05-10 18:34:09,9,Device Type 1
User 8,The Uninvited_hook_primary_16x9,2023-05-10 18:32:31,9,Device Type 1
User 8,The Haunting of Hill House: Review :30,2023-05-10 18:30:50,31,Device Type 1
User 8,The Witch_hook_primary_16x9,2023-05-10 18:30:21,7,Device Type 1
User 8,The Haunting of Hill House: Review :30,2023-05-10 18:29:42,9,Device Type 1
User 8,Kuntilanak (Trailer),2023-05-10 18:28:47,7,Device Type 1
User 8,Ouija: Origin of Evil_hook_06_16x9,2023-05-10 18:28:12,20,Device Type 1
User 8,Plot Clip: The Chalk Line,2023-05-10 18:27:52,4,Device Type 1
User 8,Aftermath_hook_primary_16x9,2023-05-10 18:27:13,19,Device Type 1
User 8,Things Heard & Seen,2023-05-10 08:28:53,2056,Device Type 1
User 8,Things Heard & Seen,2023-05-09 17:11:59,3781,Device Type 1
User 8,Things Heard & Seen,2023-05-08 17:40:08,1158,Device Type 1
User 8,Things Heard & Seen,2023-05-08 17:21:35,168,Device Type 1
User 8,Plot Clip: The Chalk Line,2023-05-08 17:21:05,9,Device Type 1
User 8,Things Heard & Seen - Baseline Clip 1,2023-05-08 17:20:40,13,Device Type 1
User 8,Fidaa,2023-05-08 17:15:35,8,Device Type 1
User 8,Dasara (Malayalam),2023-05-05 21:53:56,10,Device Type 1
User 8,Squid Game: Season 1: A Fair World (Episode 5),2023-05-05 21:53:32,1,Device Type 1
User 8,Squid Game: Season 1: Stick to the Team (Episode 4),2023-05-05 21:53:17,9,Device Type 1
User 8,Friends: Season 1: The One with the East German Laundry Detergent (Episode 5),2023-05-05 21:52:51,15,Device Type 1
User 8,Dasara (Tamil),2023-05-05 21:52:10,24,Device Type 1
User 8,Unsolved Mysteries: Volume 3: Paranormal Rangers (Episode 5),2023-05-05 21:51:33,19,Device Type 1
User 8,Dasara (Tamil),2023-05-05 21:51:17,4,Device Type 1
User 8,Gandu,2023-05-05 21:39:36,588,Device Type 1
User 8,The Good Doctor: Season 1: Burnt Food (Episode 1),2023-05-02 09:11:57,7,Device Type 1
User 8,Dasara (Tamil),2023-05-02 09:10:09,3,Device Type 1
User 8,Ouija,2023-04-29 18:39:59,462,Device Type 1
User 8,Ouija_hook_04_16x9,2023-04-29 18:39:21,24,Device Type 1
User 8,Inciting Incident Clip: Phenomena,2023-04-29 18:38:45,23,Device Type 1
User 8,Qorin,2023-04-29 18:01:49,2180,Device Type 1
User 8,Qorin_hook_05_16x9,2023-04-29 18:01:30,16,Device Type 1
User 8,Qorin,2023-04-29 13:23:12,2083,Device Type 1
User 8,Qorin,2023-04-29 12:55:25,1560,Device Type 1
User 8,Qorin_hook_05_16x9,2023-04-29 12:55:16,7,Device Type 1
User 8,Qorin,2023-04-29 12:51:42,202,Device Type 1
User 8,Agneepath (2012),2023-04-29 10:33:35,8264,Device Type 1
User 8,Agneepath (2012),2023-04-29 09:59:05,1352,Device Type 1
User 8,Agneepath (2012)_hook_02_16x9,2023-04-29 09:58:06,50,Device Type 1
User 8,Kutte_hook_03_16x9,2023-04-29 09:57:47,11,Device Type 1
User 8,Rekha_hook_03_16x9,2023-04-29 09:57:08,17,Device Type 1
User 8,Dasara (Tamil)_hook_primary_16x9,2023-04-29 09:56:39,7,Device Type 1
User 8,Super Deluxe,2023-04-28 16:52:03,62,Device Type 1
User 8,Super Deluxe_hook_02_16x9,2023-04-28 16:50:14,96,Device Type 1
User 8,Raangi_hook_03_16x9,2023-04-28 16:49:19,45,Device Type 1
User 8,Nee Enge En Anbe (Kahaani remake)_hook_05_16x9,2023-04-28 16:48:07,42,Device Type 1
User 8,Squid Game: Season 1: Stick to the Team (Episode 4),2023-04-28 09:47:26,5,Device Type 11
User 8,Squid Game: Season 1: Stick to the Team (Episode 4),2023-04-28 09:43:24,138,Device Type 11
User 8,Squid Game: Season 1: Stick to the Team (Episode 4),2023-04-28 09:35:22,367,Device Type 11
User 8,Squid Game: Season 1: The Man with the Umbrella (Episode 3),2023-04-28 09:17:21,950,Device Type 11
User 8,Squid Game: Season 1: Hell (Episode 2),2023-04-28 09:16:15,4,Device Type 11
User 8,The Conjuring 2,2023-04-28 09:13:42,71,Device Type 11
User 8,Bram Stoker's Dracula,2023-04-26 11:55:31,1456,Device Type 11
User 8,The Conjuring 2,2023-04-26 11:50:28,88,Device Type 11
User 8,Anacondas: The Hunt for the Blood Orchid_hook_primary_16x9,2023-04-26 11:49:51,23,Device Type 11
User 8,Annabelle: Creation_hook_primary_16x9,2023-04-23 17:25:15,42,Device Type 1
User 8,Limited Series Teaser 1: Obsession,2023-04-23 17:23:53,30,Device Type 1
User 8,Raangi_hook_05_16x9,2023-04-23 17:13:04,4,Device Type 1
User 8,Shyam Singha Roy,2023-04-23 16:14:00,455,Device Type 1
User 8,Shyam Singha Roy_hook_01_16x9,2023-04-22 18:37:36,11,Device Type 1
User 8,Virata Parwam (Tamil)_hook_02_16x9,2023-04-22 18:36:52,10,Device Type 1
User 8,Time Trap (2017)_hook_primary_16x9,2023-04-22 18:36:09,9,Device Type 1
User 8,Kurup (Malayalam),2023-04-21 12:54:20,168,Device Type 11
User 8,Kurup (Malayalam),2023-04-21 12:33:44,1022,Device Type 11
User 8,Bram Stoker's Dracula,2023-04-21 12:14:56,19,Device Type 11
User 8,Qorin,2023-04-21 12:07:16,330,Device Type 11
User 8,Ouija,2023-04-21 11:46:03,858,Device Type 11
User 8,Ouija,2023-04-21 11:44:39,14,Device Type 11
User 8,Ouija,2023-04-21 11:00:58,1598,Device Type 11
User 8,Gatta Kusthi,2023-04-20 18:26:53,2006,Device Type 1
User 8,Ghost Stories,2023-04-20 18:26:34,8,Device Type 1
User 8,Ghost Stories,2023-04-20 18:26:26,2,Device Type 1
User 8,Ghost Stories,2023-04-20 18:26:07,2,Device Type 1
User 8,Season 2 Genre Specific Moment Clip 2: Sex/Life,2023-04-20 18:25:29,20,Device Type 1
User 8,Lust Stories,2023-04-20 13:06:25,2199,Device Type 1
User 8,Ghost Stories,2023-04-20 12:14:07,1732,Device Type 1
User 8,Roohi,2023-04-20 08:50:17,7816,Device Type 11
User 8,Ghost Stories,2023-04-20 08:13:18,2162,Device Type 11
User 8,Trailer: Roohi,2023-04-20 08:12:06,4,Device Type 1
User 8,Trailer: Roohi,2023-04-20 08:11:57,5,Device Type 1
User 8,DSP,2023-04-19 14:50:22,840,Device Type 1
User 8,DSP,2023-04-19 13:00:49,4683,Device Type 1
User 8,DSP,2023-04-19 12:13:56,2805,Device Type 1
User 8,Untitled Sun 1 (VS) (to be renamed)_hook_primary_16x9,2023-04-19 12:12:15,97,Device Type 1
User 8,Untitled Sun 1 (VS) (to be renamed)_hook_primary_16x9,2023-04-19 12:11:27,30,Device Type 1
User 8,Gatta Kusthi,2023-04-18 16:58:27,1864,Device Type 1
User 8,Gatta Kusthi,2023-04-18 16:53:06,279,Device Type 1
User 8,Gatta Kusthi_hook_03_16x9,2023-04-18 16:52:57,7,Device Type 1
User 8,Gangubai Kathiawadi,2023-04-18 09:09:45,2959,Device Type 1
User 8,Gangubai Kathiawadi,2023-04-18 08:45:02,1378,Device Type 1
User 8,Gatta Kusthi,2023-04-18 08:44:39,6,Device Type 1
User 8,Gatta Kusthi,2023-04-18 08:44:26,1,Device Type 1
User 8,Gangubai Kathiawadi,2023-04-17 16:56:31,4708,Device Type 1
User 8,Gangubai Kathiawadi,2023-04-17 16:54:45,97,Device Type 1
User 8,Gangubai Kathiawadi_hook_02_16x9,2023-04-17 16:54:11,31,Device Type 1
User 8,Gangubai Kathiawadi_hook_02_16x9,2023-04-17 16:53:43,4,Device Type 1
User 8,Gangubai Kathiawadi_hook_02_16x9,2023-04-17 16:53:16,10,Device Type 1
User 8,Season 2 Trailer: Never Have I Ever,2023-04-17 16:50:47,4,Device Type 1
User 8,Cinemagraph: Reigns: Three Kingdoms,2023-04-14 09:31:18,12,Device Type 1
User 8,Wednesday: Season 1: You Reap What You Woe (Episode 5),2023-04-11 13:16:30,236,Device Type 1
User 8,Vaathi,2023-04-11 13:14:01,3,Device Type 1
User 8,Loving Adults,2023-04-10 09:37:55,58,Device Type 1
User 8,Rekha,2023-04-10 09:33:37,4,Device Type 1
User 8,Rekha,2023-04-10 09:29:24,233,Device Type 1
User 8,Ghost Stories (Trailer),2023-04-09 17:36:08,120,Device Type 1
User 8,The Haunting of Hill House: Directing Fear (Featurette),2023-04-09 17:35:25,23,Device Type 1
User 8,Breaking Bad: Season 3: One Minute (Episode 7),2023-04-08 18:37:53,3,Device Type 1
User 8,Breaking Bad: Season 3: Kafkaesque (Episode 9),2023-04-08 18:37:38,2,Device Type 1
User 8,Doctor G,2023-04-08 18:09:28,2551,Device Type 1
User 8,Doctor G,2023-04-08 13:08:57,60,Device Type 1
User 8,Stree Rog Vibhaag_hook_02_16x9,2023-04-08 13:08:50,5,Device Type 1
User 8,Stree Rog Vibhaag_hook_02_16x9,2023-04-08 12:55:33,5,Device Type 1
User 8,Cinemagraph: SpongeBob: Get Cooking,2023-04-02 19:47:19,4,Device Type 1
User 8,Friends: Season 1: The One with the East German Laundry Detergent (Episode 5),2023-04-02 14:42:19,68,Device Type 1
User 8,Friends: Season 1: The One with the East German Laundry Detergent (Episode 5),2023-04-02 14:03:57,119,Device Type 1
User 8,Friends: Season 1: The One with George Stephanopoulos (Episode 4),2023-04-02 14:00:23,213,Device Type 1
User 8,Friends: Season 1: The One with George Stephanopoulos (Episode 4),2023-04-02 13:52:35,463,Device Type 1
User 8,Friends: Season 1: The One with George Stephanopoulos (Episode 4),2023-04-02 13:03:51,673,Device Type 1
User 8,Friends: Season 1: The One with the Thumb (Episode 3),2023-04-02 13:03:47,1,Device Type 1
User 8,The Conjuring: The Devil Made Me Do It,2023-04-02 12:27:09,2151,Device Type 1
User 8,The Conjuring: The Devil Made Me Do It,2023-04-02 12:14:33,751,Device Type 1
User 8,The Conjuring: The Devil Made Me Do It,2023-04-02 12:00:46,819,Device Type 1
User 8,The Conjuring: The Devil Made Me Do It,2023-04-02 10:52:41,2726,Device Type 1
User 8,The Conjuring,2023-04-02 09:53:01,42,Device Type 1
User 8,The Conjuring 2,2023-04-02 09:52:39,16,Device Type 1
User 8,The Conjuring: The Devil Made Me Do It,2023-04-02 08:01:43,23,Device Type 1
User 8,Annabelle: Creation,2023-03-31 17:56:52,16,Device Type 1
User 8,Annabelle,2023-03-31 16:33:15,3040,Device Type 1
User 8,Annabelle,2023-03-30 17:41:09,2528,Device Type 1
User 8,Bhool Bhulaiyaa 2,2023-03-22 08:37:14,7581,Device Type 11
User 8,Money Shot: The Pornhub Story,2023-03-20 07:56:25,14,Device Type 1
User 8,Money Shot: The Pornhub Story,2023-03-20 07:19:47,2118,Device Type 1
User 8,Money Shot: The Pornhub Story,2023-03-20 05:43:23,235,Device Type 1
User 8,Sensory Clip: Money Shot: The Pornhub Story,2023-03-20 05:43:10,9,Device Type 1
User 8,Sensory Clip: Money Shot: The Pornhub Story,2023-03-20 05:42:45,21,Device Type 1
User 8,Bullet Train,2023-03-19 03:22:28,263,Device Type 1
User 8,Bullet Train,2023-03-19 03:09:47,747,Device Type 1
User 8,Bullet Train,2023-03-19 02:06:44,2016,Device Type 1
User 8,Bullet Train,2023-03-19 00:55:29,1321,Device Type 1
User 8,Bullet Train,2023-03-18 23:47:54,1362,Device Type 1
User 8,Bullet Train,2023-03-18 21:07:24,1747,Device Type 1
User 8,Inside Job: Part 1: Unpresidented (Episode 1),2023-03-18 21:04:56,66,Device Type 1
User 8,Bullet Train,2023-03-18 20:51:13,124,Device Type 1
User 8,Bullet Train,2023-03-18 20:50:47,9,Device Type 1
User 8,Unsolved Mysteries: Volume 3: Body in Bags (Episode 3),2023-03-18 20:49:56,5,Device Type 1
User 8,Kuttey,2023-03-18 20:39:38,575,Device Type 1
User 8,Kuttey,2023-03-18 19:07:57,5339,Device Type 1
User 8,Kuttey,2023-03-18 18:45:00,408,Device Type 1
User 8,Dil Se,2023-03-18 17:37:02,1853,Device Type 1
User 8,Dil Se,2023-03-18 14:57:01,5695,Device Type 1
User 8,Dil Se,2023-03-18 14:54:00,162,Device Type 1
User 8,Dil Se,2023-03-18 13:53:50,81,Device Type 1
User 8,Dil Se,2023-03-18 12:56:32,2197,Device Type 1
User 8,Main Hoon Na,2023-03-18 12:10:59,2653,Device Type 1
User 8,Main Hoon Na,2023-03-18 11:32:30,155,Device Type 1
User 8,Main Hoon Na,2023-03-18 11:32:24,2,Device Type 1
User 8,Main Hoon Na,2023-03-18 11:06:33,16,Device Type 1
User 8,Main Hoon Na,2023-03-18 10:31:15,832,Device Type 1
User 8,Main Hoon Na,2023-03-18 08:44:09,4312,Device Type 1
User 8,Rekha_hook_03_16x9,2023-03-17 15:28:23,4,Device Type 1
User 8,Rekha,2023-03-17 14:52:02,6880,Device Type 11
User 8,Rekha_hook_03_16x9,2023-03-17 14:39:12,5,Device Type 1
User 8,Informative Clip 2: Crime Scene: The Texas Killing Fields,2023-03-17 07:18:14,5,Device Type 1
User 8,Annabelle,2023-03-15 17:35:13,157,Device Type 1
User 8,Annabelle_hook_primary_16x9,2023-03-15 17:35:06,5,Device Type 1
User 8,The Conjuring 2,2023-03-15 17:34:09,12,Device Type 1
User 8,The Conjuring,2023-03-15 17:33:18,24,Device Type 1
User 8,Never Have I Ever: Season 3: ...lived the dream (Episode 10),2023-03-15 17:26:46,127,Device Type 1
User 8,Never Have I Ever: Season 2: ... been a perfect girl (Episode 10),2023-03-15 17:26:27,3,Device Type 1
User 8,Never Have I Ever: Season 2: ... been a perfect girl (Episode 10),2023-03-15 17:25:55,27,Device Type 1
User 8,Limited Series Cliffhanger Clip: MH370: The Plane That Disappeared,2023-03-15 02:43:03,4,Device Type 1
User 8,DAHMER: Monster: The Jeffrey Dahmer Story: Episode One,2023-03-13 18:45:03,4,Device Type 1
User 8,The Croods: A New Age,2023-03-13 18:32:45,697,Device Type 1
User 8,The Croods: A New Age,2023-03-13 17:54:55,528,Device Type 1
User 8,Part 1 Act 2 Conflict Clip 2: The Glory,2023-03-12 09:02:32,7,Device Type 1
User 8,Cinemagraph: Twelve Minutes,2023-03-11 06:35:06,7,Device Type 1
User 8,Never Have I Ever: Season 2: ... been a perfect girl (Episode 10),2023-03-10 18:25:30,19,Device Type 1
User 8,Never Have I Ever: Season 2: ... stalked my own mother (Episode 9),2023-03-10 18:25:22,3,Device Type 1
User 8,Never Have I Ever: Season 2: ... been Daisy Buchanan (Episode 8),2023-03-10 18:25:10,4,Device Type 1
User 8,Never Have I Ever: Season 2: ... begged for forgiveness (Episode 7),2023-03-10 18:24:59,4,Device Type 1
User 8,Never Have I Ever: Season 2: ... stalked my own mother (Episode 9),2023-03-10 18:22:33,121,Device Type 1
User 8,Never Have I Ever: Season 2: ... been Daisy Buchanan (Episode 8),2023-03-10 18:22:04,1,Device Type 1
User 8,Never Have I Ever: Season 2: ... begged for forgiveness (Episode 7),2023-03-10 18:21:28,9,Device Type 1
User 8,Never Have I Ever: Season 2: ... betrayed a friend (Episode 6),2023-03-10 18:21:25,2,Device Type 1
User 8,Never Have I Ever: Season 2: ... ruined someone's life (Episode 5),2023-03-10 18:21:08,2,Device Type 1
User 8,Never Have I Ever: Season 2: ... had an Indian frenemy (Episode 4),2023-03-10 18:20:21,28,Device Type 1
User 8,Never Have I Ever: Season 2: ... opened a textbook (Episode 3),2023-03-10 18:20:04,3,Device Type 1
User 8,Never Have I Ever: Season 2: ... been a perfect girl (Episode 10),2023-03-10 18:19:03,47,Device Type 1
User 8,Never Have I Ever: Season 3: ...made someone jealous (Episode 4),2023-03-10 18:17:26,7,Device Type 1
User 8,Never Have I Ever: Season 3: …had a valentine (Episode 3),2023-03-10 18:17:11,7,Device Type 1
User 8,Never Have I Ever: Season 3: ...had my own troll (Episode 2),2023-03-10 18:17:00,5,Device Type 1
User 8,Never Have I Ever: Season 3: ...been slut-shamed (Episode 1),2023-03-10 18:16:48,5,Device Type 1
User 8,Never Have I Ever: Season 2: ... been a perfect girl (Episode 10),2023-03-10 18:16:11,28,Device Type 1
User 8,Never Have I Ever: Season 2: ... stalked my own mother (Episode 9),2023-03-10 18:15:57,5,Device Type 1
User 8,Never Have I Ever: Season 3: ...hooked up with my boyfriend (Episode 8),2023-03-10 18:14:41,36,Device Type 1
User 8,Never Have I Ever: Season 1 - Clip 3,2023-03-10 18:14:17,10,Device Type 1
User 8,Charlie's Angels - Clip 1,2023-03-09 07:22:48,33,Device Type 1
User 8,Sex and the City: The Movie - Clip 2,2023-03-09 07:22:16,25,Device Type 1
User 8,After Life: Season 1 - Clip 1 Cutdown,2023-03-09 07:21:58,4,Device Type 1
User 8,Pulp Fiction - Clip 3,2023-03-09 07:21:50,7,Device Type 1
User 8,Delhi Belly - Clip 3,2023-03-09 07:21:39,7,Device Type 1
User 8,Bad Boys for Life - Fast Laughs - Clip 5,2023-03-09 07:20:45,49,Device Type 1
User 8,Pulp Fiction - Clip 1,2023-03-09 07:20:26,12,Device Type 1
User 8,Ride Along 2 - Fast Laughs - Clip 5,2023-03-09 07:19:47,29,Device Type 1
User 8,Pagglait - Clip 1,2023-03-09 07:19:10,29,Device Type 1
User 8,Not Another Teen Movie - Clip 1,2023-03-09 07:18:41,29,Device Type 1
User 8,Wednesday: Season 1 - Fast Laughs - Clip 2,2023-03-09 07:17:42,55,Device Type 1
User 8,Unsolved Mysteries: Volume 3: Body in Bags (Episode 3),2023-03-09 03:13:55,1524,Device Type 1
User 8,Iratta,2023-03-07 17:25:03,6014,Device Type 1
User 8,Wednesday: Season 1: You Reap What You Woe (Episode 5),2023-03-07 17:15:58,214,Device Type 1
User 8,Wednesday: Season 1: Quid Pro Woe (Episode 6),2023-03-07 17:15:29,5,Device Type 1
User 8,Season 1 Main Character Intro Clip: Wednesday,2023-03-07 17:15:21,4,Device Type 1
User 8,Wednesday: Season 1: Wednesday's Child Is Full of Woe (Episode 1),2023-03-07 17:13:27,82,Device Type 1
User 8,Unsolved Mysteries: Volume 1: Mystery on the Rooftop (Episode 1),2023-03-07 17:01:18,683,Device Type 1
User 8,Unsolved Mysteries: Volume 1: Mystery on the Rooftop (Episode 1),2023-03-07 12:13:48,1975,Device Type 1
User 8,Unsolved Mysteries: Volume 1: 13 Minutes (Episode 2),2023-03-07 12:11:43,110,Device Type 1
User 8,Wednesday: Season 1: Wednesday's Child Is Full of Woe (Episode 1),2023-03-07 12:11:20,5,Device Type 1
User 8,Wednesday: Season 1: Wednesday's Child Is Full of Woe (Episode 1),2023-03-07 01:38:26,589,Device Type 1
User 8,Indian Predator: The Diary of a Serial Killer: Season 1: The Murderer (Episode 1),2023-03-07 01:37:12,60,Device Type 1
User 8,Indian Predator: The Butcher of Delhi: Limited Series: Tukre (Episode 3),2023-03-06 17:28:54,1069,Device Type 1
User 8,Indian Predator: The Butcher of Delhi: Limited Series: Tasveer (Episode 2),2023-03-06 16:37:35,1445,Device Type 1
User 8,Indian Predator: The Butcher of Delhi: Limited Series: Tasveer (Episode 2),2023-03-06 15:50:02,452,Device Type 1
User 8,The Sea Beast,2023-03-06 14:03:07,1526,Device Type 1
User 8,The Croods,2023-03-06 13:43:37,1108,Device Type 1
User 8,Indian Predator: The Butcher of Delhi: Limited Series: Tasveer (Episode 2),2023-03-06 13:32:06,544,Device Type 1
User 8,Indian Predator: The Butcher of Delhi: Limited Series: Tohfe (Episode 1),2023-03-06 13:21:09,656,Device Type 1
User 8,The Croods,2023-03-06 13:20:31,1035,Device Type 1
User 8,The Croods,2023-03-06 12:55:02,1430,Device Type 1
User 8,The Croods,2023-03-06 12:29:59,874,Device Type 1
User 8,Kantara (Hindi),2023-03-06 11:11:40,3933,Device Type 1
User 8,Indian Predator: The Butcher of Delhi: Limited Series: Tohfe (Episode 1),2023-03-06 04:46:01,1687,Device Type 1
User 8,Indian Predator: The Butcher of Delhi: Limited Series: Tukre (Episode 3),2023-03-06 04:45:41,2,Device Type 1
User 8,Indian Predator: The Diary of a Serial Killer: Season 1: The Murderer (Episode 1),2023-03-06 04:45:16,9,Device Type 1
User 8,Cyber Hell: Exposing an Internet Horror,2023-03-06 04:44:47,13,Device Type 1
User 8,Unsolved Mysteries: Volume 1: 13 Minutes (Episode 2),2023-03-06 04:43:07,18,Device Type 1
User 8,Unsolved Mysteries: Volume 2: Lady in the Lake (Episode 5),2023-03-06 04:41:28,22,Device Type 1
User 8,Cinemagraph: Too Hot To Handle,2023-03-05 15:49:49,22,Device Type 1
User 8,Cinemagraph: IMMORTALITY,2023-03-05 15:48:27,10,Device Type 1
User 8,Unsolved Mysteries: Volume 2: A Death in Oslo (Episode 2),2023-03-05 10:29:16,1232,Device Type 1
User 8,Unsolved Mysteries: Volume 2: A Death in Oslo (Episode 2),2023-03-05 09:17:41,1300,Device Type 1
User 8,Kantara_hook_primary_16x9,2023-03-04 11:17:17,16,Device Type 1
User 8,Kantara (Hindi),2023-03-03 20:26:44,2446,Device Type 1
User 8,Kantara (Hindi),2023-03-03 19:50:29,2158,Device Type 1
User 8,Iratta,2023-03-03 17:56:20,6458,Device Type 1
User 8,Kaapa,2023-03-03 17:02:20,3159,Device Type 1
User 8,Kaapa,2023-03-03 16:22:05,1407,Device Type 1
User 8,Kaapa,2023-03-03 07:02:41,3249,Device Type 1
User 8,CBI 5: The Brain,2023-03-03 05:42:24,487,Device Type 1
User 8,CBI 5: The Brain,2023-03-02 17:56:43,9599,Device Type 1
User 8,Friends: Season 1: The One with the Thumb (Episode 3),2023-03-02 17:37:07,2,Device Type 1
User 8,Black Mirror: Season 5 (Trailer),2023-03-01 22:30:57,51,Device Type 1
User 8,Oru Thekkan Thallu Case,2023-03-01 21:50:05,2352,Device Type 1
User 8,Oru Thekkan Thallu Case,2023-03-01 21:42:14,461,Device Type 1
User 8,Oru Thekkan Thallu Case,2023-03-01 14:49:56,3841,Device Type 1
User 8,One,2023-03-01 14:48:37,11,Device Type 1
User 8,Oru Thekkan Thallu Case,2023-03-01 14:27:31,885,Device Type 1
User 8,Season 1 Cliffhanger Clip: Murdaugh Murders: A Southern Scandal,2023-02-28 03:24:18,8,Device Type 1
User 8,Oru Thekkan Thallu Case,2023-02-27 21:55:08,1262,Device Type 1
User 8,Nanpakal Nerathu Mayakkam,2023-02-27 21:05:09,2539,Device Type 1
User 8,Nanpakal Nerathu Mayakkam,2023-02-27 20:30:58,1445,Device Type 1
User 8,Nanpakal Nerathu Mayakkam,2023-02-27 15:45:42,389,Device Type 1
User 8,Black Mirror: Season 4 (Trailer),2023-02-27 15:44:08,9,Device Type 1
User 8,Stuart Little 2,2023-02-26 18:04:49,381,Device Type 1
User 8,Nanpakal Nerathu Mayakkam,2023-02-26 09:31:04,260,Device Type 1
User 8,Nanpakal Nerathu Mayakkam,2023-02-24 22:45:14,2034,Device Type 1
User 8,Kuttavum Shikshayum,2023-02-24 21:29:57,4279,Device Type 1
User 8,Kuttavum Shikshayum,2023-02-24 20:41:53,371,Device Type 1
User 8,Kuttavum Shikshayum,2023-02-24 18:37:06,3418,Device Type 1
User 8,Stuart Little 2,2023-02-24 18:28:47,607,Device Type 1
User 8,Stuart Little 2,2023-02-24 18:20:53,188,Device Type 1
User 8,Kuttavum Shikshayum,2023-02-24 17:44:34,167,Device Type 1
User 8,Kuttavum Shikshayum,2023-02-24 16:06:06,5,Device Type 1
User 8,Stuart Little 2,2023-02-23 19:02:30,567,Device Type 1
User 8,Stuart Little 2,2023-02-22 16:58:44,1580,Device Type 1
User 8,Tom and Jerry,2023-02-22 16:53:57,276,Device Type 1
User 8,Stuart Little,2023-02-22 16:53:15,26,Device Type 1
User 8,Season 4 Part 2 Trailer: You,2023-02-22 16:50:31,4,Device Type 1
User 8,Friends: Season 1: The One with the Thumb (Episode 3),2023-02-22 16:49:10,19,Device Type 1
User 8,Cyber Hell: Exposing an Internet Horror,2023-02-22 02:45:39,741,Device Type 1
User 8,Cyber Hell: Exposing an Internet Horror,2023-02-22 02:40:00,326,Device Type 1
User 8,Poochandi,2023-02-21 11:51:55,416,Device Type 1
User 8,Poochandi,2023-02-21 11:10:13,1615,Device Type 11
User 8,Poochandi,2023-02-21 09:39:53,5162,Device Type 11
User 8,Orange Is the New Black: Season 1: I Wasn't Ready (Episode 1),2023-02-21 09:38:57,3,Device Type 11
User 8,Aaviri,2023-02-21 09:37:06,2,Device Type 1
User 8,Aaviri_hook_01_16x9,2023-02-21 09:36:40,4,Device Type 1
User 8,Friends: Season 1: The One with the Thumb (Episode 3),2023-02-20 18:05:40,849,Device Type 1
User 8,Friends: Season 1: The One with the Sonogram at the End (Episode 2),2023-02-20 17:46:06,1171,Device Type 1
User 8,Hot Girls Wanted,2023-02-19 14:02:58,91,Device Type 1
User 8,American Murder: The Family Next Door_VAR3-ABSTRACT_AGENCY2,2023-02-19 09:32:30,11,Device Type 1
User 8,Wild Wild Country: Season 1: Part 2 (Episode 2),2023-02-19 07:14:51,325,Device Type 1
User 8,Wild Wild Country: Season 1: Part 1 (Episode 1),2023-02-19 07:14:44,4,Device Type 1
User 8,She: Season 1: The Proposal (Episode 2),2023-02-19 05:58:29,582,Device Type 1
User 8,She: Season 1: The Pickup (Episode 1),2023-02-19 05:50:12,454,Device Type 1
User 8,Friends: Season 1: The One with the Sonogram at the End (Episode 2),2023-02-19 04:02:08,159,Device Type 1
User 8,Friends: Season 1: The One Where Monica Gets a Roommate (Pilot) (Episode 1),2023-02-19 03:41:51,939,Device Type 1
User 8,Friends: Season 1: The One with the Thumb (Episode 3),2023-02-19 03:41:25,8,Device Type 1
User 8,Beast,2023-02-19 00:00:08,2169,Device Type 1
User 8,Beast,2023-02-18 22:07:59,6711,Device Type 1
User 8,Ghost Stories (Thematic Intro + Main Product Preview),2023-02-18 22:01:27,15,Device Type 1
User 8,Bullet Train,2023-02-18 21:55:20,223,Device Type 1
User 8,Trailer: Bullet Train,2023-02-18 21:55:12,6,Device Type 1
User 8,Friends: Season 1: The One with the Thumb (Episode 3),2023-02-18 19:48:24,357,Device Type 1
User 8,Friends: Season 1: The One with the Sonogram at the End (Episode 2),2023-02-18 19:25:34,1367,Device Type 1
User 8,Friends: Season 1: The One Where Monica Gets a Roommate (Pilot) (Episode 1),2023-02-18 19:03:24,1315,Device Type 1
User 8,Wild Wild Country: Season 1: Part 1 (Episode 1),2023-02-18 12:46:13,2230,Device Type 1
User 8,Wild Wild Country: Season 1: Part 1 (Episode 1),2023-02-18 12:13:58,1442,Device Type 1
User 8,Wild Wild Country (Trailer),2023-02-18 12:13:49,7,Device Type 1
User 8,Wild Wild Country: Season 1: Part 1 (Episode 1),2023-02-18 11:26:24,3,Device Type 1
User 8,The Man from Toronto,2023-02-18 11:17:14,228,Device Type 1
User 8,Hot Girls Wanted,2023-02-18 06:43:38,3304,Device Type 1
User 8,Hot Girls Wanted,2023-02-18 06:36:33,400,Device Type 1
User 8,Sex Tape,2023-02-18 06:24:58,518,Device Type 1
User 8,Kabir Singh,2023-02-17 19:08:02,225,Device Type 1
User 8,"Mismatched: Season 1: Hot Summer, Cold Vibes (Episode 2)",2023-02-17 18:32:15,1562,Device Type 1
User 8,Mismatched: Season 1: When Dimple Met Rishi (Episode 1),2023-02-17 18:04:52,1618,Device Type 1
User 8,Wednesday: Season 1: Wednesday's Child Is Full of Woe (Episode 1),2023-02-17 18:00:08,19,Device Type 1
User 8,Wednesday: Season 1: Wednesday's Child Is Full of Woe (Episode 1),2023-02-17 17:24:51,13,Device Type 1
User 8,Lang Tong,2023-02-16 05:38:01,609,Device Type 1
User 8,The Reader,2023-02-16 05:33:37,73,Device Type 1
User 8,Orgasm Inc: The Story of OneTaste,2023-02-16 05:18:37,783,Device Type 1
User 8,Orgasm Inc: The Story of OneTaste,2023-02-16 05:08:40,386,Device Type 1
User 8,Character Intro Clip 2: Orgasm Inc: The Story of OneTaste,2023-02-16 05:06:59,95,Device Type 1
User 8,Limited Series Character Intro Clip: The Vatican Girl,2023-02-16 05:05:50,8,Device Type 1
User 8,Guillermo del Toro's Cabinet of Curiosities: Season 1: The Murmuring (Episode 8),2023-02-16 04:12:28,2783,Device Type 1
User 8,Guillermo del Toro's Cabinet of Curiosities: Season 1: Lot 36 (Episode 1),2023-02-16 03:55:30,1012,Device Type 1
User 8,Wednesday: Season 1: Wednesday's Child Is Full of Woe (Episode 1),2023-02-15 17:53:14,1431,Device Type 1
User 8,Wednesday: Season 1: Friend or Woe (Episode 3),2023-02-15 17:52:53,7,Device Type 1
User 8,28 Days Haunted: Season 1: Day One (Episode 1),2023-02-15 17:50:43,105,Device Type 1
User 8,Flanaverse Teaser,2023-02-15 17:46:45,28,Device Type 1
User 8,Guillermo del Toro's Cabinet of Curiosities: Season 1: Lot 36 (Episode 1),2023-02-15 09:22:34,1377,Device Type 1
User 8,Wednesday: Season 1: Friend or Woe (Episode 3),2023-02-14 17:50:51,14,Device Type 1
User 8,Never Have I Ever: Season 3: ...lived the dream (Episode 10),2023-02-14 17:46:07,118,Device Type 1
User 8,Never Have I Ever: Season 3: ...lived the dream (Episode 10),2023-02-14 17:24:22,1288,Device Type 1
User 8,Season 2 Direct Lift Hook 5: Never Have I Ever,2023-02-14 17:24:00,11,Device Type 1
User 8,Never Have I Ever: Season 3: ...lived the dream (Episode 10),2023-02-14 14:24:45,326,Device Type 1
User 8,Never Have I Ever: Season 3: …had an Indian boyfriend (Episode 9),2023-02-14 14:03:21,1278,Device Type 1
User 8,Never Have I Ever: Season 3: ...lived the dream (Episode 10),2023-02-14 14:02:31,29,Device Type 1
User 8,Never Have I Ever: Season 3: …had an Indian boyfriend (Episode 9),2023-02-14 13:54:30,424,Device Type 1
User 8,Never Have I Ever: Season 3: ...hooked up with my boyfriend (Episode 8),2023-02-14 13:33:04,1285,Device Type 1
User 8,Never Have I Ever: Season 3: ...hooked up with my boyfriend (Episode 8),2023-02-14 12:12:34,145,Device Type 1
User 8,Never Have I Ever: Season 3: ...hooked up with my boyfriend (Episode 8),2023-02-14 12:09:23,9,Device Type 1
User 8,Never Have I Ever: Season 3: ...cheated (Episode 7),2023-02-14 11:44:53,1450,Device Type 1
User 8,Never Have I Ever: Season 3: ...had a breakdown (Episode 6),2023-02-14 11:41:19,211,Device Type 1
User 8,Madame Claude,2023-02-14 09:28:25,186,Device Type 1
User 8,Indecent Proposal,2023-02-14 09:25:32,27,Device Type 1
User 8,Ascharyachakit!,2023-02-14 09:14:00,483,Device Type 1
User 8,Jaoon Kahan Bata Ae Dil,2023-02-14 09:04:42,433,Device Type 1
User 8,Nathicharami,2023-02-14 09:02:44,16,Device Type 1
User 8,Guillermo del Toro's Cabinet of Curiosities: Season 1: Lot 36 (Episode 1),2023-02-14 08:20:15,43,Device Type 1
User 8,Guillermo del Toro's Cabinet of Curiosities: Season 1: Graveyard Rats (Episode 2),2023-02-14 07:53:18,1422,Device Type 1
User 8,Guillermo del Toro's Cabinet of Curiosities: Season 1: Graveyard Rats (Episode 2),2023-02-14 03:59:16,180,Device Type 1
User 8,Season 1 Teaser: Guillermo del Toro's Cabinet of Curiosities,2023-02-14 03:59:06,4,Device Type 1
User 8,Never Have I Ever: Season 3: ...had a breakdown (Episode 6),2023-02-13 18:29:02,1317,Device Type 1
User 8,Never Have I Ever: Season 3: ...been ghosted (Episode 5),2023-02-13 18:04:05,1451,Device Type 1
User 8,Never Have I Ever: Season 3: ...made someone jealous (Episode 4),2023-02-13 17:38:41,1511,Device Type 1
User 8,Loving Adults,2023-02-13 17:32:55,2,Device Type 1
User 8,Never Have I Ever: Season 3: …had a valentine (Episode 3),2023-02-13 17:31:38,353,Device Type 1
User 8,Wednesday: Season 1: Friend or Woe (Episode 3),2023-02-13 17:30:43,29,Device Type 1
User 8,Thunivu (Hindi),2023-02-13 17:30:11,12,Device Type 1
User 8,Thunivu (Hindi),2023-02-13 17:29:50,12,Device Type 1
User 8,Thunivu (Hindi),2023-02-13 17:29:30,4,Device Type 1
User 8,Never Have I Ever: Season 3: …had a valentine (Episode 3),2023-02-13 17:06:32,1411,Device Type 1
User 8,Never Have I Ever: Season 3: ...had my own troll (Episode 2),2023-02-13 16:50:07,982,Device Type 1
User 8,Guillermo del Toro's Cabinet of Curiosities: Season 1: Graveyard Rats (Episode 2),2023-02-13 11:19:30,379,Device Type 1
User 8,Vatican Girl: The Disappearance of Emanuela Orlandi: Limited Series: Part 1 (Episode 1),2023-02-13 11:18:42,2,Device Type 1
User 8,The Confession Tapes: Season 2: Deep Down (Episode 3),2023-02-13 11:17:57,12,Device Type 1
User 8,Never Have I Ever: Season 3: ...had my own troll (Episode 2),2023-02-13 10:45:01,764,Device Type 1
User 8,Never Have I Ever: Season 3: ...been slut-shamed (Episode 1),2023-02-13 10:41:52,188,Device Type 1
User 8,Never Have I Ever: Season 3: ...been slut-shamed (Episode 1),2023-02-13 09:41:46,1472,Device Type 1
User 8,Never Have I Ever: Season 2: ... been a perfect girl (Episode 10),2023-02-13 09:07:52,1765,Device Type 1
User 8,Never Have I Ever: Season 2: ... stalked my own mother (Episode 9),2023-02-13 08:36:32,1764,Device Type 1
User 8,Never Have I Ever: Season 2: ... been Daisy Buchanan (Episode 8),2023-02-13 08:22:00,835,Device Type 1
User 8,Never Have I Ever: Season 2: ... been Daisy Buchanan (Episode 8),2023-02-13 07:53:19,718,Device Type 1
User 8,Never Have I Ever: Season 2: ... begged for forgiveness (Episode 7),2023-02-13 07:31:05,1104,Device Type 1
User 8,Never Have I Ever: Season 2: ... begged for forgiveness (Episode 7),2023-02-13 07:11:41,517,Device Type 1
User 8,Never Have I Ever: Season 2: ... betrayed a friend (Episode 6),2023-02-13 06:55:46,909,Device Type 1
User 8,Never Have I Ever: Season 2: ... ruined someone's life (Episode 5),2023-02-13 06:49:17,267,Device Type 1
User 8,Never Have I Ever: Season 2: ... betrayed a friend (Episode 6),2023-02-13 06:49:12,1,Device Type 1
User 8,Never Have I Ever: Season 2: ... betrayed a friend (Episode 6),2023-02-13 06:48:55,10,Device Type 1
User 8,Never Have I Ever: Season 2: ... begged for forgiveness (Episode 7),2023-02-13 06:48:39,2,Device Type 1
User 8,Never Have I Ever: Season 2: ... begged for forgiveness (Episode 7),2023-02-13 06:48:21,11,Device Type 1
User 8,Never Have I Ever: Season 2: ... begged for forgiveness (Episode 7),2023-02-12 19:49:11,1208,Device Type 1
User 8,Never Have I Ever: Season 2: ... betrayed a friend (Episode 6),2023-02-12 19:23:49,1521,Device Type 1
User 8,Never Have I Ever: Season 2: ... ruined someone's life (Episode 5),2023-02-12 18:57:08,1599,Device Type 1
User 8,Never Have I Ever: Season 2: ... had an Indian frenemy (Episode 4),2023-02-12 18:39:58,1028,Device Type 1
User 8,Jaoon Kahan Bata Ae Dil,2023-02-12 17:51:50,1510,Device Type 1
User 8,Never Have I Ever: Season 2: ... had an Indian frenemy (Episode 4),2023-02-11 20:47:50,608,Device Type 1
User 8,Never Have I Ever: Season 2: ... opened a textbook (Episode 3),2023-02-11 20:47:37,9,Device Type 1
User 8,Never Have I Ever: Season 2: ... thrown a rager (Episode 2),2023-02-11 20:47:32,3,Device Type 1
User 8,Season 2 Direct Lift Hook 5: Never Have I Ever,2023-02-11 20:47:15,4,Device Type 1
User 8,Never Have I Ever: Season 2: ... ruined someone's life (Episode 5),2023-02-11 20:46:37,22,Device Type 1
User 8,Season 2 Direct Lift Hook 5: Never Have I Ever,2023-02-11 20:46:31,4,Device Type 1
User 8,Season 2 Direct Lift Hook 5: Never Have I Ever,2023-02-11 20:46:03,5,Device Type 1
User 8,Never Have I Ever: Season 2: ... ruined someone's life (Episode 5),2023-02-11 20:44:55,14,Device Type 1
User 8,Never Have I Ever: Season 2: ... had an Indian frenemy (Episode 4),2023-02-11 20:44:38,11,Device Type 1
User 8,Never Have I Ever: Season 2: ... opened a textbook (Episode 3),2023-02-11 20:44:29,6,Device Type 1
User 8,Never Have I Ever: Season 2: ... had an Indian frenemy (Episode 4),2023-02-11 20:43:48,8,Device Type 1
User 8,Part 2 Teaser: The Glory,2023-02-11 20:43:19,4,Device Type 1
User 8,Never Have I Ever: Season 2: ... had an Indian frenemy (Episode 4),2023-02-11 20:08:09,31,Device Type 1
User 8,Never Have I Ever: Season 2: ... opened a textbook (Episode 3),2023-02-11 19:42:44,1524,Device Type 1
User 8,Never Have I Ever: Season 2: ... thrown a rager (Episode 2),2023-02-11 19:17:37,1493,Device Type 1
User 8,Never Have I Ever: Season 2: ... thrown a rager (Episode 2),2023-02-11 19:07:24,383,Device Type 1
User 8,Never Have I Ever: Season 2: ... been a playa (Episode 1),2023-02-11 18:35:04,1679,Device Type 1
User 8,Never Have I Ever: Season 1: ... said I'm sorry (Episode 10),2023-02-11 18:19:28,868,Device Type 1
User 8,Never Have I Ever: Season 2: ... been a playa (Episode 1),2023-02-11 18:18:17,40,Device Type 1
User 8,Never Have I Ever: Season 2: ... been a playa (Episode 1),2023-02-11 18:17:11,4,Device Type 1
User 8,Never Have I Ever: Season 1: ... said I'm sorry (Episode 10),2023-02-11 18:02:25,883,Device Type 1
User 8,Never Have I Ever: Season 1: ... had to be on my best behavior (Episode 9),2023-02-11 17:38:44,1374,Device Type 1
User 8,Never Have I Ever: Season 1: ... pissed off everyone I know (Episode 8),2023-02-11 17:07:29,1636,Device Type 1
User 8,"Never Have I Ever: Season 1: ... been a big, fat liar (Episode 7)",2023-02-11 16:52:18,674,Device Type 1
User 8,Raat Akeli Hai,2023-02-11 11:04:05,2824,Device Type 1
User 8,Raat Akeli Hai,2023-02-11 10:01:48,430,Device Type 1
User 8,Volume 3 Cliffhanger Clip 3: Unsolved Mysteries,2023-02-11 08:58:18,4,Device Type 1
User 8,Raat Akeli Hai,2023-02-11 08:57:26,105,Device Type 1
User 8,Raat Akeli Hai,2023-02-11 03:21:00,2652,Device Type 1
User 8,"Never Have I Ever: Season 1: ... been a big, fat liar (Episode 7)",2023-02-10 18:45:56,726,Device Type 1
User 8,Never Have I Ever: Season 1: ... been the loneliest boy in the world (Episode 6),2023-02-10 18:24:06,1309,Device Type 1
User 8,Wednesday: Season 1: Friend or Woe (Episode 3),2023-02-10 18:03:36,120,Device Type 1
User 8,Never Have I Ever: Season 1: ... started a nuclear war (Episode 5),2023-02-10 17:54:02,1779,Device Type 1
User 8,Never Have I Ever: Season 1: ... felt super Indian (Episode 4),2023-02-10 17:39:37,842,Device Type 1
User 8,Raat Akeli Hai,2023-02-10 16:53:23,2766,Device Type 1
User 8,Raat Akeli Hai,2023-02-10 16:34:11,162,Device Type 1
User 8,Raat Akeli Hai,2023-02-10 16:23:34,60,Device Type 1
User 8,Raat Akeli Hai,2023-02-10 16:05:12,37,Device Type 1
User 8,Unsolved Mysteries: Volume 3: Mystery at Mile Marker 45 (Episode 1),2023-02-10 11:32:26,956,Device Type 1
User 8,Unsolved Mysteries: Volume 3: The Ghost in Apartment 14 (Episode 8),2023-02-10 11:03:00,1155,Device Type 1
User 8,Unsolved Mysteries: Volume 2: Lady in the Lake (Episode 5),2023-02-10 10:56:44,276,Device Type 1
User 8,Unsolved Mysteries: Volume 1: No Ride Home (Episode 4),2023-02-10 10:56:29,1,Device Type 1
User 8,Unsolved Mysteries: Volume 1: House of Terror (Episode 3),2023-02-10 10:00:58,460,Device Type 1
User 8,Unsolved Mysteries: Volume 1: House of Terror (Episode 3),2023-02-10 09:19:50,2175,Device Type 1
User 8,Volume 3 Cliffhanger Clip 3: Unsolved Mysteries,2023-02-10 09:19:20,26,Device Type 1
User 8,The Big Bang Theory: Season 3: The Bozeman Reaction (Episode 13),2023-02-09 19:19:45,1098,Device Type 1
User 8,The Big Bang Theory: Season 3: The Psychic Vortex (Episode 12),2023-02-09 19:19:39,3,Device Type 1
User 8,Never Have I Ever: Season 1: ... felt super Indian (Episode 4),2023-02-09 17:52:23,180,Device Type 1
User 8,Thunivu,2023-02-09 16:28:49,8612,Device Type 1
User 8,Man of Steel,2023-02-09 03:11:17,2908,Device Type 1
User 8,Never Have I Ever: Season 1: ... felt super Indian (Episode 4),2023-02-08 19:29:21,443,Device Type 1
User 8,Never Have I Ever: Season 1: ... gotten drunk with the popular kids (Episode 3),2023-02-08 19:02:18,1622,Device Type 1
User 8,Never Have I Ever: Season 1: ... gotten drunk with the popular kids (Episode 3),2023-02-08 18:53:54,86,Device Type 1
User 8,Never Have I Ever: Season 1: ... had sex with Paxton Hall-Yoshida (Episode 2),2023-02-08 18:23:55,1697,Device Type 1
User 8,Never Have I Ever: Season 1: ... had sex with Paxton Hall-Yoshida (Episode 2),2023-02-08 18:23:34,3,Device Type 1
User 8,Never Have I Ever: Season 1: Pilot (Episode 1),2023-02-08 18:23:02,31,Device Type 1
User 8,Never Have I Ever: Season 1: Pilot (Episode 1),2023-02-08 18:01:39,1180,Device Type 1
User 8,Man of Steel,2023-02-08 17:02:50,2644,Device Type 1
User 8,Man of Steel,2023-02-08 16:23:47,854,Device Type 1
User 8,Thunivu_hook_primary_16x9,2023-02-08 16:23:01,13,Device Type 1
User 8,Man of Steel,2023-02-08 16:11:30,665,Device Type 1
User 8,Man of Steel,2023-02-08 14:25:09,1198,Device Type 1
User 8,Fashion,2023-02-08 03:24:13,1091,Device Type 1
User 8,High Context Clip: Ghislaine Maxwell: Filthy Rich,2023-02-08 02:12:45,4,Device Type 1
User 8,Addicted,2023-02-07 18:29:40,4,Device Type 1
User 8,3 Idiots,2023-02-07 18:11:36,102,Device Type 1
User 8,Thalaivii,2023-02-06 17:33:42,6731,Device Type 1
User 8,Thalaivii,2023-02-06 16:42:58,1763,Device Type 1
User 8,Thalaivii,2023-02-06 16:29:58,131,Device Type 1
User 8,The Hangover: Part II,2023-02-06 14:36:49,6,Device Type 1
User 8,That '90s Show: Season 1: Summer Storm (Episode 8),2023-02-05 15:57:26,1007,Device Type 1
User 8,That '90s Show: Season 1: Boyfriend Day One (Episode 7),2023-02-05 15:36:43,1242,Device Type 1
User 8,That '90s Show: Season 1: The Birthday Girl (Episode 6),2023-02-05 15:15:52,1250,Device Type 1
User 8,That '90s Show: Season 1: Step by Step (Episode 5),2023-02-05 14:50:12,1193,Device Type 1
User 8,Superstore: Season 1 - Clip 1,2023-02-05 14:49:01,10,Device Type 1
User 8,Superstore: Season 1_hook_01_16x9,2023-02-05 14:48:27,33,Device Type 1
User 8,Cunk On Earth: Season 1 - Fast Laughs - Clip 3,2023-02-05 14:46:56,5,Device Type 1
User 8,Cunk On Earth: Season 1 - Fast Laughs - Clip 2,2023-02-05 14:46:50,5,Device Type 1
User 8,Season 1 Sensory Clip: Cunk On Earth,2023-02-05 14:46:09,40,Device Type 1
User 8,Cunk On Earth: Season 1 - Fast Laughs - Clip 2,2023-02-05 14:46:02,6,Device Type 1
User 8,Get Out,2023-02-05 14:19:29,782,Device Type 1
User 8,Get Out,2023-02-05 12:21:06,5125,Device Type 1
User 8,Munafik 2,2023-02-05 10:50:35,472,Device Type 1
User 8,Munafik 2,2023-02-05 10:25:17,1258,Device Type 1
User 8,Munafik 2,2023-02-05 09:50:29,689,Device Type 1
User 8,The Notebook,2023-02-05 09:06:23,4,Device Type 1
User 8,Munafik 2,2023-02-05 08:53:02,108,Device Type 1
User 8,Unsolved Mysteries: Volume 2: Tsunami Spirits (Episode 4),2023-02-05 07:51:35,2800,Device Type 1
User 8,Munafik 2,2023-02-04 15:16:35,1566,Device Type 1
User 8,The Confession Tapes: Season 2: Joyride (Episode 2),2023-02-04 09:18:27,2577,Device Type 1
User 8,Freeridge: Season 1 - Fast Laughs - Clip 3,2023-02-04 09:17:22,39,Device Type 1
User 8,Richard Pryor: Live in Concert - Clip 2,2023-02-04 09:16:35,46,Device Type 1
User 8,Wednesday: Season 1 - Fast Laughs - Clip 3,2023-02-04 09:15:50,42,Device Type 1
User 8,Wednesday: Season 1 - Fast Laughs - Clip 5,2023-02-04 09:15:12,28,Device Type 1
User 8,Munafik 2,2023-02-03 16:55:14,1791,Device Type 1
User 8,Munafik 2,2023-02-03 16:46:51,409,Device Type 1
User 8,The Confession Tapes: Season 2: Deep Down (Episode 3),2023-02-03 11:57:43,14,Device Type 1
User 8,The Confession Tapes: Season 2: Deep Down (Episode 3),2023-02-03 11:46:41,650,Device Type 1
User 8,The Confession Tapes: Season 2: Deep Down (Episode 3),2023-02-03 11:20:03,1344,Device Type 1
User 8,The Confession Tapes: Season 2 (Trailer),2023-02-03 10:50:17,81,Device Type 1
User 8,Clip 2 (Inciting Incident 1): Memories of a Murderer: The Nilsen Tapes,2023-02-03 10:48:58,34,Device Type 1
User 8,Guillermo del Toro's Cabinet of Curiosities: Season 1: The Viewing (Episode 7),2023-02-03 09:23:01,2307,Device Type 1
User 8,Guillermo del Toro's Cabinet of Curiosities: Season 1: The Viewing (Episode 7),2023-02-03 08:05:11,883,Device Type 1
User 8,Season 1 Teaser: Guillermo del Toro's Cabinet of Curiosities,2023-02-03 05:49:03,5,Device Type 1
User 8,Get Out,2023-02-02 17:58:33,103,Device Type 1
User 8,Guillermo del Toro's Cabinet of Curiosities: Season 1: Pickman's Model (Episode 5),2023-02-02 13:10:23,1356,Device Type 1
User 8,Guillermo del Toro's Cabinet of Curiosities: Season 1: Pickman's Model (Episode 5),2023-02-02 12:45:13,1500,Device Type 1
User 8,Guillermo del Toro's Cabinet of Curiosities: Season 1: Pickman's Model (Episode 5),2023-02-02 11:16:48,1166,Device Type 1
User 8,Guillermo del Toro's Cabinet of Curiosities: Season 1: Pickman's Model (Episode 5),2023-02-02 11:16:06,18,Device Type 1
User 8,Guillermo del Toro's Cabinet of Curiosities: Season 1: Dreams in the Witch House (Episode 6),2023-02-02 04:29:48,3411,Device Type 1
User 8,Guillermo del Toro's Cabinet of Curiosities: Season 1: Dreams in the Witch House (Episode 6),2023-02-02 04:29:03,11,Device Type 1
User 8,Guillermo del Toro's Cabinet of Curiosities: Season 1: The Outside (Episode 4),2023-02-02 03:11:43,1,Device Type 1
User 8,Guillermo del Toro's Cabinet of Curiosities: Season 1: The Outside (Episode 4),2023-02-02 03:11:39,1,Device Type 1
User 8,Guillermo del Toro's Cabinet of Curiosities: Season 1: The Outside (Episode 4),2023-02-01 12:54:39,4239,Device Type 1
User 8,Guillermo del Toro's Cabinet of Curiosities: Season 1: The Outside (Episode 4),2023-02-01 12:52:49,48,Device Type 1
User 8,Guillermo del Toro's Cabinet of Curiosities: Season 1: The Outside (Episode 4),2023-02-01 12:52:44,2,Device Type 1
User 8,Season 1 Teaser: Guillermo del Toro's Cabinet of Curiosities,2023-01-31 10:29:04,5,Device Type 1
User 8,Guillermo del Toro's Cabinet of Curiosities: Season 1: The Autopsy (Episode 3),2023-01-31 09:32:12,2884,Device Type 1
User 8,Guillermo del Toro's Cabinet of Curiosities: Season 1: The Autopsy (Episode 3),2023-01-31 09:32:03,4,Device Type 1
User 8,Guillermo del Toro's Cabinet of Curiosities: Season 1: The Autopsy (Episode 3),2023-01-31 09:31:58,2,Device Type 1
User 8,Guillermo del Toro's Cabinet of Curiosities: Season 1: The Autopsy (Episode 3),2023-01-31 09:24:20,392,Device Type 1
User 8,Season 1 Teaser: Guillermo del Toro's Cabinet of Curiosities,2023-01-31 08:17:28,11,Device Type 1
User 8,House of Secrets: The Burari Deaths: Limited Series: Beyond 11 (Episode 3),2023-01-29 05:59:45,2534,Device Type 1
User 8,House of Secrets: The Burari Deaths: Limited Series: Beyond 11 (Episode 3),2023-01-29 04:59:13,202,Device Type 1
User 8,High Context Clip: House of Secrets: The Burari Deaths,2023-01-29 04:57:50,31,Device Type 1
User 8,Year One,2023-01-28 22:52:41,5518,Device Type 1
User 8,RRR (Hindi),2023-01-28 19:47:48,10600,Device Type 1
User 8,The Watcher: Season 1: Haunting (Episode 7),2023-01-28 18:53:28,2978,Device Type 1
User 8,The Watcher: Season 1: The Gloaming (Episode 6),2023-01-28 18:11:54,2481,Device Type 1
User 8,Shutter Island,2023-01-28 17:51:13,231,Device Type 1
User 8,The Watcher: Season 1: Occam's Razor (Episode 5),2023-01-28 17:25:07,2806,Device Type 1
User 8,Shutter Island,2023-01-28 17:12:29,70,Device Type 1
User 8,The Watcher: Season 1: Someone to Watch Over Me (Episode 4),2023-01-28 16:39:58,2502,Device Type 1
User 8,The Watcher: Season 1: Götterdämmerung (Episode 3),2023-01-28 16:31:48,477,Device Type 1
User 8,Shutter Island,2023-01-28 12:57:11,751,Device Type 1
User 8,The Watcher: Season 1: Götterdämmerung (Episode 3),2023-01-27 20:26:13,2302,Device Type 1
User 8,The Watcher: Season 1: Blood Sacrifice (Episode 2),2023-01-27 19:38:44,2847,Device Type 1
User 8,"The Watcher: Season 1: Welcome, Friends (Episode 1)",2023-01-27 18:49:25,2739,Device Type 1
User 8,Season 1 Villain / Antagonist Clip: The Watcher,2023-01-27 18:48:02,66,Device Type 1
User 8,Kung Fu Panda 2,2023-01-27 17:22:07,4880,Device Type 1
User 8,Shutter Island,2023-01-27 17:14:11,2261,Device Type 1
User 8,Kung Fu Panda,2023-01-27 15:31:59,5004,Device Type 1
User 8,The Croods,2023-01-27 15:28:57,99,Device Type 1
User 8,The Croods,2023-01-27 14:43:31,799,Device Type 1
User 8,Hotel Transylvania 2,2023-01-27 14:43:07,15,Device Type 1
User 8,Shutter Island,2023-01-27 08:29:12,8,Device Type 1
User 8,Blonde,2023-01-27 07:47:39,76,Device Type 1
User 8,Amar,2023-01-27 07:42:10,13,Device Type 1
User 8,MILF,2023-01-27 07:33:33,226,Device Type 1
User 8,Fifty Shades of Grey,2023-01-27 07:26:03,310,Device Type 1
User 8,Fifty Shades Darker,2023-01-27 07:21:19,203,Device Type 1
User 8,Loving Adults,2023-01-27 07:20:50,2,Device Type 1
User 8,Loving Adults,2023-01-27 07:19:53,8,Device Type 1
User 8,The Boy Next Door,2023-01-27 07:14:24,153,Device Type 1
User 8,Wednesday: Season 1: Woe Is the Loneliest Number (Episode 2),2023-01-26 18:53:09,697,Device Type 1
User 8,Wednesday: Season 1: Wednesday's Child Is Full of Woe (Episode 1),2023-01-26 18:53:05,2,Device Type 1
User 8,Wednesday: Season 1: If You Don't Woe Me by Now (Episode 7),2023-01-26 18:43:55,456,Device Type 1
User 8,Wednesday: Season 1: Wednesday's Child Is Full of Woe (Episode 1),2023-01-26 18:42:53,58,Device Type 1
User 8,Wednesday: Season 1: Quid Pro Woe (Episode 6),2023-01-26 18:38:16,249,Device Type 1
User 8,Wednesday: Season 1: You Reap What You Woe (Episode 5),2023-01-26 18:28:06,541,Device Type 1
User 8,Wednesday: Season 1: Woe What a Night (Episode 4),2023-01-26 18:27:41,3,Device Type 1
User 8,Wednesday: Season 1: Friend or Woe (Episode 3),2023-01-26 17:59:51,963,Device Type 1
User 8,Wednesday: Season 1: You Reap What You Woe (Episode 5),2023-01-26 17:59:41,1,Device Type 1
User 8,Wednesday: Season 1: Quid Pro Woe (Episode 6),2023-01-26 17:59:31,1,Device Type 1
User 8,Wednesday: Season 1: A Murder of Woes (Episode 8),2023-01-26 17:55:43,200,Device Type 1
User 8,Hotel Transylvania 2,2023-01-26 17:55:40,897,Device Type 1
User 8,Wednesday: Season 1: If You Don't Woe Me by Now (Episode 7),2023-01-26 17:55:20,9,Device Type 1
User 8,The Croods,2023-01-26 17:54:09,65,Device Type 1
User 8,That '90s Show: Season 1: Step by Step (Episode 5),2023-01-26 17:51:20,120,Device Type 1
User 8,That '90s Show: Season 1: Rave (Episode 4),2023-01-26 17:35:07,968,Device Type 1
User 8,Wednesday: Season 1: Wednesday's Child Is Full of Woe (Episode 1),2023-01-26 17:34:02,758,Device Type 1
User 8,Wednesday: Season 1: A Murder of Woes (Episode 8),2023-01-26 17:00:50,1684,Device Type 1
User 8,Wednesday: Season 1: If You Don't Woe Me by Now (Episode 7),2023-01-26 16:16:47,2392,Device Type 1
User 8,Wednesday: Season 1: If You Don't Woe Me by Now (Episode 7),2023-01-26 16:16:40,3,Device Type 1
User 8,The White Tiger,2023-01-26 16:07:18,2816,Device Type 1
User 8,Wednesday: Season 1: Quid Pro Woe (Episode 6),2023-01-26 15:31:56,2595,Device Type 1
User 8,Wednesday: Season 1: You Reap What You Woe (Episode 5),2023-01-26 15:26:37,319,Device Type 1
User 8,Wednesday: Season 1: You Reap What You Woe (Episode 5),2023-01-26 14:59:54,216,Device Type 1
User 8,The White Tiger,2023-01-26 14:46:02,1479,Device Type 1
User 8,The White Tiger,2023-01-26 13:54:03,3086,Device Type 1
User 8,That '90s Show: Season 1: Rave (Episode 4),2023-01-26 13:48:00,290,Device Type 1
User 8,That '90s Show: Season 1: Lip Smackers (Episode 3),2023-01-26 13:45:32,147,Device Type 1
User 8,That '90s Show: Season 1: Lip Smackers (Episode 3),2023-01-26 13:31:18,842,Device Type 1
User 8,Wednesday: Season 1: You Reap What You Woe (Episode 5),2023-01-26 12:27:31,710,Device Type 1
User 8,Wednesday: Season 1: You Reap What You Woe (Episode 5),2023-01-26 11:15:56,1141,Device Type 1
User 8,Wednesday: Season 1: A Murder of Woes (Episode 8),2023-01-26 10:10:51,1553,Device Type 1
User 8,Wednesday: Season 1 - Fast Laughs - Clip 1,2023-01-26 08:44:08,12,Device Type 1
User 8,Wednesday: Season 1 - Fast Laughs - Clip 1,2023-01-26 08:06:11,51,Device Type 1
User 8,Wednesday: Season 1: A Murder of Woes (Episode 8),2023-01-26 02:15:23,679,Device Type 1
User 8,Wednesday: Season 1: Wednesday's Child Is Full of Woe (Episode 1),2023-01-25 13:22:46,103,Device Type 1
User 8,Wednesday: Season 1: Woe Is the Loneliest Number (Episode 2),2023-01-25 13:18:19,257,Device Type 1
User 8,Wednesday: Season 1: Woe Is the Loneliest Number (Episode 2),2023-01-25 13:18:14,2,Device Type 1
User 8,Wednesday: Season 1: Woe What a Night (Episode 4),2023-01-25 13:03:01,436,Device Type 1
User 8,Wednesday: Season 1: Woe What a Night (Episode 4),2023-01-25 12:48:54,825,Device Type 1
User 8,Wednesday: Season 1: Woe What a Night (Episode 4),2023-01-25 12:24:30,1035,Device Type 1
User 8,Wednesday: Season 1: Friend or Woe (Episode 3),2023-01-25 12:07:40,941,Device Type 1
User 8,Wednesday: Season 1: Friend or Woe (Episode 3),2023-01-25 11:54:46,771,Device Type 1
User 8,Wednesday: Season 1: Friend or Woe (Episode 3),2023-01-25 11:39:24,780,Device Type 1
User 8,Season 1 Teaser 1: Wednesday,2023-01-25 11:38:57,21,Device Type 1
User 8,Wednesday: Season 1: Friend or Woe (Episode 3),2023-01-25 11:36:20,138,Device Type 1
User 8,Wednesday: Season 1: Friend or Woe (Episode 3),2023-01-25 11:35:23,13,Device Type 1
User 8,Wednesday: Season 1: Woe Is the Loneliest Number (Episode 2),2023-01-25 11:30:20,288,Device Type 1
User 8,Wednesday: Season 1: Woe Is the Loneliest Number (Episode 2),2023-01-25 09:01:08,1111,Device Type 1
User 8,Wednesday: Season 1: Woe Is the Loneliest Number (Episode 2),2023-01-25 08:37:39,1226,Device Type 1
User 8,Wednesday: Season 1: Wednesday's Child Is Full of Woe (Episode 1),2023-01-25 07:50:09,2680,Device Type 1
User 8,Wednesday: Season 1: Wednesday's Child Is Full of Woe (Episode 1),2023-01-25 05:12:23,341,Device Type 1
User 8,Wednesday: Season 1 - Fast Laughs - Clip 1,2023-01-24 12:02:57,4,Device Type 1
User 8,Season 1 Teaser 1: Wednesday,2023-01-24 12:02:43,9,Device Type 1
User 8,Season 1 Teaser 1: Wednesday,2023-01-24 12:02:22,5,Device Type 1
User 8,Wednesday: Season 1 - Fast Laughs - Clip 1,2023-01-24 12:01:54,9,Device Type 1
User 8,Season 1 Teaser 1: Wednesday,2023-01-24 12:01:22,20,Device Type 1
User 8,High Society,2023-01-23 10:31:24,238,Device Type 1
User 8,High Society,2023-01-23 10:29:02,108,Device Type 1
User 8,Duck Butter,2023-01-23 10:24:33,76,Device Type 1
User 8,Teaser 2: Lady Chatterley's Lover,2023-01-23 10:18:43,6,Device Type 1
User 8,The Notebook_hook_primary_16x9,2023-01-23 10:18:30,10,Device Type 1
User 8,Ajeeb Daastaans,2023-01-23 06:21:30,39,Device Type 1
User 8,American Pie Presents: The Naked Mile,2023-01-22 13:01:36,12,Device Type 1
User 8,The White Tiger,2023-01-22 12:30:27,34,Device Type 1
User 8,The Blue Lagoon,2023-01-22 12:28:18,1042,Device Type 1
User 8,The Blue Lagoon_hook_01_16x9,2023-01-22 12:28:10,6,Device Type 1
User 8,That '90s Show: Season 1: Lip Smackers (Episode 3),2023-01-22 12:23:34,370,Device Type 1
User 8,That '90s Show: Season 1: Free Leia (Episode 2),2023-01-22 12:21:43,110,Device Type 1
User 8,That '90s Show: Season 1: Free Leia (Episode 2),2023-01-22 11:18:19,1245,Device Type 1
User 8,That '90s Show: Season 1: That '90s Pilot (Episode 1),2023-01-22 11:12:19,359,Device Type 1
User 8,That '90s Show: Season 1: That '90s Pilot (Episode 1),2023-01-22 10:50:46,343,Device Type 1
User 8,That '90s Show: Season 1: That '90s Pilot (Episode 1),2023-01-22 08:58:05,541,Device Type 1
User 8,Itaewon Class: Season 1: Episode 16,2023-01-21 11:47:55,881,Device Type 11
User 8,Boys Over Flowers: Volume 1: Episode 1,2023-01-21 11:45:00,49,Device Type 11
User 8,Hwarang: Season 1: Episode 1,2023-01-21 11:44:09,15,Device Type 11
User 8,Guardian: The Lonely and Great God: Season 1: Episode 16,2023-01-21 11:40:22,160,Device Type 11
User 8,Guardian: The Lonely and Great God: Season 1: Episode 1,2023-01-21 11:31:17,467,Device Type 11
User 8,Chhota Bheem: Season 15: Episode 1,2023-01-21 11:28:54,7,Device Type 11
User 8,Chhota Bheem: Season 15: Episode 1,2023-01-21 11:28:19,16,Device Type 11
User 8,Harry & Meghan: Limited Series: Episode 3,2023-01-21 04:20:03,1049,Device Type 1
User 8,That '90s Show: Season 1: That '90s Pilot (Episode 1),2023-01-20 19:34:39,480,Device Type 1
User 8,Kaapa,2023-01-20 18:32:32,3604,Device Type 1
User 8,Gatta Kusthi,2023-01-20 18:28:14,2065,Device Type 1
User 8,Kaapa,2023-01-20 17:37:52,1120,Device Type 1
User 8,Never Have I Ever: Season 1: Pilot (Episode 1),2023-01-20 17:36:08,465,Device Type 3
User 8,The Twilight Saga: Breaking Dawn: Part 2_hook_primary_16x9,2023-01-20 17:30:16,35,Device Type 3
User 8,Wednesday: Season 1: Wednesday's Child Is Full of Woe (Episode 1),2023-01-20 17:30:03,8,Device Type 3
User 8,The Conjuring 2,2023-01-20 17:27:11,7,Device Type 3
User 8,Shutter Island_hook_primary_16x9,2023-01-20 17:26:45,5,Device Type 3
User 8,La Casa de Papel: Part 5: Tokio Rekindles With Rio,2023-01-20 17:25:14,49,Device Type 3
User 8,Kaapa,2023-01-20 17:16:02,477,Device Type 1
User 8,Kaapa,2023-01-20 16:45:20,1528,Device Type 1
User 8,Gatta Kusthi,2023-01-20 16:44:32,583,Device Type 1
User 8,Kaapa,2023-01-20 15:59:29,323,Device Type 1
User 8,Kaapa,2023-01-20 15:45:10,393,Device Type 1
User 8,Harry & Meghan: Limited Series: Episode 3,2023-01-20 15:41:41,846,Device Type 1
User 8,Harry & Meghan: Limited Series: Episode 5,2023-01-20 15:41:23,4,Device Type 1
User 8,Harry & Meghan: Limited Series: Episode 5,2023-01-20 04:24:09,784,Device Type 1
User 8,Kaapa,2023-01-19 22:11:13,544,Device Type 1
User 8,Kaapa,2023-01-19 21:23:28,86,Device Type 1
User 8,Harry & Meghan: Limited Series: Episode 5,2023-01-19 18:54:28,1193,Device Type 1
User 8,Harry & Meghan: Limited Series: Episode 6,2023-01-19 18:27:47,1588,Device Type 1
User 8,Gatta Kusthi,2023-01-19 17:23:56,2209,Device Type 1
User 8,Gatta Kusthi,2023-01-19 17:23:52,1,Device Type 1
User 8,Gatta Kusthi,2023-01-19 17:10:43,765,Device Type 1
User 8,Harry & Meghan: Limited Series: Episode 5,2023-01-19 16:40:38,761,Device Type 1
User 8,Harry & Meghan: Limited Series: Episode 6,2023-01-19 16:40:27,8,Device Type 1
User 8,Harry & Meghan: Limited Series: Episode 6,2023-01-19 15:54:31,346,Device Type 1
User 8,Harry & Meghan: Limited Series: Episode 6,2023-01-19 12:49:36,1853,Device Type 1
User 8,Harry & Meghan: Limited Series: Episode 6,2023-01-19 11:52:49,1976,Device Type 1
User 8,Harry & Meghan: Limited Series: Episode 5,2023-01-19 11:29:27,1227,Device Type 1
User 8,Harry & Meghan: Limited Series: Episode 5,2023-01-19 08:34:18,1742,Device Type 1
User 8,Trailer 2: Harry & Meghan,2023-01-19 08:17:41,5,Device Type 1
User 8,Teaser: Capturing the Killer Nurse (doc feature),2023-01-19 08:10:02,6,Device Type 1
User 8,Gatta Kusthi,2023-01-18 19:17:47,602,Device Type 1
User 8,Gatta Kusthi,2023-01-18 18:51:38,744,Device Type 1
User 8,Harry & Meghan: Limited Series: Episode 1,2023-01-18 11:20:18,3145,Device Type 1
User 8,Season 1 Trailer: Haunted: Latin America,2023-01-18 07:25:44,29,Device Type 1
User 8,Gatta Kusthi,2023-01-18 06:12:42,3010,Device Type 1
User 8,Gatta Kusthi_hook_03_16x9,2023-01-18 06:10:25,5,Device Type 1
User 8,Kabir Singh,2023-01-17 10:16:46,174,Device Type 1
User 8,Kabir Singh,2023-01-17 10:15:59,33,Device Type 1
User 8,ATHENA,2023-01-16 20:58:50,301,Device Type 1
User 8,ATHENA,2023-01-16 20:54:56,206,Device Type 1
User 8,Unsolved Mysteries: Volume 3: The Ghost in Apartment 14 (Episode 8),2023-01-16 15:55:36,1,Device Type 1
User 8,Unsolved Mysteries: Volume 3: The Ghost in Apartment 14 (Episode 8),2023-01-16 12:10:03,1045,Device Type 1
User 8,Unsolved Mysteries: Volume 3: The Ghost in Apartment 14 (Episode 8),2023-01-16 09:51:57,231,Device Type 1
User 8,Unsolved Mysteries: Volume 3: The Ghost in Apartment 14 (Episode 8),2023-01-16 08:46:52,5,Device Type 1
User 8,Unsolved Mysteries: Volume 3: The Ghost in Apartment 14 (Episode 8),2023-01-16 08:03:21,282,Device Type 1
User 8,Kabir Singh,2023-01-15 12:52:04,677,Device Type 1
User 8,Bulbbul,2023-01-15 12:50:40,55,Device Type 1
User 8,Lo Spietato (Trailer),2023-01-14 13:01:45,6,Device Type 1
User 8,Cyber Hell: Exposing an Internet Horror,2023-01-14 13:00:16,19,Device Type 1
User 8,Gangubai Kathiawadi,2023-01-12 08:04:35,389,Device Type 1
User 8,Gangubai Kathiawadi,2023-01-12 05:59:08,140,Device Type 1
User 8,Superbro: Season 2: 21 Jump Ya (Episode 6),2023-01-11 21:59:43,484,Device Type 1
User 8,Superbro: Season 2: The Lump (Episode 5),2023-01-11 21:47:08,752,Device Type 1
User 8,Superbro: Season 2: The Lump (Episode 5),2023-01-11 21:33:49,455,Device Type 1
User 8,Superbro: Season 2: Something Fishy (Episode 4),2023-01-11 21:14:12,1175,Device Type 1
User 8,The Usual Suspects,2023-01-11 20:11:25,3744,Device Type 1
User 8,The Usual Suspects,2023-01-11 19:04:31,2393,Device Type 1
User 8,Cyber Hell: Exposing an Internet Horror,2023-01-11 18:46:04,802,Device Type 1
User 8,Glass Onion: A Knives Out Mystery,2023-01-11 16:18:13,7907,Device Type 1
User 8,Trailer: Glass Onion: A Knives out Mystery,2023-01-11 16:16:13,118,Device Type 1
User 8,The Departed,2023-01-11 15:20:54,2716,Device Type 1
User 8,The Departed,2023-01-11 12:42:38,5440,Device Type 1
User 8,The Departed,2023-01-11 12:00:41,999,Device Type 1
User 8,The Mysterious,2023-01-11 11:45:51,17,Device Type 0
User 8,Knives Out,2023-01-11 09:52:27,7642,Device Type 1
User 8,Mumbai Mafia: Police vs The Underworld,2023-01-11 08:16:20,5148,Device Type 1
User 8,Trailer: Mumbai Mafia: Police vs The Underworld,2023-01-11 08:13:23,123,Device Type 1
User 8,Season 1 Genre Specific Moment Clip: Juvenile Justice,2023-01-11 07:20:25,16,Device Type 11
User 8,Bram Stoker's Dracula,2023-01-10 08:45:11,272,Device Type 11
User 8,Stree_hook_primary_16x9,2023-01-10 08:40:50,4,Device Type 11
User 8,Katteri,2023-01-10 08:23:02,1026,Device Type 11
User 8,Attention Please,2023-01-09 05:52:22,330,Device Type 11
User 8,Attention Please_hook_02_16x9,2023-01-09 05:50:06,9,Device Type 1
User 8,Attention Please_hook_02_16x9,2023-01-09 05:47:41,5,Device Type 1
User 8,ATHENA,2023-01-07 19:25:09,5541,Device Type 1
User 8,Dear Friend,2023-01-07 08:17:39,2253,Device Type 11
User 8,Attention Please_hook_02_16x9,2023-01-07 08:16:12,4,Device Type 11
User 8,Hit (Hindi)_hook_01_16x9,2023-01-07 08:13:12,4,Device Type 1
User 8,Mili,2023-01-07 03:56:57,512,Device Type 1
User 8,Mili_hook_01_16x9,2023-01-07 03:55:49,59,Device Type 1
User 8,Mili_hook_01_16x9,2023-01-07 03:55:29,15,Device Type 1
User 8,The Teacher (Malayalam Movie)_hook_03_16x9,2023-01-07 03:52:18,92,Device Type 1
User 8,Sherlock Holmes,2023-01-04 12:22:21,5444,Device Type 1
User 8,Sherlock Holmes,2023-01-04 09:35:21,724,Device Type 1
User 8,Season 1 Trailer: Crime Stories: India Detectives,2023-01-04 05:54:31,5,Device Type 1
User 8,She: Season 1: The Pickup (Episode 1),2023-01-03 20:01:09,244,Device Type 1
User 8,The Teacher,2023-01-03 06:56:29,338,Device Type 1
User 8,The Teacher,2023-01-03 06:23:42,214,Device Type 1
User 8,Sherlock Holmes,2023-01-01 20:54:47,1251,Device Type 1
User 8,Wednesday: Season 1: A Murder of Woes (Episode 8),2023-01-01 20:05:05,2906,Device Type 1
User 8,Wednesday: Season 1: If You Don't Woe Me by Now (Episode 7),2023-01-01 19:21:20,2624,Device Type 1
User 8,Wednesday: Season 1: Quid Pro Woe (Episode 6),2023-01-01 18:31:34,2718,Device Type 1
User 8,Wednesday: Season 1: You Reap What You Woe (Episode 5),2023-01-01 17:42:50,2817,Device Type 1
User 8,Wednesday: Season 1: Woe What a Night (Episode 4),2023-01-01 16:58:16,2673,Device Type 1
User 8,Wednesday: Season 1: Friend or Woe (Episode 3),2023-01-01 16:15:16,2580,Device Type 1
User 8,Wednesday: Season 1: Woe Is the Loneliest Number (Episode 2),2023-01-01 15:49:53,1521,Device Type 1
User 8,Wednesday: Season 1: Woe Is the Loneliest Number (Episode 2),2023-01-01 10:54:14,1058,Device Type 1
User 8,Attention Please,2023-01-01 07:31:27,15,Device Type 1
User 8,Attention Please_hook_02_16x9,2023-01-01 07:31:05,19,Device Type 1
User 8,Kuttavum Shikshayum_hook_primary_16x9,2023-01-01 07:27:09,10,Device Type 1
User 8,Wednesday: Season 1: Woe Is the Loneliest Number (Episode 2),2022-12-31 21:01:28,82,Device Type 1
User 8,Wednesday: Season 1: Wednesday's Child Is Full of Woe (Episode 1),2022-12-31 20:46:38,834,Device Type 1
User 8,Wednesday: Season 1: Wednesday's Child Is Full of Woe (Episode 1),2022-12-31 19:45:57,2403,Device Type 1
User 8,The Big Bang Theory: Season 3: The Psychic Vortex (Episode 12),2022-12-31 19:32:46,555,Device Type 1
User 8,The Big Bang Theory: Season 3: The Maternal Congruence (Episode 11),2022-12-31 19:15:09,1054,Device Type 1
User 8,Beast of Bangalore: Indian Predator: Limited Series: 1998 (Episode 3),2022-12-31 18:51:29,1106,Device Type 1
User 8,Beast of Bangalore: Indian Predator: Limited Series: 1998 (Episode 3),2022-12-31 18:35:24,336,Device Type 1
User 8,Beast of Bangalore: Indian Predator: Limited Series: 1998 (Episode 3),2022-12-30 19:41:57,1520,Device Type 1
User 8,Beast of Bangalore: Indian Predator: Limited Series: 1997 (Episode 2),2022-12-30 19:36:17,326,Device Type 1
User 8,Beast of Bangalore: Indian Predator: Limited Series: 1997 (Episode 2),2022-12-30 18:20:05,2386,Device Type 1
User 8,Sherlock Holmes: A Game of Shadows,2022-12-30 16:12:59,7195,Device Type 1
User 8,The Teacher,2022-12-30 08:42:35,185,Device Type 1
User 8,Sex Education: Season 1: Episode 1,2022-12-22 20:47:53,127,Device Type 1
User 8,Beast of Bangalore: Indian Predator: Limited Series: 1997 (Episode 2),2022-12-22 20:45:25,134,Device Type 1
User 8,Beast of Bangalore: Indian Predator: Limited Series: 1996 (Episode 1),2022-12-22 20:03:16,2310,Device Type 1
User 8,Gandu,2022-12-22 20:00:09,139,Device Type 1
User 8,Sex Education: Season 1 - Clip 3,2022-12-22 19:41:21,20,Device Type 1
User 8,Sex Education: Season 1 - Clip 3,2022-12-22 19:40:09,17,Device Type 1
User 8,BLACKPINK: Light Up the Sky,2022-12-20 08:06:03,3118,Device Type 11
User 8,The Legend of the Blue Sea: Season 1: Episode 16,2022-12-20 08:01:36,175,Device Type 11
User 8,Bhool Bhulaiyaa 2,2022-12-20 07:31:02,1030,Device Type 11
User 8,Lucifer: Season 1: Pilot (Episode 1),2022-12-18 09:36:06,1055,Device Type 1
User 8,Ragnarok: Season 1: New Boy (Episode 1),2022-12-18 09:34:58,61,Device Type 1
User 8,Ariyippu/Declaration,2022-12-17 12:43:13,2699,Device Type 11
User 8,Declaration_hook_05_16x9,2022-12-17 12:41:03,52,Device Type 11
User 8,Ariyippu/Declaration,2022-12-17 12:40:08,2,Device Type 1
User 8,Ariyippu/Declaration,2022-12-17 11:23:04,2952,Device Type 11
User 8,Trailer: Beast of Bangalore: Indian Predator,2022-12-16 21:27:24,30,Device Type 1
User 8,Sacred Games: Season 2: Radcliffe (Episode 8),2022-12-16 20:32:57,3249,Device Type 1
User 8,Sacred Games: Season 2: Torino (Episode 7),2022-12-16 19:49:30,2555,Device Type 1
User 8,Sacred Games: Season 2: Azrael (Episode 6),2022-12-16 19:10:14,2253,Device Type 1
User 8,Sacred Games: Season 2: Vikarna (Episode 5),2022-12-16 18:21:24,2789,Device Type 1
User 8,Sacred Games: Season 2: Bardo (Episode 4),2022-12-16 17:27:35,3035,Device Type 1
User 8,Sacred Games: Season 2: Apasmara (Episode 3),2022-12-16 16:34:39,2942,Device Type 1
User 8,Sacred Games: Season 2: Siduri (Episode 2),2022-12-16 15:23:41,2751,Device Type 1
User 8,Sacred Games: Season 2: Matsya (Episode 1),2022-12-16 15:00:43,1358,Device Type 1
User 8,Indian Predator: The Diary of a Serial Killer: Season 1: The Murderer (Episode 1),2022-12-15 18:08:08,1727,Device Type 1
User 8,Trailer: Indian Predator: The Diary of a Serial Killer,2022-12-15 18:07:53,14,Device Type 1
User 8,Article 15,2022-12-15 15:49:43,7702,Device Type 1
User 8,The Big Bang Theory: Season 3: The Maternal Congruence (Episode 11),2022-12-15 15:46:13,94,Device Type 1
User 8,The Big Bang Theory: Season 3: The Gorilla Experiment (Episode 10),2022-12-15 15:46:03,8,Device Type 1
User 8,Gangaajal_hook_02_16x9,2022-12-15 15:37:30,61,Device Type 1
User 8,Indian Predator: The Butcher of Delhi: Limited Series: Tukre (Episode 3),2022-12-15 14:22:52,1431,Device Type 1
User 8,Indian Predator: The Butcher of Delhi: Limited Series: Tasveer (Episode 2),2022-12-15 13:42:43,2409,Device Type 1
User 8,Indian Predator: The Butcher of Delhi: Limited Series: Tohfe (Episode 1),2022-12-15 13:18:11,1470,Device Type 1
User 8,Indian Predator: The Butcher of Delhi: Limited Series: Tohfe (Episode 1),2022-12-14 17:56:00,907,Device Type 1
User 8,Season 2 (CJ) Sensory Clip: Indian Predator,2022-12-14 17:51:03,6,Device Type 1
User 8,Khakee: The Bihar Chapter: Season 1: PHACE TO PHACE ! (Episode 7),2022-12-11 18:22:14,3969,Device Type 1
User 8,Khakee: The Bihar Chapter: Season 1: MEETA JI KI LOVE STORY PART 2 (Episode 6),2022-12-11 17:43:07,2230,Device Type 1
User 8,Khakee: The Bihar Chapter: Season 1: MEETA JI KI LOVE STORY !!! (Episode 5),2022-12-11 17:00:48,2297,Device Type 1
User 8,Khakee: The Bihar Chapter: Season 1: MOOH DIKHAI !!! (Episode 4),2022-12-11 16:19:18,2465,Device Type 1
User 8,Khakee: The Bihar Chapter: Season 1: AMIT KAUN ??? (Episode 3),2022-12-11 15:02:27,3207,Device Type 1
User 8,Khakee: The Bihar Chapter: Season 1: CHANDANWA KA JANM ! (Episode 2),2022-12-11 15:01:47,39,Device Type 1
User 8,Khakee: The Bihar Chapter: Season 1: PATRA PARICHAY ! (Episode 1),2022-12-11 15:01:17,27,Device Type 1
User 8,Khakee: The Bihar Chapter: Season 1: CHANDANWA KA JANM ! (Episode 2),2022-12-11 13:17:26,2895,Device Type 1
User 8,Khakee: The Bihar Chapter: Season 1: PATRA PARICHAY ! (Episode 1),2022-12-11 12:01:07,3388,Device Type 1
User 8,Season 1 Main Character Intro Clip: Khakee: The Bihar Chapter,2022-12-11 11:57:33,22,Device Type 1
User 8,Season 1 Main Character Intro Clip: Khakee: The Bihar Chapter,2022-12-11 11:56:07,48,Device Type 1
User 8,Too Hot to Handle: Season 4: The Mile Dry Club (Episode 1),2022-12-11 11:43:52,117,Device Type 1
User 8,Indian Predator: Murder in a Courtroom: Limited Series: Episode 3,2022-12-11 10:45:54,2958,Device Type 1
User 8,Indian Predator: Murder in a Courtroom: Limited Series: Episode 2,2022-12-11 09:46:02,3369,Device Type 1
User 8,Indian Predator: Murder in a Courtroom: Limited Series: Episode 1,2022-12-11 08:47:46,3318,Device Type 1
User 8,Limited Series Moment of High Emotion Clip: Indian Predator: Murder in a Courtroom,2022-12-11 08:47:09,22,Device Type 1
User 8,Padavettu,2022-12-11 08:23:14,375,Device Type 11
User 8,Escape from Alcatraz,2022-12-11 06:22:37,6700,Device Type 1
User 8,Dark: Season 2: Lost and Found (Episode 5),2022-12-11 00:36:20,291,Device Type 1
User 8,The Big Bang Theory: Season 3: The Maternal Congruence (Episode 11),2022-12-11 00:35:23,52,Device Type 1
User 8,The Big Bang Theory: Season 3: The Gorilla Experiment (Episode 10),2022-12-11 00:34:35,46,Device Type 1
User 8,The Big Bang Theory: Season 3: The Gorilla Experiment (Episode 10),2022-12-10 20:49:11,638,Device Type 1
User 8,The Matrix_hook_primary_16x9,2022-12-09 19:39:47,6,Device Type 1
User 8,The Irishman - Clip 1,2022-12-09 19:36:15,4,Device Type 1
User 8,Announcement: The Irishman,2022-12-09 19:35:30,39,Device Type 1
User 8,The Irishman - Clip 1,2022-12-09 19:35:26,4,Device Type 1
User 8,Announcement: The Irishman,2022-12-09 19:35:08,4,Device Type 1
User 8,The Blind Side_hook_primary_16x9,2022-12-09 19:31:14,13,Device Type 1
User 8,My Love From the Star_hook_05_16x9,2022-12-09 08:15:40,5,Device Type 1
User 8,Trailer: Goodbye,2022-12-09 08:15:32,7,Device Type 1
User 8,The Tinder Swindler,2022-12-09 06:43:39,1043,Device Type 1
User 8,Trailer: The Tinder Swindler,2022-12-09 06:43:15,11,Device Type 1
User 8,Zodiac_hook_02_16x9,2022-12-09 06:41:07,13,Device Type 1
User 8,Relatable Clip: Harry & Meghan,2022-12-09 05:34:24,18,Device Type 1
User 8,My Love From the Star_hook_04_16x9,2022-12-07 05:15:48,33,Device Type 1
User 8,Vincenzo: Season 1_hook_01_16x9,2022-12-07 05:11:42,4,Device Type 1
User 8,My Love From the Star_hook_04_16x9,2022-12-07 05:11:09,31,Device Type 1
User 8,My Love From the Star_hook_04_16x9,2022-12-07 05:10:34,13,Device Type 1
User 8,Dark: Season 2: Lost and Found (Episode 5),2022-12-05 21:12:40,854,Device Type 1
User 8,Dark: Season 2: The Travelers (Episode 4),2022-12-05 21:12:25,13,Device Type 1
User 8,The Big Bang Theory: Season 3: The Gorilla Experiment (Episode 10),2022-12-05 21:06:45,313,Device Type 1
User 8,The Big Bang Theory: Season 3: The Vengeance Formulation (Episode 9),2022-12-05 21:06:38,4,Device Type 1
User 8,The Big Bang Theory: Season 3: The Vengeance Formulation (Episode 9),2022-12-04 19:14:48,166,Device Type 1
User 8,The Big Bang Theory: Season 3: The Adhesive Duck Deficiency (Episode 8),2022-12-04 18:53:45,1262,Device Type 1
User 8,The Big Bang Theory: Season 3: The Guitarist Amplification (Episode 7),2022-12-04 18:34:52,1132,Device Type 1
User 8,The Big Bang Theory: Season 3: The Cornhusker Vortex (Episode 6),2022-12-04 18:16:08,1123,Device Type 1
User 8,The Big Bang Theory: Season 3: The Creepy Candy Coating Corollary (Episode 5),2022-12-04 17:55:31,1236,Device Type 1
User 8,The Big Bang Theory: Season 3: The Pirate Solution (Episode 4),2022-12-04 17:34:55,1235,Device Type 1
User 8,The Big Bang Theory: Season 3: The Gothowitz Deviation (Episode 3),2022-12-04 17:13:47,1184,Device Type 1
User 8,The Big Bang Theory: Season 3: The Jiminy Conjecture (Episode 2),2022-12-04 16:52:54,1251,Device Type 1
User 8,The Big Bang Theory: Season 3: The Electric Can Opener Fluctuation (Episode 1),2022-12-04 16:31:45,1269,Device Type 1
User 8,The Big Bang Theory: Season 2: The Monopolar Expedition (Episode 23),2022-12-04 16:26:35,309,Device Type 1
User 8,Hey Sinamika,2022-12-04 12:37:18,444,Device Type 0
User 8,Hey Sinamika (Tamil)_hook_05_16x9,2022-12-04 12:35:52,63,Device Type 0
User 8,The Big Bang Theory: Season 2: The Monopolar Expedition (Episode 23),2022-12-04 11:30:43,790,Device Type 1
User 8,Love Today,2022-12-04 10:02:47,3778,Device Type 0
User 8,Love Today,2022-12-04 10:01:02,50,Device Type 0
User 8,Vatican Girl: The Disappearance of Emanuela Orlandi: Limited Series: Part 1 (Episode 1),2022-12-04 09:23:12,421,Device Type 1
User 8,The Big Bang Theory: Season 2: The Monopolar Expedition (Episode 23),2022-12-04 08:27:05,97,Device Type 1
User 8,The Big Bang Theory: Season 2: The Classified Materials Turbulence (Episode 22),2022-12-04 08:09:12,1072,Device Type 1
User 8,Catch Me If You Can,2022-12-04 06:33:41,5542,Device Type 1
User 8,Vatican Girl: The Disappearance of Emanuela Orlandi: Limited Series: Part 1 (Episode 1),2022-12-04 06:33:23,1,Device Type 1
User 8,Main Character Intro Clip: Qala,2022-12-04 05:59:43,13,Device Type 1
User 8,Love Today_hook_04_16x9,2022-12-04 05:59:26,4,Device Type 1
User 8,Volume 3 Cliffhanger Clip 2: Unsolved Mysteries,2022-12-04 05:59:21,4,Device Type 1
User 8,Love Today_hook_04_16x9,2022-12-04 05:59:01,19,Device Type 1
User 8,Vatican Girl: The Disappearance of Emanuela Orlandi: Limited Series: Part 1 (Episode 1),2022-12-04 04:40:15,1230,Device Type 1
User 8,Vatican Girl: The Disappearance of Emanuela Orlandi: Limited Series: Part 2 (Episode 2),2022-12-04 04:40:11,2,Device Type 1
User 8,Vatican Girl: The Disappearance of Emanuela Orlandi: Limited Series: Part 1 (Episode 1),2022-12-04 04:40:02,6,Device Type 1
User 8,Vatican Girl: The Disappearance of Emanuela Orlandi: Limited Series: Part 2 (Episode 2),2022-12-04 04:39:40,16,Device Type 1
User 8,The Legend of the Blue Sea: Season 1_hook_primary_16x9,2022-12-04 04:37:27,12,Device Type 1
User 8,Kumari,2022-12-03 16:37:02,7890,Device Type 1
User 8,Irul,2022-12-02 13:39:50,1801,Device Type 1
User 8,American Murder: The Family Next Door,2022-12-02 04:07:08,57,Device Type 1
User 8,Guardian: The Lonely and Great God: Season 1: Episode 16,2022-12-01 08:51:19,1044,Device Type 11
User 8,Descendants of the Sun: Season 1: Episode 16,2022-12-01 08:48:19,110,Device Type 11
User 8,The Legend of the Blue Sea: Season 1: Episode 1,2022-12-01 08:46:27,1,Device Type 11
User 8,Descendants of the Sun: Season 1: Episode 1,2022-12-01 08:45:40,21,Device Type 11
User 8,The King: Eternal Monarch: Season 1: Episode 7,2022-12-01 08:25:57,1046,Device Type 11
User 8,"Supporting Character Clip: Monica, O My Darling",2022-12-01 08:23:51,5,Device Type 11
User 8,Squid Game: Season 1: One Lucky Day (Episode 9),2022-12-01 04:29:48,263,Device Type 1
User 8,Squid Game: Season 1: Front Man (Episode 8),2022-12-01 04:29:32,10,Device Type 1
User 8,Squid Game: Season 1: VIPS (Episode 7),2022-12-01 04:09:29,982,Device Type 1
User 8,Squid Game: Season 1: Gganbu (Episode 6),2022-12-01 04:09:20,5,Device Type 1
User 8,Squid Game: Season 1: A Fair World (Episode 5),2022-12-01 04:09:08,1,Device Type 1
User 8,Squid Game: Season 1: Stick to the Team (Episode 4),2022-12-01 04:08:52,7,Device Type 1
User 8,Squid Game: Season 1: The Man with the Umbrella (Episode 3),2022-12-01 04:08:37,3,Device Type 1
User 8,Squid Game: Season 1: Hell (Episode 2),2022-12-01 04:08:22,12,Device Type 1
User 8,"Supporting Character Clip: Monica, O My Darling",2022-11-30 16:05:58,4,Device Type 1
User 8,Trailer: Crime Scene: The Vanishing at the Cecil Hotel,2022-11-30 16:05:29,12,Device Type 1
User 8,Squid Game: Season 1: Hell (Episode 2),2022-11-30 04:19:48,1625,Device Type 11
User 8,TheRipper_NoMarketingCard,2022-11-30 04:19:16,8,Device Type 11
User 8,Friends: Season 1: The One Where Monica Gets a Roommate (Pilot) (Episode 1),2022-11-29 09:05:09,89,Device Type 11
User 8,Interstellar,2022-11-29 09:02:29,30,Device Type 11
User 8,Squid Game: Season 1: Hell (Episode 2),2022-11-29 08:56:27,2,Device Type 1
User 8,The Good Doctor: The Good Doctor: Season 1_hook_primary_16x9,2022-11-28 17:22:38,7,Device Type 11
User 8,"Squid Game: Season 1: Red Light, Green Light (Episode 1)",2022-11-28 16:54:33,1553,Device Type 11
User 8,Happy New Year,2022-11-28 16:53:04,32,Device Type 11
User 8,American Murder: The Family Next Door,2022-11-28 04:09:01,768,Device Type 1
User 8,Catch Me If You Can,2022-11-27 21:29:23,1912,Device Type 1
User 8,Season 1 Trailer: Khakee: The Bihar Chapter,2022-11-27 21:28:38,15,Device Type 1
User 8,Padavettu,2022-11-27 19:20:54,7299,Device Type 1
User 8,Padavettu,2022-11-27 19:17:54,156,Device Type 1
User 8,Padavettu,2022-11-27 13:22:39,231,Device Type 1
User 8,Padavettu,2022-11-27 12:31:30,1019,Device Type 1
User 8,Thallumaala,2022-11-27 12:04:42,1584,Device Type 1
User 8,Catch Me If You Can,2022-11-26 21:03:40,421,Device Type 1
User 8,Catch Me If You Can,2022-11-26 20:44:05,55,Device Type 1
User 8,Mr. Iglesias: Part 3: The Big Dance (Episode 5),2022-11-26 20:38:36,36,Device Type 1
User 8,Unsolved Mysteries: Volume 3: Mystery at Mile Marker 45 (Episode 1),2022-11-26 10:24:48,141,Device Type 1
User 8,American Murder: The Family Next Door,2022-11-26 07:40:13,871,Device Type 1
User 8,Padavettu_hook_primary_16x9,2022-11-26 07:39:27,9,Device Type 1
User 8,Volume 3 Cliffhanger Clip 3: Unsolved Mysteries,2022-11-26 04:30:34,15,Device Type 1
User 8,World's Most Wanted: Season 1: Samantha Lewthwaite: The White Widow (Episodic Hook),2022-11-26 04:29:06,9,Device Type 1
User 8,American Murder: The Family Next Door,2022-11-26 04:25:16,19,Device Type 1
User 8,American Murder: The Family Next Door,2022-11-26 03:51:29,997,Device Type 1
User 8,Trailer: IMMORTALITY,2022-11-25 16:55:17,9,Device Type 1
User 8,Cinemagraph: IMMORTALITY,2022-11-25 16:55:16,10,Device Type 1
User 8,Cinemagraph: Exploding Kittens - The Game,2022-11-25 16:55:02,6,Device Type 1
User 8,Season 1 Plot Clip: Squid Game,2022-11-25 16:52:20,30,Device Type 1
User 8,Suicide Squad,2022-11-25 16:43:38,471,Device Type 1
User 8,Season 1 Trailer: Squid Game: The Challenge,2022-11-25 16:42:49,34,Device Type 1
User 8,Mr. Iglesias: Part 3: The Big Dance (Episode 5),2022-11-23 20:31:30,21,Device Type 1
User 8,Mr. Iglesias: Part 3: You're Dad to Me (Episode 4),2022-11-23 20:23:19,491,Device Type 1
User 8,Mr. Iglesias: Part 3: You're Dad to Me (Episode 4),2022-11-23 19:55:25,1216,Device Type 1
User 8,Mr. Iglesias: Part 3: Playing Favorites (Episode 3),2022-11-23 19:54:56,26,Device Type 1
User 8,Poochandi,2022-11-23 08:37:25,842,Device Type 11
User 8,Kuttavum Shikshayum_hook_primary_16x9,2022-11-22 03:18:15,51,Device Type 11
User 8,The Tuxedo_hook_01_16x9,2022-11-22 03:17:12,40,Device Type 11
User 8,Mr. Iglesias: Part 3: Playing Favorites (Episode 3),2022-11-21 20:58:03,83,Device Type 1
User 8,Mr. Iglesias: Part 3: Good Things (Episode 2),2022-11-21 20:31:41,1495,Device Type 1
User 8,Mr. Iglesias: Part 3: Technically Speaking (Episode 1),2022-11-21 19:59:34,1750,Device Type 1
User 8,"Mr. Iglesias: Part 2: Wherefore Art Thou, Counselor? (Episode 6)",2022-11-21 19:24:38,1665,Device Type 1
User 8,Mr. Iglesias: Part 2: Food for Thought (Episode 5),2022-11-21 18:52:44,1568,Device Type 1
User 8,Mr. Iglesias: Part 2: Generation Why (Episode 4),2022-11-21 18:28:30,1452,Device Type 1
User 8,Mr. Iglesias: Part 2: Generation Why (Episode 4),2022-11-21 16:38:48,2,Device Type 1
User 8,Mr. Iglesias: Part 2: Party of One (Episode 3),2022-11-21 16:11:09,1659,Device Type 1
User 8,Mr. Iglesias: Part 2: Taming the Carlos (Episode 2),2022-11-21 16:10:49,17,Device Type 1
User 8,Kumari,2022-11-21 10:17:26,3803,Device Type 11
User 8,Kumari,2022-11-21 08:59:51,3920,Device Type 11
User 8,Kumari_hook_primary_16x9,2022-11-21 08:59:34,7,Device Type 11
User 8,Jeff Dunham: Beside Himself - Clip 2,2022-11-21 08:23:47,4,Device Type 1
User 8,After Life: Season 3 - Clip 1,2022-11-21 08:22:55,46,Device Type 1
User 8,Superbad - Clip 1,2022-11-21 08:22:23,31,Device Type 1
User 8,Chris Rock Total Blackout: The Tamborine Extended Cut - Clip 1,2022-11-21 08:22:02,20,Device Type 1
User 8,Kevin Hart: Irresponsible - Clip 3,2022-11-21 08:21:27,34,Device Type 1
User 8,Kevin Hart: Zero F**ks Given - Clip 3,2022-11-21 08:20:56,30,Device Type 1
User 8,"Ken Jeong: You Complete Me, Ho - Clip 3",2022-11-21 08:20:42,14,Device Type 1
User 8,Dad Stop Embarrassing Me!: Season 1 - Clip 1,2022-11-21 08:20:11,29,Device Type 1
User 8,Santa Clarita Diet: Season 2 - Clip 2,2022-11-21 08:20:06,4,Device Type 1
User 8,Trevor Noah: Son of Patricia - Clip 1 Cutdown,2022-11-21 08:19:57,8,Device Type 1
User 8,Chris Tucker Live - Clip 1,2022-11-21 08:19:17,37,Device Type 1
User 8,Chris Tucker Live - Clip 1,2022-11-21 08:19:01,13,Device Type 1
User 8,Chris Tucker Live - Clip 1,2022-11-21 08:18:51,4,Device Type 1
User 8,Chris Tucker Live - Clip 1,2022-11-21 08:18:16,34,Device Type 1
User 8,Gabriel Fluffy Iglesias: One Show Fits All - Clip 2,2022-11-21 08:17:40,35,Device Type 1
User 8,THEBIGSHOWSHOWCHRISTMAS_CLIP_SUPPORTINGCHARACTER,2022-11-21 08:17:16,13,Device Type 1
User 8,Anbe Sivam_hook_primary_16x9,2022-11-21 08:10:28,70,Device Type 1
User 8,Njan Prakashan_hook_primary_16x9,2022-11-21 08:10:21,5,Device Type 1
User 8,Seinfeld: Seinfeld: Season 9_hook_primary_16x9,2022-11-21 08:09:50,7,Device Type 1
User 8,Godfather (Telugu remake)_hook_05_16x9,2022-11-21 08:08:12,91,Device Type 1
User 8,Kim's Convenience: Season 1_hook_primary_16x9,2022-11-21 08:08:03,4,Device Type 1
User 8,Season 3 Bonus Video: How to Sell Drugs Online (Fast),2022-11-21 08:07:57,4,Device Type 1
User 8,Season 4 Part 1 Teaser: Ozark,2022-11-21 08:07:47,7,Device Type 1
User 8,Season 2 (CJ) Sensory Clip: Indian Predator,2022-11-21 08:07:22,17,Device Type 1
User 8,THECREW_S1_CLIP_ACT2CONFLICT,2022-11-21 08:07:00,12,Device Type 1
User 8,Irul,2022-11-21 06:37:33,4959,Device Type 1
User 8,Godfather (Telugu remake)_hook_05_16x9,2022-11-20 13:02:59,6,Device Type 1
User 8,Kumari,2022-11-20 03:52:00,209,Device Type 1
User 8,The Big Bang Theory: Season 2: The Vegas Renormalization (Episode 21),2022-11-19 22:36:15,1229,Device Type 1
User 8,The Big Bang Theory: Season 2: The Hofstadter Isotope (Episode 20),2022-11-19 22:36:09,4,Device Type 1
User 8,Mr. Iglesias: Part 2: Taming the Carlos (Episode 2),2022-11-19 22:23:29,741,Device Type 1
User 8,Mr. Iglesias: Part 2: True Calling (Episode 1),2022-11-19 22:16:39,409,Device Type 1
User 8,Mr. Iglesias: Part 1: Academic Decathlon (Episode 10),2022-11-19 22:16:26,11,Device Type 1
User 8,Mr. Iglesias: Part 2: True Calling (Episode 1),2022-11-19 21:34:46,1064,Device Type 1
User 8,Mr. Iglesias: Part 1: Academic Decathlon (Episode 10),2022-11-19 21:27:38,427,Device Type 1
User 8,Mr. Iglesias: Part 1: The Wagon (Episode 4),2022-11-19 21:27:26,7,Device Type 1
User 8,Mr. Iglesias: Part 1: Academic Decathlon (Episode 10),2022-11-19 20:52:59,1417,Device Type 1
User 8,"Mr. Iglesias: Part 1: Oh Boy, Danny (Episode 9)",2022-11-19 20:23:02,1777,Device Type 1
User 8,Mr. Iglesias: Part 1: Teachers' Strike (Episode 8),2022-11-19 19:45:33,1585,Device Type 1
User 8,Mr. Iglesias: Part 1: Talent Show (Episode 7),2022-11-19 19:20:47,1485,Device Type 1
User 8,Mr. Iglesias: Part 1: Bullying (Episode 6),2022-11-19 18:55:02,1545,Device Type 1
User 8,Mr. Iglesias: Part 1: The Wagon (Episode 4),2022-11-19 18:54:56,1,Device Type 1
User 8,Mr. Iglesias: Part 1: Bullying (Episode 6),2022-11-19 18:54:01,51,Device Type 1
User 8,Mr. Iglesias: Part 1: Everybody Hates Gabe (Episode 5),2022-11-19 18:37:24,423,Device Type 1
User 8,Mr. Iglesias: Part 1: The Wagon (Episode 4),2022-11-19 18:37:20,3,Device Type 1
User 8,Mr. Iglesias: Part 1: Everybody Hates Gabe (Episode 5),2022-11-19 17:49:33,1180,Device Type 1
User 8,Kumari,2022-11-19 17:42:35,1272,Device Type 1
User 8,Mr. Iglesias: Part 1: The Wagon (Episode 4),2022-11-19 17:31:51,1061,Device Type 1
User 8,Mr. Iglesias: Part 1: Everybody Hates Gabe (Episode 5),2022-11-19 17:31:35,11,Device Type 1
User 8,Mr. Iglesias: Part 1: The Wagon (Episode 4),2022-11-19 17:18:35,774,Device Type 1
User 8,"Mr. Iglesias: Part 1: Full Hearts, Clear Backpacks (Episode 3)",2022-11-19 16:43:24,1637,Device Type 1
User 8,Kumari,2022-11-19 16:42:24,1783,Device Type 1
User 8,Mr. Iglesias: Part 1: Summer School (Episode 2),2022-11-19 16:11:46,1698,Device Type 1
User 8,Mr. Iglesias: Part 1: Some Children Left Behind (Episode 1),2022-11-19 16:11:42,1,Device Type 1
User 8,Sivaji,2022-11-19 15:23:38,477,Device Type 0
User 8,Kumari,2022-11-19 15:22:21,3,Device Type 1
User 8,Irul,2022-11-19 12:13:23,2556,Device Type 1
User 8,Kumari,2022-11-19 09:10:42,809,Device Type 1
User 8,Kumari,2022-11-19 06:42:59,2666,Device Type 1
User 8,Kumari,2022-11-19 06:15:07,1393,Device Type 1
User 8,Kumari,2022-11-19 06:14:10,54,Device Type 1
User 8,The Dictator,2022-11-19 06:12:37,1,Device Type 1
User 8,Cliffhanger Clip: All Quiet on the Western Front,2022-11-19 06:12:17,16,Device Type 1
User 8,Kumari_hook_primary_16x9,2022-11-19 06:10:23,37,Device Type 1
User 8,Season 1 Teaser 2: Guillermo del Toro's Cabinet of Curiosities,2022-11-19 06:09:52,6,Device Type 1
User 8,Dhokha - Round D Corner_hook_04_16x9,2022-11-19 06:09:37,5,Device Type 1
User 8,Capturing the Killer Nurse,2022-11-19 05:46:32,1380,Device Type 1
User 8,Capturing the Killer Nurse,2022-11-19 04:57:03,1688,Device Type 1
User 8,Capturing the Killer Nurse,2022-11-19 04:52:57,51,Device Type 1
User 8,Capturing the Killer Nurse,2022-11-19 03:56:53,186,Device Type 1
User 8,Cyber Hell: Exposing an Internet Horror,2022-11-19 03:41:15,184,Device Type 1
User 8,Teaser: Capturing the Killer Nurse (doc feature),2022-11-19 03:39:37,71,Device Type 1
User 8,The Dictator,2022-11-18 17:33:48,1137,Device Type 1
User 8,Cyber Hell: Exposing an Internet Horror,2022-11-18 17:23:45,591,Device Type 1
User 8,Irul,2022-11-18 14:59:03,2,Device Type 1
User 8,The Dictator,2022-11-18 13:31:25,732,Device Type 1
User 8,Cyber Hell: Exposing an Internet Horror,2022-11-18 12:15:18,98,Device Type 1
User 8,Irul,2022-11-18 10:50:56,1613,Device Type 1
User 8,Cyber Hell: Exposing an Internet Horror,2022-11-18 10:37:46,325,Device Type 1
User 8,The Dictator,2022-11-18 10:20:20,885,Device Type 1
User 8,Killer Sally: Limited Series: Valentine's Day (Episode 1),2022-11-18 04:41:04,2990,Device Type 1
User 8,Teaser: Capturing the Killer Nurse (doc feature),2022-11-18 04:34:32,10,Device Type 1
User 8,Informative Clip: Killer Sally,2022-11-18 04:31:14,15,Device Type 1
User 8,Plot Clip: Blonde,2022-11-18 04:30:43,8,Device Type 1
User 8,Cyber Hell: Exposing an Internet Horror,2022-11-18 02:34:06,91,Device Type 1
User 8,Street Food: Asia - India,2022-11-18 02:33:18,38,Device Type 1
User 8,Season 1 Trailer 2: All of Us Are Dead,2022-11-18 02:33:05,5,Device Type 1
User 8,Greatest Events of WWII in Colour: Season 1 (Trailer),2022-11-18 02:32:41,15,Device Type 1
User 8,Trailer: Orange Is the New Black,2022-11-18 02:32:13,22,Device Type 1
User 8,Season 4 Part 1 Genre Specific Moment Clip: Ozark,2022-11-18 02:31:25,23,Device Type 1
User 8,Minions Compilation_hook_01_16x9,2022-11-18 02:30:45,26,Device Type 1
User 8,Season 1 Trailer: Guillermo del Toro's Cabinet of Curiosities,2022-11-18 02:29:38,5,Device Type 1
User 8,Season 1 Cliffhanger Clip: Dubai Bling,2022-11-18 02:29:33,4,Device Type 1
User 8,Plot Clip: Blonde,2022-11-18 02:28:49,37,Device Type 1
User 8,Season 1 Moment of High Emotion Clip: 1899,2022-11-18 02:28:31,15,Device Type 1
User 8,Cyber Hell: Exposing an Internet Horror,2022-11-17 17:58:45,674,Device Type 1
User 8,Cyber Hell: Exposing an Internet Horror,2022-11-17 14:37:16,1663,Device Type 1
User 8,Cyber Hell: Exposing an Internet Horror,2022-11-17 09:07:37,5968,Device Type 1
User 8,Irul,2022-11-17 09:04:24,2,Device Type 1
User 8,High Context Clip: Cyber Hell: Exposing an Internet Horror,2022-11-17 09:01:20,10,Device Type 1
User 8,Moment of High Emotion Clip: My Daughter's Killer,2022-11-17 09:00:27,11,Device Type 1
User 8,Pihu,2022-11-17 07:08:59,1110,Device Type 1
User 8,The Conjuring 2,2022-11-17 07:03:52,118,Device Type 1
User 8,Limited Series Character Intro Clip: The Vatican Girl,2022-11-17 06:57:54,14,Device Type 1
User 8,Season 1 Teaser: Dubai Bling,2022-11-17 06:56:45,9,Device Type 1
User 8,Nadiya's Time to Eat S1: VCEE Hook Clip 1 (Crispy Fried Eggrolls),2022-11-17 03:40:24,25,Device Type 1
User 8,Season 2 (CJ) Cliffhanger Clip: Indian Predator,2022-11-17 03:39:21,6,Device Type 1
User 8,Genre Specific Moment Clip: The School for Good and Evil,2022-11-17 03:38:37,6,Device Type 1
User 8,Blonde,2022-11-16 17:39:33,486,Device Type 1
User 8,Blonde,2022-11-16 17:30:50,304,Device Type 1
User 8,Blonde,2022-11-16 16:31:00,513,Device Type 1
User 8,Blonde,2022-11-16 13:14:23,61,Device Type 1
User 8,"Sins of Our Mother: Limited Series: The 144,000 (Episode 1)",2022-11-16 09:20:02,1856,Device Type 1
User 8,The Craigslist Killer_hook_primary_16x9,2022-11-16 09:19:00,31,Device Type 1
User 8,The Craigslist Killer_hook_primary_16x9,2022-11-16 09:17:55,49,Device Type 1
User 8,Limited Series High Context Clip: Sins of Our Mother,2022-11-16 09:15:25,8,Device Type 1
User 8,American Murder: The Family Next Door,2022-11-16 09:11:49,9,Device Type 1
User 8,Crime Scene: The Vanishing at the Cecil Hotel: Limited Series: Down the Rabbit Hole (Episode 3),2022-11-16 09:09:40,95,Device Type 1
User 8,Blonde,2022-11-16 09:08:26,35,Device Type 1
User 8,Blonde,2022-11-16 07:37:09,165,Device Type 1
User 8,Blonde,2022-11-16 06:44:54,2432,Device Type 1
User 8,Blonde,2022-11-16 06:24:35,196,Device Type 1
User 8,Blonde,2022-11-16 03:46:54,4778,Device Type 1
User 8,Blonde,2022-11-16 03:44:30,5,Device Type 1
User 8,Plot Clip: Blonde,2022-11-16 03:02:05,14,Device Type 1
User 8,Plot Clip: Blonde,2022-11-16 03:01:28,13,Device Type 1
User 8,Season 5 Teaser 1: The Crown,2022-11-16 03:01:02,25,Device Type 1
User 8,Season 1 Teaser: Guillermo del Toro's Cabinet of Curiosities,2022-11-16 03:00:47,4,Device Type 1
User 8,Dark: Season 2: The Travelers (Episode 4),2022-11-15 20:46:09,206,Device Type 1
User 8,Dark: Season 2: The Travelers (Episode 4),2022-11-15 19:58:52,689,Device Type 1
User 8,Plot Clip: Blonde,2022-11-15 12:13:46,5,Device Type 1
User 8,30 Minutes or Less - Clip 2,2022-11-15 10:23:59,19,Device Type 1
User 8,The Holiday - Clip 3,2022-11-15 10:23:14,43,Device Type 1
User 8,Bad Boys II - Clip 3,2022-11-15 10:22:15,38,Device Type 1
User 8,Superbad - Clip 2,2022-11-15 10:21:59,12,Device Type 1
User 8,30 Minutes or Less - Clip 1,2022-11-15 10:21:40,12,Device Type 1
User 8,Space Force: Season 1 - Clip 13,2022-11-15 10:21:12,5,Device Type 1
User 8,Superbad - Clip 5,2022-11-15 10:20:36,18,Device Type 1
User 8,30 Minutes or Less - Clip 3,2022-11-15 10:19:23,21,Device Type 1
User 8,Not Another Teen Movie - Clip 2,2022-11-15 10:19:04,15,Device Type 1
User 8,Space Force: Season 1 - Clip 8,2022-11-15 10:18:44,15,Device Type 1
User 8,Bad Boys II - Clip 1,2022-11-15 10:18:20,19,Device Type 1
User 8,30 Minutes or Less - Clip 4,2022-11-15 10:00:19,4,Device Type 1
User 8,Ash vs Evil Dead: Season 1 - Clip 1,2022-11-15 09:59:51,19,Device Type 1
User 8,The Do-Over - Clip 3,2022-11-15 09:58:30,23,Device Type 1
User 8,Unsolved Mysteries: Volume 3: Abducted by a Parent (Episode 9),2022-11-15 04:39:48,1840,Device Type 1
User 8,Unsolved Mysteries: Volume 3: Body in the Bay (Episode 7),2022-11-15 03:48:34,2682,Device Type 1
User 8,Babies: Part 1_VAR3-CONCRETE1_AGENCY1,2022-11-15 03:44:10,19,Device Type 1
User 8,Dark: Season 2: The Travelers (Episode 4),2022-11-14 18:26:03,741,Device Type 1
User 8,Unsolved Mysteries: Volume 3: Death in a Vegas Motel (Episode 4),2022-11-14 14:31:33,2422,Device Type 1
User 8,Limited Series Character Intro Clip: The Vatican Girl,2022-11-14 10:07:39,31,Device Type 1
User 8,Unsolved Mysteries: Volume 3: Something in the Sky (Episode 2),2022-11-14 09:33:33,853,Device Type 1
User 8,Unsolved Mysteries: Volume 3: The Ghost in Apartment 14 (Episode 8),2022-11-14 06:57:03,3137,Device Type 1
User 8,Unsolved Mysteries: Volume 3: What Happened to Josh? (Episode 6),2022-11-14 06:04:59,2797,Device Type 1
User 8,Unsolved Mysteries: Volume 3: Body in Bags (Episode 3),2022-11-14 05:17:13,2602,Device Type 1
User 8,Unsolved Mysteries: Volume 3: Mystery at Mile Marker 45 (Episode 1),2022-11-14 04:17:14,3002,Device Type 1
User 8,Unsolved Mysteries: Volume 3: Mystery at Mile Marker 45 (Episode 1),2022-11-14 03:46:36,2,Device Type 1
User 8,Dark: Season 2: The Travelers (Episode 4),2022-11-13 19:58:37,695,Device Type 1
User 8,Dark: Season 2: Ghosts (Episode 3),2022-11-13 18:50:26,3213,Device Type 1
User 8,Dark: Season 2: Dark Matter (Episode 2),2022-11-13 17:46:33,3077,Device Type 1
User 8,Dark: Season 2: Beginnings and Endings (Episode 1),2022-11-13 16:58:03,3,Device Type 1
User 8,Dark: Season 2: Beginnings and Endings (Episode 1),2022-11-13 16:46:48,2945,Device Type 1
User 8,Dark: Season 1: Alpha and Omega (Episode 10),2022-11-13 16:31:37,896,Device Type 1
User 8,The Big Bang Theory: Season 2: The Hofstadter Isotope (Episode 20),2022-11-13 16:22:18,556,Device Type 1
User 8,The Big Bang Theory: Season 2: The Dead Hooker Juxtaposition (Episode 19),2022-11-13 15:52:51,1196,Device Type 1
User 8,The Big Bang Theory: Season 2: The Work Song Nanocluster (Episode 18),2022-11-13 15:32:36,1214,Device Type 1
User 8,The Big Bang Theory: Season 2: The Terminator Decoupling (Episode 17),2022-11-13 15:27:05,327,Device Type 1
User 8,The Big Bang Theory: Season 2: The Cushion Saturation (Episode 16),2022-11-13 14:56:25,1253,Device Type 1
User 8,The Big Bang Theory: Season 2: The Maternal Capacitance (Episode 15),2022-11-13 14:35:47,1234,Device Type 1
User 8,The Big Bang Theory: Season 2: The Financial Permeability (Episode 14),2022-11-13 14:10:58,1286,Device Type 1
User 8,The Big Bang Theory: Season 2: The Friendship Algorithm (Episode 13),2022-11-13 14:10:11,44,Device Type 1
User 8,Thallumaala,2022-11-13 13:50:35,1184,Device Type 1
User 8,The Big Bang Theory: Season 2: The Friendship Algorithm (Episode 13),2022-11-13 10:02:36,474,Device Type 1
User 8,The Big Bang Theory: Season 2: The Killer Robot Instability (Episode 12),2022-11-13 09:40:49,1080,Device Type 1
User 8,The Big Bang Theory: Season 2: The Killer Robot Instability (Episode 12),2022-11-13 09:37:58,164,Device Type 1
User 8,The Big Bang Theory: Season 2: The Bath Item Gift Hypothesis (Episode 11),2022-11-13 09:16:30,1218,Device Type 1
User 8,The Big Bang Theory: Season 2: The Vartabedian Conundrum (Episode 10),2022-11-13 08:47:15,1235,Device Type 1
User 8,The Big Bang Theory: Season 2: The White Asparagus Triangulation (Episode 9),2022-11-13 08:26:12,1209,Device Type 1
User 8,Sivaji,2022-11-11 16:13:33,29,Device Type 0
User 8,Sivaji,2022-11-11 15:21:07,1978,Device Type 0
User 8,Sivaji,2022-11-11 15:20:14,16,Device Type 0
User 8,Sivaji,2022-11-11 14:06:12,1065,Device Type 0
User 8,Thalaivii,2022-11-11 13:58:46,248,Device Type 0
User 8,Dark: Season 1: Alpha and Omega (Episode 10),2022-11-10 18:34:30,346,Device Type 1
User 8,Our Planet: Season 1: Jungles (Episodic Trailer),2022-11-09 16:15:07,9,Device Type 6
User 8,Charlie and the Chocolate Factory_hook_primary_16x9,2022-11-09 16:14:57,5,Device Type 6
User 8,Charlie and the Chocolate Factory_hook_primary_16x9,2022-11-09 16:12:11,34,Device Type 6
User 8,The Tuxedo_hook_01_16x9,2022-11-09 16:11:38,25,Device Type 6
User 8,The Tuxedo,2022-11-09 16:09:35,18,Device Type 6
User 8,The Tuxedo_hook_01_16x9,2022-11-09 16:09:11,4,Device Type 6
User 8,The Tuxedo_hook_01_16x9,2022-11-09 16:08:53,5,Device Type 6
User 8,Vaashi (Malayalam)_hook_01_16x9,2022-11-09 16:08:05,31,Device Type 6
User 8,Kung Fu Panda 2_hook_primary_16x9,2022-11-09 16:06:58,6,Device Type 6
User 8,The Crown: Season 1: Wolferton Splash (Episode 1),2022-11-09 16:05:43,10,Device Type 6
User 8,Dark: Season 1: Alpha and Omega (Episode 10),2022-11-08 19:58:08,1865,Device Type 1
User 8,Dark: Season 1: Alpha and Omega (Episode 10),2022-11-08 19:35:40,254,Device Type 1
User 8,Dark: Season 1: Everything Is Now (Episode 9),2022-11-08 18:36:54,3096,Device Type 1
User 8,"Dark: Season 1: As You Sow, So You Shall Reap (Episode 8)",2022-11-08 17:48:59,2756,Device Type 1
User 8,Dark: Season 1: Crossroads (Episode 7),2022-11-08 16:56:32,2834,Device Type 1
User 8,Dark: Season 1: Sic Mundus Creatus Est (Episode 6),2022-11-08 16:32:20,967,Device Type 1
User 8,Blue Streak,2022-11-08 15:40:16,2874,Device Type 1
User 8,Blue Streak,2022-11-08 03:39:39,1049,Device Type 1
User 8,Blue Streak,2022-11-07 18:31:14,1568,Device Type 1
User 8,Blue Streak,2022-11-07 16:35:50,8,Device Type 1
User 8,The Big Bang Theory: Season 2: The White Asparagus Triangulation (Episode 9),2022-11-07 16:34:36,40,Device Type 1
User 8,The Big Bang Theory: Season 2: The Lizard-Spock Expansion (Episode 8),2022-11-07 16:15:11,1164,Device Type 1
User 8,The Big Bang Theory: Season 2: The Panty Piñata Polarization (Episode 7),2022-11-07 15:52:53,1225,Device Type 1
User 8,The Big Bang Theory: Season 2: The Cooper-Nowitzki Theorem (Episode 6),2022-11-07 15:24:33,1234,Device Type 1
User 8,The Big Bang Theory: Season 2: The Euclid Alternative (Episode 5),2022-11-07 15:24:28,2,Device Type 1
User 8,Brooklyn Nine-Nine: Season 5: DFW (Episode 17),2022-11-07 15:19:21,233,Device Type 1
User 8,Brooklyn Nine-Nine: Season 5: NutriBoom (Episode 16),2022-11-07 15:19:15,3,Device Type 1
User 8,Dark: Season 1: Sic Mundus Creatus Est (Episode 6),2022-11-07 15:14:04,81,Device Type 1
User 8,Goosebumps 2: Haunted Halloween,2022-11-07 14:56:44,939,Device Type 1
User 8,Dark: Season 1: Sic Mundus Creatus Est (Episode 6),2022-11-06 19:56:07,112,Device Type 1
User 8,Dark: Season 1: Sic Mundus Creatus Est (Episode 6),2022-11-06 19:46:31,407,Device Type 1
User 8,Dark: Season 1: Sic Mundus Creatus Est (Episode 6),2022-11-06 19:45:34,54,Device Type 1
User 8,Dark: Season 1: Sic Mundus Creatus Est (Episode 6),2022-11-06 14:06:45,1927,Device Type 1
User 8,Dark: Season 1: Truths (Episode 5),2022-11-06 13:42:08,1033,Device Type 1
User 8,Dark: Season 1: Truths (Episode 5),2022-11-06 12:14:00,1464,Device Type 1
User 8,Dark: Season 1: Double Lives (Episode 4),2022-11-06 11:37:14,1472,Device Type 1
User 8,Dark: Season 1: Double Lives (Episode 4),2022-11-06 10:44:35,1195,Device Type 1
User 8,Dark: Season 1: Past and Present (Episode 3),2022-11-06 10:29:28,799,Device Type 1
User 8,Dark: Season 1: Past and Present (Episode 3),2022-11-06 08:14:05,464,Device Type 1
User 8,Dark: Season 1: Past and Present (Episode 3),2022-11-06 06:31:43,1230,Device Type 1
User 8,Dark: Season 1: Lies (Episode 2),2022-11-06 05:43:06,2461,Device Type 1
User 8,Dark: Season 1: Secrets (Episode 1),2022-11-06 04:53:27,2911,Device Type 1
User 8,Brooklyn Nine-Nine: Season 5: NutriBoom (Episode 16),2022-11-06 04:35:18,795,Device Type 1
User 8,Brooklyn Nine-Nine: Season 5: The Puzzle Master (Episode 15),2022-11-06 04:34:13,59,Device Type 1
User 8,Sacred Games: Season 2: Matsya (Episode 1),2022-10-24 13:10:15,1724,Device Type 1
User 8,Sacred Games: Season 1 (Recap),2022-10-24 13:06:08,245,Device Type 1
User 8,Narcos: Mexico: Season 3: Life in Wartime (Episode 10),2022-10-24 12:28:00,1873,Device Type 1
User 8,Narcos: Mexico: Season 3: Life in Wartime (Episode 10),2022-10-24 11:53:00,491,Device Type 1
User 8,Narcos: Mexico: Season 3: Life in Wartime (Episode 10),2022-10-24 10:53:38,1659,Device Type 1
User 8,Narcos: Mexico: Season 3: The Reckoning (Episode 9),2022-10-24 08:49:06,3371,Device Type 1
User 8,Narcos: Mexico: Season 3: Last Dance (Episode 8),2022-10-24 07:57:10,3107,Device Type 1
User 8,Narcos: Mexico: Season 3: Last Dance (Episode 8),2022-10-24 07:53:46,193,Device Type 1
User 8,Narcos: Mexico: Season 3: La Voz (Episode 7),2022-10-24 06:59:44,3133,Device Type 1
User 8,Narcos: Mexico: Season 3: La Jefa (Episode 6),2022-10-24 06:00:45,3234,Device Type 1
User 8,Narcos: Mexico: Season 3: Boots on the Ground (Episode 5),2022-10-24 04:51:11,3413,Device Type 1
User 8,Narcos: Mexico: Season 3: GDL (Episode 4),2022-10-24 03:48:14,3082,Device Type 1
User 8,Narcos: Mexico: Season 3: Los Juniors (Episode 3),2022-10-23 14:09:48,2016,Device Type 1
User 8,Narcos: Mexico: Season 3: Como La Flor (Episode 2),2022-10-23 12:40:00,2941,Device Type 1
User 8,Narcos: Mexico: Season 3: 12 Steps (Episode 1),2022-10-23 12:22:32,979,Device Type 1
User 8,Narcos: Mexico: Season 3: 12 Steps (Episode 1),2022-10-23 12:00:29,1308,Device Type 1
User 8,Narcos: Mexico: Season 3: 12 Steps (Episode 1),2022-10-23 10:19:07,1603,Device Type 1
User 8,Narcos: Mexico: Season 1 (Thematic 3),2022-10-23 10:18:24,15,Device Type 1
User 8,Narcos: Mexico: Season 3: Como La Flor (Episode 2),2022-10-23 10:18:09,2,Device Type 1
User 8,Narcos: Mexico: Season 3: 12 Steps (Episode 1),2022-10-23 10:18:00,7,Device Type 1
User 8,Narcos: Mexico: Season 2: Free Trade (Episode 10),2022-10-23 09:04:49,3828,Device Type 1
User 8,"Narcos: Mexico: Season 2: Growth, Prosperity, and Liberation (Episode 9)",2022-10-23 08:01:32,2724,Device Type 1
User 8,Narcos: Mexico: Season 2: Se Cayó El Sistema (Episode 8),2022-10-23 06:59:32,3324,Device Type 1
User 8,Narcos: Mexico: Season 2: Truth and Reconciliation (Episode 7),2022-10-23 05:57:54,3254,Device Type 1
User 8,Narcos: Mexico: Season 2: El Dedazo (Episode 6),2022-10-23 05:48:23,559,Device Type 1
User 8,Narcos: Mexico: Season 2: Se Cayó El Sistema (Episode 8),2022-10-23 05:48:05,1,Device Type 1
User 8,Narcos: Mexico: Season 2: Truth and Reconciliation (Episode 7),2022-10-23 05:48:02,1,Device Type 1
User 8,Narcos: Mexico: Season 2: Truth and Reconciliation (Episode 7),2022-10-23 05:47:24,35,Device Type 1
User 8,Narcos: Mexico: Season 2: El Dedazo (Episode 6),2022-10-23 05:46:57,25,Device Type 1
User 8,Narcos: Mexico: Season 2: El Dedazo (Episode 6),2022-10-22 08:45:14,12,Device Type 1
User 8,Narcos: Mexico: Season 2: El Dedazo (Episode 6),2022-10-21 17:58:58,281,Device Type 1
User 8,Narcos: Mexico: Season 2: AFO (Episode 5),2022-10-21 17:57:01,115,Device Type 1
User 8,We're the Millers_hook_primary_16x9,2022-10-21 17:07:58,46,Device Type 1
User 8,Narcos: Mexico: Season 2: AFO (Episode 5),2022-10-18 19:05:49,838,Device Type 1
User 8,Narcos: Mexico: Season 2: The Big Dig (Episode 4),2022-10-18 18:55:12,617,Device Type 1
User 8,Narcos: Mexico: Season 2: The Big Dig (Episode 4),2022-10-18 18:30:56,1450,Device Type 1
User 8,Thallumaala,2022-10-18 18:30:49,3,Device Type 1
User 8,Thallumaala,2022-10-17 19:11:03,6777,Device Type 1
User 8,Narcos: Mexico: Season 2: The Big Dig (Episode 4),2022-10-16 15:13:25,901,Device Type 1
User 8,Narcos: Season 1: La Gran Mentira (Episode 8),2022-10-16 15:06:15,379,Device Type 1
User 8,Narcos: Season 1: La Gran Mentira (Episode 8),2022-10-16 14:09:38,1194,Device Type 1
User 8,Narcos: Season 1: You Will Cry Tears of Blood (Episode 7),2022-10-16 13:47:46,1147,Device Type 1
User 8,Narcos: Season 1: You Will Cry Tears of Blood (Episode 7),2022-10-15 17:35:00,1539,Device Type 1
User 8,Narcos: Mexico: Season 2: The Big Dig (Episode 4),2022-10-10 18:29:36,377,Device Type 1
User 8,Narcos: Mexico: Season 2: Ruben Zuno Arce (Episode 3),2022-10-10 17:54:44,1855,Device Type 1
User 8,Narcos: Mexico: Season 2: Ruben Zuno Arce (Episode 3),2022-10-10 17:52:16,57,Device Type 1
User 8,Narcos: Mexico: Season 2: Ruben Zuno Arce (Episode 3),2022-10-10 17:32:00,932,Device Type 1
User 8,Narcos: Mexico: Season 2: Ruben Zuno Arce (Episode 3),2022-10-10 17:22:47,351,Device Type 1
User 8,Narcos: Mexico: Season 2: Ruben Zuno Arce (Episode 3),2022-10-10 17:18:56,180,Device Type 1
User 8,Narcos: Mexico: Season 2: Alea lacta Est (Episode 2),2022-10-10 16:13:15,3705,Device Type 1
User 8,Narcos: Mexico: Season 2: Salva El Tigre (Episode 1),2022-10-10 15:31:19,2308,Device Type 1
User 8,Narcos: Mexico: Season 2: Salva El Tigre (Episode 1),2022-10-10 14:49:28,1724,Device Type 1
User 8,Narcos: Mexico: Season 1: Leyenda (Episode 10),2022-10-10 14:44:21,258,Device Type 1
User 8,Narcos (Franchise Trailer),2022-10-10 14:35:29,15,Device Type 1
User 8,Narcos: Season 1: You Will Cry Tears of Blood (Episode 7),2022-10-09 14:22:38,404,Device Type 1
User 8,Narcos: Season 1: Explosivos (Episode 6),2022-10-09 13:35:12,2845,Device Type 1
User 8,Narcos: Season 1: There Will Be a Future (Episode 5),2022-10-09 12:43:16,3114,Device Type 1
User 8,Narcos: Season 1: The Palace in Flames (Episode 4),2022-10-09 12:24:40,1116,Device Type 1
User 8,Narcos: Season 1: The Palace in Flames (Episode 4),2022-10-09 11:59:29,1376,Device Type 1
User 8,Narcos: Season 1: The Men of Always (Episode 3),2022-10-09 11:15:44,2624,Device Type 1
User 8,Narcos: Season 1: The Sword of Simón Bolívar (Episode 2),2022-10-09 10:39:30,2170,Device Type 1
User 8,Narcos: Season 1: Descenso (Episode 1),2022-10-09 10:30:51,518,Device Type 1
User 8,Narcos: Season 1: Descenso (Episode 1),2022-10-09 09:37:03,2896,Device Type 1
User 8,Narcos: Season 1 (Trailer),2022-10-09 09:36:39,21,Device Type 1
User 8,Narcos: Season 1 (Trailer),2022-10-09 09:22:58,18,Device Type 1
User 8,Friends: Season 3: The One with the Race Car Bed (Episode 7),2022-10-09 08:10:40,1060,Device Type 1
User 8,Friends: Season 3: The One with the Flashback (Episode 6),2022-10-09 07:48:40,1319,Device Type 1
User 8,Friends: Season 3: The One with Frank Jr (Episode 5),2022-10-09 07:26:40,1319,Device Type 1
User 8,Friends: Season 3: The One with the Metaphorical Tunnel (Episode 4),2022-10-09 07:04:19,1341,Device Type 1
User 8,Friends: Season 3: The One with the Jam (Episode 3),2022-10-09 06:42:21,1317,Device Type 1
User 8,Friends: Season 3 - Clip 1,2022-10-09 06:41:54,25,Device Type 1
User 8,Friends: Season 4 - Clip 1,2022-10-09 06:41:42,9,Device Type 1
User 8,Rick and Morty: Season 2: Mortynight Run (Episode 2),2022-10-09 06:18:27,1347,Device Type 1
User 8,Rick and Morty: Season 2: A Rickle in Time (Episode 1),2022-10-09 05:56:02,1344,Device Type 1
User 8,Rick and Morty: Season 1: Ricksy Business (Episode 11),2022-10-09 05:54:41,79,Device Type 1
User 8,Rick and Morty: Season 1: Pilot (Episode 1),2022-10-09 05:53:20,3,Device Type 1
User 8,Brooklyn Nine-Nine: Season 5: The Puzzle Master (Episode 15),2022-10-09 05:46:49,346,Device Type 1
User 8,The Big Bang Theory: Season 2: The Euclid Alternative (Episode 5),2022-10-07 20:23:56,250,Device Type 1
User 8,The Big Bang Theory: Season 2: The Griffin Equivalency (Episode 4),2022-10-07 20:03:00,1254,Device Type 1
User 8,The Big Bang Theory: Season 2: The Barbarian Sublimation (Episode 3),2022-10-07 20:01:40,77,Device Type 1
User 8,The Big Bang Theory: Season 2: The Codpiece Topology (Episode 2),2022-10-07 19:52:31,535,Device Type 1
User 8,The Big Bang Theory: Season 2: The Bad Fish Paradigm (Episode 1),2022-10-07 19:31:05,1282,Device Type 1
User 8,The Big Bang Theory: Season 1: The Tangerine Factor (Episode 17),2022-10-07 19:31:02,1,Device Type 1
User 8,Vikings: Season 2: Blood Eagle (Episode 7),2022-10-07 19:16:53,774,Device Type 1
User 8,Vikings: Season 1: Sacrifice (Episode 8),2022-10-07 19:00:43,892,Device Type 1
User 8,Attention Please,2022-10-07 19:00:31,1,Device Type 1
User 8,Brooklyn Nine-Nine: Season 5: The Puzzle Master (Episode 15),2022-10-07 18:56:56,205,Device Type 1
User 8,Brooklyn Nine-Nine: Season 5: The Box (Episode 14),2022-10-07 18:56:41,13,Device Type 1
User 8,Oru Thekkan Thallu Case,2022-10-07 18:47:01,571,Device Type 1
User 8,Oru Thekkan Thallu Case_hook_primary_16x9,2022-10-07 18:46:49,12,Device Type 1
User 8,Superbro: Season 1: The Zombie Apocalypse (Episode 6),2022-10-07 18:23:56,1313,Device Type 1
User 8,Superbro: Season 1: The Power Trip (Episode 5),2022-10-07 18:04:35,1148,Device Type 1
User 8,Superbro: Season 1: The Formal (Episode 4),2022-10-07 17:44:07,1223,Device Type 1
User 8,Superbro: Season 1: The Final Exam (Episode 3),2022-10-07 17:23:13,1247,Device Type 1
User 8,Superbro: Season 1: The Family Jewels (Episode 2),2022-10-07 17:00:00,1310,Device Type 1
User 8,Superbro: Season 1: Breaking Dad (Episode 1),2022-10-07 16:34:39,1519,Device Type 1
User 8,Superbro: Season 2: The Lump (Episode 5),2022-10-07 16:34:16,1,Device Type 1
User 8,Superbro: Season 2: The Lump (Episode 5),2022-10-07 16:34:11,1,Device Type 1
User 8,Superbro: Season 2: Something Fishy (Episode 4),2022-10-07 16:34:08,1,Device Type 1
User 8,Superbro: Season 2: 21 Jump Ya (Episode 6),2022-10-07 16:34:06,1,Device Type 1
User 8,Superbro: Season 2: The Lump (Episode 5),2022-10-07 16:34:03,1,Device Type 1
User 8,Superbro: Season 2: Something Fishy (Episode 4),2022-10-07 16:33:30,31,Device Type 1
User 8,Superbro: Season 2: 21 Jump Ya (Episode 6),2022-10-07 16:03:01,1189,Device Type 1
User 8,Superbro: Season 2: The Lump (Episode 5),2022-10-07 16:02:58,1,Device Type 1
User 8,Superbro: Season 2: Something Fishy (Episode 4),2022-10-07 16:02:55,1,Device Type 1
User 8,Superbro: Season 2: Something Fishy (Episode 4),2022-10-07 16:02:46,2,Device Type 1
User 8,Season 1 Main Character Intro Clip: Vikings: Valhalla,2022-10-07 16:01:48,10,Device Type 1
User 8,Oru Thekkan Thallu Case_hook_03_16x9,2022-10-07 15:59:41,11,Device Type 1
User 8,Superbro: Season 2: Something Fishy (Episode 4),2022-10-04 18:19:52,214,Device Type 1
User 8,Superbro: Season 2: The Magpie (Episode 3),2022-10-04 18:05:19,868,Device Type 1
User 8,Superbro: Season 2: The Magpie (Episode 3),2022-10-04 18:00:27,271,Device Type 1
User 8,Superbro: Season 2: The Magpie (Episode 3),2022-10-04 17:52:28,82,Device Type 1
User 8,Superbro: Season 2: The Lawsuit (Episode 2),2022-10-04 17:31:27,1261,Device Type 1
User 8,Superbro: Season 2: The P Plates (Episode 1),2022-10-04 17:09:35,1286,Device Type 1
User 8,Attention Please,2022-09-20 08:54:05,143,Device Type 0
User 8,Mugamoodi,2022-09-11 07:53:24,5199,Device Type 0
User 8,Mugamoodi,2022-09-11 06:01:53,2977,Device Type 0
User 8,Doctor (Tamil),2022-09-05 13:05:08,2015,Device Type 0
User 8,Don,2022-09-05 13:03:17,57,Device Type 0
User 8,Mandela,2022-08-31 11:09:00,17,Device Type 0
User 8,Mandela,2022-08-31 10:00:09,3538,Device Type 0
User 8,Mandela,2022-08-31 09:59:38,15,Device Type 0
User 8,Brooklyn Nine-Nine: Season 5: The Box (Episode 14),2022-08-20 19:22:29,42,Device Type 1
User 8,Brooklyn Nine-Nine: Season 5: The Negotiation (Episode 13),2022-08-20 19:01:22,1265,Device Type 1
User 8,Brooklyn Nine-Nine: Season 5: Safe House (Episode 12),2022-08-20 18:39:06,1335,Device Type 1
User 8,Brooklyn Nine-Nine: Season 5: The Favor (Episode 11),2022-08-20 18:19:36,1132,Device Type 1
User 8,Brooklyn Nine-Nine: Season 5: Game Night (Episode 10),2022-08-20 17:58:27,436,Device Type 1
User 8,Brooklyn Nine-Nine: Season 5: 99 (Episode 9),2022-08-20 17:36:22,1287,Device Type 1
User 8,Brooklyn Nine-Nine: Season 5: Return to Skyfire (Episode 8),2022-08-20 17:14:48,1292,Device Type 1
User 8,Brooklyn Nine-Nine: Season 5: Two Turkeys (Episode 7),2022-08-20 16:53:25,1282,Device Type 1
User 8,Brooklyn Nine-Nine: Season 5: The Venue (Episode 6),2022-08-20 16:31:40,1303,Device Type 1
User 8,Brooklyn Nine-Nine: Season 5: Bad Beat (Episode 5),2022-08-20 16:13:34,790,Device Type 1
User 8,Schindler's List_hook_primary_16x9,2022-08-20 16:12:09,12,Device Type 1
User 8,Brooklyn Nine-Nine: Season 5: Bad Beat (Episode 5),2022-08-20 14:47:02,674,Device Type 1
User 8,Brooklyn Nine-Nine: Season 5: HalloVeen (Episode 4),2022-08-20 14:25:33,1288,Device Type 1
User 8,Brooklyn Nine-Nine: Season 5: Kicks (Episode 3),2022-08-20 14:04:16,1275,Device Type 1
User 8,"Brooklyn Nine-Nine: Season 5: The Big House, Pt. 2 (Episode 2)",2022-08-20 13:26:45,1331,Device Type 1
User 8,"Brooklyn Nine-Nine: Season 5: The Big House, Pt. 1 (Episode 1)",2022-08-20 13:05:18,1285,Device Type 1
User 8,Brooklyn Nine-Nine: Season 4: Crime & Punishment (Episode 22),2022-08-20 12:44:29,1248,Device Type 1
User 8,Brooklyn Nine-Nine: Season 4: The Bank Job (Episode 21),2022-08-20 12:37:50,398,Device Type 1
User 8,Brooklyn Nine-Nine: Season 4: The Bank Job (Episode 21),2022-08-20 12:21:17,881,Device Type 1
User 8,Brooklyn Nine-Nine: Season 4: The Slaughterhouse (Episode 20),2022-08-20 12:00:15,1260,Device Type 1
User 8,Brooklyn Nine-Nine: Season 4: Your Honor (Episode 19),2022-08-20 12:00:02,10,Device Type 1
User 8,Brooklyn Nine-Nine: Season 4: Your Honor (Episode 19),2022-08-19 14:20:49,211,Device Type 1
User 8,Brooklyn Nine-Nine: Season 4: Chasing Amy (Episode 18),2022-08-19 14:09:33,674,Device Type 1
User 8,Django Unchained,2022-08-19 13:13:50,2937,Device Type 1
User 8,Brooklyn Nine-Nine: Season 4: Chasing Amy (Episode 18),2022-08-17 19:34:11,615,Device Type 1
User 8,Brooklyn Nine-Nine: Season 4: Cop-Con (Episode 17),2022-08-17 19:12:45,1285,Device Type 1
User 8,Brooklyn Nine-Nine: Season 4: Moo Moo (Episode 16),2022-08-17 19:12:40,2,Device Type 1
User 8,Mandela,2022-08-15 23:46:59,3038,Device Type 0
User 8,Mandela,2022-08-15 23:03:20,2611,Device Type 0
User 8,Mandela,2022-08-15 22:14:23,2586,Device Type 0
User 8,Brooklyn Nine-Nine: Season 4: Moo Moo (Episode 16),2022-08-15 18:29:02,178,Device Type 1
User 8,Brooklyn Nine-Nine: Season 4: The Last Ride (Episode 15),2022-08-15 18:06:55,1319,Device Type 1
User 8,Brooklyn Nine-Nine: Season 4: Serve & Protect (Episode 14),2022-08-15 17:58:59,470,Device Type 1
User 8,Brooklyn Nine-Nine: Season 4: Serve & Protect (Episode 14),2022-08-15 17:39:05,840,Device Type 1
User 8,Brooklyn Nine-Nine: Season 4: The Audit (Episode 13),2022-08-15 17:22:26,926,Device Type 1
User 8,Inglourious Basterds,2022-08-15 14:41:23,9229,Device Type 1
User 8,Brooklyn Nine-Nine: Season 4: The Audit (Episode 13),2022-08-15 14:32:57,361,Device Type 1
User 8,Brooklyn Nine-Nine: Season 4: The Fugitive: Part 2 (Episode 12),2022-08-15 14:11:33,1283,Device Type 1
User 8,Brooklyn Nine-Nine: Season 4: The Fugitive: Part 1 (Episode 11),2022-08-15 13:50:21,1204,Device Type 1
User 8,Brooklyn Nine-Nine: Season 4: Captain Latvia (Episode 10),2022-08-15 13:45:05,314,Device Type 1
User 8,Brooklyn Nine-Nine: Season 4: The Overmining (Episode 9),2022-08-15 13:23:03,1308,Device Type 1
User 8,Brooklyn Nine-Nine: Season 4: Skyfire Cycle (Episode 8),2022-08-15 13:01:42,1280,Device Type 1
User 8,Brooklyn Nine-Nine: Season 4: Mr. Santiago (Episode 7),2022-08-15 12:42:30,1150,Device Type 1
User 8,Brooklyn Nine-Nine: Season 4: Mr. Santiago (Episode 7),2022-08-15 12:28:18,165,Device Type 1
User 8,Brooklyn Nine-Nine: Season 4: Monster in the Closet (Episode 6),2022-08-15 12:07:32,1127,Device Type 1
User 8,Brooklyn Nine-Nine: Season 4: Monster in the Closet (Episode 6),2022-08-14 13:38:58,127,Device Type 1
User 8,Brooklyn Nine-Nine: Season 4: Halloween IV (Episode 5),2022-08-14 13:18:22,1234,Device Type 1
User 8,Brooklyn Nine-Nine: Season 4: The Night Shift (Episode 4),2022-08-14 12:50:26,1285,Device Type 1
User 8,Brooklyn Nine-Nine: Season 4: Coral Palms: Part 3 (Episode 3),2022-08-14 12:43:53,392,Device Type 1
User 8,Brooklyn Nine-Nine: Season 4: Coral Palms: Part 3 (Episode 3),2022-08-14 12:23:10,864,Device Type 1
User 8,Brooklyn Nine-Nine: Season 4: Coral Palms: Part 2 (Episode 2),2022-08-14 12:01:34,1296,Device Type 1
User 8,Brooklyn Nine-Nine: Season 4: Coral Palms: Part 1 (Episode 1),2022-08-14 11:39:57,1296,Device Type 1
User 8,Brooklyn Nine-Nine: Season 3: Greg and Larry (Episode 23),2022-08-14 11:24:30,921,Device Type 1
User 8,Brooklyn Nine-Nine: Season 3: Greg and Larry (Episode 23),2022-08-14 11:17:54,385,Device Type 1
User 8,Brooklyn Nine-Nine: Season 3: The Bureau (Episode 22),2022-08-14 10:55:18,1321,Device Type 1
User 8,Brooklyn Nine-Nine: Season 3: Maximum Security (Episode 21),2022-08-14 10:32:37,1355,Device Type 1
User 8,Brooklyn Nine-Nine: Season 3: Paranoia (Episode 20),2022-08-14 10:10:53,1303,Device Type 1
User 8,Brooklyn Nine-Nine: Season 3: Terry Kitties (Episode 19),2022-08-14 09:49:12,1298,Device Type 1
User 8,Brooklyn Nine-Nine: Season 3: Cheddar (Episode 18),2022-08-14 09:28:01,1269,Device Type 1
User 8,Brooklyn Nine-Nine: Season 3: Adrian Pimento (Episode 17),2022-08-14 09:07:01,1259,Device Type 1
User 8,Brooklyn Nine-Nine: Season 3: House Mouses (Episode 16),2022-08-14 08:41:23,1311,Device Type 1
User 8,Brooklyn Nine-Nine: Season 3: The 9-8 (Episode 15),2022-08-14 08:17:36,1282,Device Type 1
User 8,Brooklyn Nine-Nine: Season 3: Karen Peralta (Episode 14),2022-08-14 07:52:27,1276,Device Type 1
User 8,Brooklyn Nine-Nine: Season 3: The Cruise (Episode 13),2022-08-14 07:25:43,1266,Device Type 1
User 8,Brooklyn Nine-Nine: Season 3: 9 Days (Episode 12),2022-08-14 07:02:17,1280,Device Type 1
User 8,Brooklyn Nine-Nine: Season 3: Hostage Situation (Episode 11),2022-08-14 06:40:53,1277,Device Type 1
User 8,Brooklyn Nine-Nine: Season 3: Yippie Kayak (Episode 10),2022-08-14 06:12:51,1262,Device Type 1
User 8,Brooklyn Nine-Nine: Season 3: The Swedes (Episode 9),2022-08-14 05:58:54,836,Device Type 1
User 8,Vikings: Season 1: Sacrifice (Episode 8),2022-08-14 05:58:37,4,Device Type 1
User 8,Vikings: Season 1: A King's Ransom (Episode 7),2022-08-14 05:16:35,2517,Device Type 1
User 8,Vikings: Season 1: Burial of the Dead (Episode 6),2022-08-14 04:28:32,2474,Device Type 1
User 8,Vikings: Season 1: Raid (Episode 5),2022-08-14 04:05:09,1402,Device Type 1
User 8,Brooklyn Nine-Nine: Season 3: The Swedes (Episode 9),2022-08-13 19:45:40,437,Device Type 1
User 8,Brooklyn Nine-Nine: Season 3: Ava (Episode 8),2022-08-13 19:42:05,207,Device Type 1
User 8,Vikings: Season 1: Raid (Episode 5),2022-08-13 19:22:39,1150,Device Type 1
User 8,Vikings: Season 1: Trial (Episode 4),2022-08-13 18:48:59,2017,Device Type 1
User 8,Vikings: Season 1: Trial (Episode 4),2022-08-13 18:34:32,552,Device Type 1
User 8,Vikings: Season 1: Dispossessed (Episode 3),2022-08-13 17:51:38,2508,Device Type 1
User 8,Vikings: Season 1: Wrath of the Northmen (Episode 2),2022-08-13 17:06:19,2552,Device Type 1
User 8,Vikings: Season 1: Rites of Passage (Episode 1),2022-08-13 16:10:20,2033,Device Type 1
User 8,Brooklyn Nine-Nine: Season 3: Ava (Episode 8),2022-08-13 16:10:13,3,Device Type 1
User 8,Brooklyn Nine-Nine: Season 3: Ava (Episode 8),2022-08-12 18:38:39,1076,Device Type 1
User 8,Brooklyn Nine-Nine: Season 3: The Mattress (Episode 7),2022-08-12 18:14:41,1434,Device Type 1
User 8,Brooklyn Nine-Nine: Season 3: Into the Woods (Episode 6),2022-08-12 18:11:07,206,Device Type 1
User 8,Vikings: Season 1: Rites of Passage (Episode 1),2022-08-12 17:59:57,594,Device Type 1
User 8,Brooklyn Nine-Nine: Season 3: Into the Woods (Episode 6),2022-08-11 18:04:54,437,Device Type 1
User 8,The Dictator,2022-08-11 17:49:39,788,Device Type 1
User 8,The Dictator,2022-08-11 17:45:56,4,Device Type 1
User 8,Brooklyn Nine-Nine: Season 3: Into the Woods (Episode 6),2022-08-10 19:59:11,735,Device Type 1
User 8,Brooklyn Nine-Nine: Season 3: Halloween Part III (Episode 5),2022-08-10 19:39:11,1194,Device Type 1
User 8,The Big Bang Theory: Season 1: The Tangerine Factor (Episode 17),2022-08-09 16:59:40,753,Device Type 1
User 8,The Big Bang Theory: Season 1: The Peanut Reaction (Episode 16),2022-08-09 16:38:51,1247,Device Type 1
User 8,The Big Bang Theory: Season 1: The Pork Chop Indeterminacy (Episode 15),2022-08-09 16:38:34,14,Device Type 1
User 8,Brooklyn Nine-Nine: Season 3: The Oolong Slayer (Episode 4),2022-08-09 16:29:41,526,Device Type 1
User 8,Brooklyn Nine-Nine: Season 3: Halloween Part III (Episode 5),2022-08-09 16:27:50,92,Device Type 1
User 8,Brooklyn Nine-Nine: Season 3: The Oolong Slayer (Episode 4),2022-08-09 16:27:45,3,Device Type 1
User 8,The Big Bang Theory: Season 1: The Pork Chop Indeterminacy (Episode 15),2022-08-08 18:39:15,54,Device Type 1
User 8,The Big Bang Theory: Season 1: The Nerdvana Annihilation (Episode 14),2022-08-08 18:39:10,2,Device Type 1
User 8,Brooklyn Nine-Nine: Season 3: The Oolong Slayer (Episode 4),2022-08-08 17:43:56,756,Device Type 1
User 8,Brooklyn Nine-Nine: Season 3: Boyle's Hunch (Episode 3),2022-08-08 17:22:40,1275,Device Type 1
User 8,Brooklyn Nine-Nine: Season 3: The Funeral (Episode 2),2022-08-08 17:00:38,1319,Device Type 1
User 8,Brooklyn Nine-Nine: Season 3: New Captain (Episode 1),2022-08-08 16:39:32,1265,Device Type 1
User 8,Brooklyn Nine-Nine: Season 2: Johnny and Dora (Episode 23),2022-08-08 16:19:40,1049,Device Type 1
User 8,Brooklyn Nine-Nine: Season 1 - Clip 5,2022-08-08 16:19:25,5,Device Type 1
User 8,Brooklyn Nine-Nine: Season 3: New Captain (Episode 1),2022-08-08 16:18:50,12,Device Type 1
User 8,Brooklyn Nine-Nine: Season 2: Johnny and Dora (Episode 23),2022-08-08 16:18:32,8,Device Type 1
User 8,Brooklyn Nine-Nine: Season 2: Johnny and Dora (Episode 23),2022-08-07 07:27:56,355,Device Type 1
User 8,Brooklyn Nine-Nine: Season 2: The Chopper (Episode 22),2022-08-07 07:06:41,1274,Device Type 1
User 8,Brooklyn Nine-Nine: Season 2: Det. Dave Majors (Episode 21),2022-08-07 06:45:21,1279,Device Type 1
User 8,Brooklyn Nine-Nine: Season 2: AC/DC (Episode 20),2022-08-07 06:23:55,1285,Device Type 1
User 8,Brooklyn Nine-Nine: Season 2: Sabotage (Episode 19),2022-08-07 06:01:43,1253,Device Type 1
User 8,Brooklyn Nine-Nine: Season 2: Captain Peralta (Episode 18),2022-08-07 05:38:49,1320,Device Type 1
User 8,Brooklyn Nine-Nine: Season 2: Boyle-Linetti Wedding (Episode 17),2022-08-07 05:17:24,1284,Device Type 1
User 8,Brooklyn Nine-Nine: Season 2: The Wednesday Incident (Episode 16),2022-08-07 05:17:12,8,Device Type 1
User 8,The Big Bang Theory: Season 1: The Nerdvana Annihilation (Episode 14),2022-08-06 18:55:45,662,Device Type 1
User 8,The Big Bang Theory: Season 1: The Bat Jar Conjecture (Episode 13),2022-08-06 18:31:50,1264,Device Type 1
User 8,The Big Bang Theory: Season 1: The Jerusalem Duality (Episode 12),2022-08-06 18:02:47,1175,Device Type 1
User 8,The Big Bang Theory: Season 1: The Pancake Batter Anomaly (Episode 11),2022-08-06 17:41:25,1281,Device Type 1
User 8,The Big Bang Theory: Season 1: The Loobenfeld Decay (Episode 10),2022-08-06 17:21:05,1219,Device Type 1
User 8,The Big Bang Theory: Season 1: The Cooper-Hofstadter Polarization (Episode 9),2022-08-06 17:09:59,664,Device Type 1
User 8,The Big Bang Theory: Season 1: The Cooper-Hofstadter Polarization (Episode 9),2022-08-06 10:45:54,487,Device Type 1
User 8,The Big Bang Theory: Season 1: The Grasshopper Experiment (Episode 8),2022-08-06 10:20:37,1238,Device Type 1
User 8,The Big Bang Theory: Season 1: The Dumpling Paradox (Episode 7),2022-08-06 10:08:07,664,Device Type 1
User 8,Better Call Saul: Season 1: Uno (Episode 1),2022-08-06 10:06:35,84,Device Type 1
User 8,The Big Bang Theory: Season 1: The Dumpling Paradox (Episode 7),2022-08-05 14:52:17,581,Device Type 1
User 8,The Big Bang Theory: Season 1: The Middle Earth Paradigm (Episode 6),2022-08-05 14:31:36,1214,Device Type 1
User 8,The Big Bang Theory: Season 1: The Hamburger Postulate (Episode 5),2022-08-05 14:09:57,1207,Device Type 1
User 8,The Big Bang Theory: Season 1: The Luminous Fish Effect (Episode 4),2022-08-05 13:49:49,1206,Device Type 1
User 8,The Big Bang Theory: Season 1: The Fuzzy Boots Corollary (Episode 3),2022-08-05 13:49:36,10,Device Type 1
User 8,Better Call Saul: Season 1: Uno (Episode 1),2022-08-05 13:17:24,1896,Device Type 1
User 8,The Terminal,2022-08-05 13:16:47,2,Device Type 1
User 8,Taare Zameen Par,2022-07-31 17:16:29,121,Device Type 0
User 8,The Dictator,2022-07-31 17:12:32,157,Device Type 0
User 8,The Dictator,2022-07-31 17:11:20,18,Device Type 0
User 8,The Dictator,2022-07-31 13:29:56,2130,Device Type 0
User 8,Squid Game: Season 1: One Lucky Day (Episode 9),2022-07-31 13:24:11,144,Device Type 0
User 8,Squid Game: Season 1: Front Man (Episode 8),2022-07-31 13:20:19,198,Device Type 0
User 8,Squid Game: Season 1: VIPS (Episode 7),2022-07-31 13:06:04,671,Device Type 0
User 8,Squid Game: Season 1: Gganbu (Episode 6),2022-07-31 12:50:42,887,Device Type 0
User 8,Squid Game: Season 1: A Fair World (Episode 5),2022-07-31 12:48:56,70,Device Type 0
User 8,Squid Game: Season 1: Stick to the Team (Episode 4),2022-07-31 12:32:59,918,Device Type 0
User 8,Squid Game: Season 1: The Man with the Umbrella (Episode 3),2022-07-31 11:59:37,1981,Device Type 0
User 8,Squid Game: Season 1: The Man with the Umbrella (Episode 3),2022-07-31 11:52:38,1,Device Type 0
User 8,Squid Game: Season 1: Hell (Episode 2),2022-07-31 11:20:11,1914,Device Type 0
User 8,"Squid Game: Season 1: Red Light, Green Light (Episode 1)",2022-07-31 10:23:20,3368,Device Type 0
User 8,Kuttavum Shikshayum,2022-07-31 10:15:57,383,Device Type 0
User 8,Kuttavum Shikshayum,2022-07-31 07:51:46,7386,Device Type 0
User 8,Trailer: Vaashi,2022-07-30 18:00:24,68,Device Type 0
User 8,Sivaji,2022-07-30 16:42:57,4336,Device Type 0
User 8,Magamuni,2022-07-30 15:55:41,2529,Device Type 0
User 8,Forrest Gump,2022-07-30 14:22:24,1746,Device Type 0
User 8,Forrest Gump,2022-07-30 13:46:21,1274,Device Type 0
User 8,Forrest Gump,2022-07-30 13:19:16,1538,Device Type 0
User 8,Super Deluxe,2022-07-29 18:37:06,1274,Device Type 0
User 8,Super Deluxe,2022-07-29 18:36:50,5,Device Type 0
User 8,Magamuni,2022-07-27 16:15:44,642,Device Type 0
User 8,Magamuni,2022-07-27 16:06:40,523,Device Type 0
User 8,Visaranai,2022-07-27 15:54:15,693,Device Type 0
User 8,The Big Bang Theory: Season 1: The Fuzzy Boots Corollary (Episode 3),2022-07-25 17:21:27,510,Device Type 1
User 8,The Big Bang Theory: Season 1_hook_primary_16x9,2022-07-25 17:21:18,7,Device Type 1
User 8,The Big Bang Theory: Season 1: The Fuzzy Boots Corollary (Episode 3),2022-07-25 17:19:14,113,Device Type 1
User 8,The Big Bang Theory: Season 1: The Big Bran Hypothesis (Episode 2),2022-07-25 17:02:16,1017,Device Type 1
User 8,The Big Bang Theory: Season 1: The Big Bran Hypothesis (Episode 2),2022-07-25 16:57:57,228,Device Type 1
User 8,The Big Bang Theory: Season 1: Pilot (Episode 1),2022-07-25 16:35:43,1333,Device Type 1
User 8,Cliffhanger Clip 2: Stranger Things 4 Volume 2,2022-07-20 15:36:12,32,Device Type 1
User 8,Man Vs Bee: Season 1: Chapter 1 (Episode 1),2022-07-20 15:16:56,731,Device Type 1
User 8,Brooklyn Nine-Nine: Season 2: The Wednesday Incident (Episode 16),2022-07-16 00:37:44,591,Device Type 1
User 8,Brooklyn Nine-Nine: Season 2: Windbreaker City (Episode 15),2022-07-16 00:17:55,1188,Device Type 1
User 8,Brooklyn Nine-Nine: Season 2: Windbreaker City (Episode 15),2022-07-14 19:11:01,89,Device Type 1
User 8,Brooklyn Nine-Nine: Season 2: The Defense Rests (Episode 14),2022-07-14 19:05:10,351,Device Type 1
User 8,Brooklyn Nine-Nine: Season 2: The Defense Rests (Episode 14),2022-07-14 18:33:58,610,Device Type 1
User 8,Brooklyn Nine-Nine: Season 2: The Defense Rests (Episode 14),2022-07-14 18:22:18,337,Device Type 1
User 8,Brooklyn Nine-Nine: Season 2: Payback (Episode 13),2022-07-14 18:00:51,1286,Device Type 1
User 8,Brooklyn Nine-Nine: Season 2: Beach House (Episode 12),2022-07-14 17:45:03,948,Device Type 1
User 8,Brooklyn Nine-Nine: Season 2: Beach House (Episode 12),2022-07-14 17:29:00,173,Device Type 1
User 8,Merku Thodarchi Malai,2022-07-14 15:22:17,127,Device Type 0
User 8,Oththa Seruppu Size 7,2022-07-14 15:18:47,83,Device Type 0
User 8,Brooklyn Nine-Nine: Season 2: Beach House (Episode 12),2022-07-13 18:01:54,171,Device Type 1
User 8,Brooklyn Nine-Nine: Season 2: Stakeout (Episode 11),2022-07-13 17:37:29,1296,Device Type 1
User 8,Brooklyn Nine-Nine: Season 2: The Pontiac Bandit Returns (Episode 10),2022-07-13 17:37:24,2,Device Type 1
User 8,Dear Friend,2022-07-13 10:33:10,1576,Device Type 0
User 8,Dear Friend,2022-07-13 10:12:03,597,Device Type 0
User 8,Dear Friend,2022-07-13 09:34:43,1831,Device Type 0
User 8,Dear Friend,2022-07-13 09:05:11,1685,Device Type 0
User 8,Dear Friend,2022-07-12 18:50:16,714,Device Type 0
User 8,Beast,2022-07-10 00:56:24,495,Device Type 0
User 8,Beast,2022-07-10 00:51:59,4,Device Type 0
User 8,Beast,2022-07-10 00:51:52,2,Device Type 0
User 8,Beast,2022-07-09 18:09:09,770,Device Type 0
User 8,Beast,2022-07-09 17:33:32,1271,Device Type 0
User 8,Beast,2022-07-09 16:51:46,462,Device Type 0
User 8,Beast,2022-07-09 16:49:36,61,Device Type 0
User 8,Brooklyn Nine-Nine: Season 2: The Pontiac Bandit Returns (Episode 10),2022-07-04 18:09:42,624,Device Type 1
User 8,Brooklyn Nine-Nine: Season 2: The Road Trip (Episode 9),2022-07-04 18:04:45,296,Device Type 1
User 8,Brooklyn Nine-Nine: Season 2: The Road Trip (Episode 9),2022-07-03 17:33:28,357,Device Type 1
User 8,Brooklyn Nine-Nine: Season 2: The Road Trip (Episode 9),2022-07-03 16:56:24,636,Device Type 1
User 8,Brooklyn Nine-Nine: Season 2: USPIS (Episode 8),2022-07-03 16:35:38,1245,Device Type 1
User 8,Seinfeld: Season 2: The Jacket (Episode 3),2022-07-03 16:29:44,336,Device Type 1
User 8,Brooklyn Nine-Nine: Season 2: USPIS (Episode 8),2022-07-03 16:12:00,36,Device Type 1
User 8,Brooklyn Nine-Nine: Season 2: Lockdown (Episode 7),2022-07-03 15:40:05,1274,Device Type 1
User 8,Brooklyn Nine-Nine: Season 2: Jake and Sophia (Episode 6),2022-07-03 15:21:21,1057,Device Type 1
User 8,Brooklyn Nine-Nine: Season 2: Jake and Sophia (Episode 6),2022-07-03 15:15:00,229,Device Type 1
User 8,Brooklyn Nine-Nine: Season 2: The Mole (Episode 5),2022-07-03 14:53:34,1284,Device Type 1
User 8,Brooklyn Nine-Nine: Season 2: Halloween II (Episode 4),2022-07-03 14:46:00,438,Device Type 1
User 8,PK,2022-07-03 00:37:07,481,Device Type 0
User 8,KD_hook_02_16x9,2022-07-02 19:15:38,6,Device Type 0
User 8,Kuttavum Shikshayum,2022-07-02 19:07:16,2,Device Type 0
User 8,Kuttavum Shikshayum,2022-07-02 19:06:07,55,Device Type 0
User 8,Kuttavum Shikshayum,2022-07-02 19:05:03,11,Device Type 0
User 8,KD (A) Karuppudurai,2022-07-02 18:53:58,1195,Device Type 0
User 8,Brooklyn Nine-Nine: Season 2: Halloween II (Episode 4),2022-07-02 18:53:21,871,Device Type 1
User 8,Brooklyn Nine-Nine: Season 2: The Jimmy Jab Games (Episode 3),2022-07-02 18:31:57,1282,Device Type 1
User 8,Brooklyn Nine-Nine: Season 2: Chocolate Milk (Episode 2),2022-07-02 18:10:26,1290,Device Type 1
User 8,Doctor (Tamil),2022-07-02 18:01:14,3009,Device Type 0
User 8,Brooklyn Nine-Nine: Season 2: Undercover (Episode 1),2022-07-02 17:49:35,1249,Device Type 1
User 8,Brooklyn Nine-Nine: Season 2: Undercover (Episode 1),2022-07-02 15:06:47,129,Device Type 1
User 8,Brooklyn Nine-Nine: Season 1: Charges and Specs (Episode 22),2022-07-02 14:44:01,1310,Device Type 1
User 8,Brooklyn Nine-Nine: Season 1: Unsolvable (Episode 21),2022-07-02 14:37:10,411,Device Type 1
User 8,Brooklyn Nine-Nine: Season 1: Unsolvable (Episode 21),2022-07-02 14:14:49,876,Device Type 1
User 8,Brooklyn Nine-Nine: Season 1: Fancy Brudgom (Episode 20),2022-07-02 13:43:16,1265,Device Type 1
User 8,Brooklyn Nine-Nine: Season 1: Tactical Village (Episode 19),2022-07-02 13:21:52,1283,Device Type 1
User 8,Brooklyn Nine-Nine: Season 1: The Apartment (Episode 18),2022-07-02 13:15:28,380,Device Type 1
User 8,Brooklyn Nine-Nine: Season 1: Full Boyle (Episode 17),2022-07-02 12:53:22,1287,Device Type 1
User 8,Brooklyn Nine-Nine: Season 1: The Party (Episode 16),2022-07-02 12:38:58,864,Device Type 1
User 8,Brooklyn Nine-Nine: Season 1: The Party (Episode 16),2022-07-02 11:48:36,408,Device Type 1
User 8,Brooklyn Nine-Nine: Season 1: Operation: Broken Feather (Episode 15),2022-07-02 11:27:12,1282,Device Type 1
User 8,Brooklyn Nine-Nine: Season 1: The Ebony Falcon (Episode 14),2022-07-02 11:05:51,1276,Device Type 1
User 8,Brooklyn Nine-Nine: Season 1: The Bet (Episode 13),2022-07-02 10:44:29,1281,Device Type 1
User 8,Brooklyn Nine-Nine: Season 1: Pontiac Bandit (Episode 12),2022-07-02 10:22:31,1301,Device Type 1
User 8,Brooklyn Nine-Nine: Season 1: Christmas (Episode 11),2022-07-02 10:16:05,385,Device Type 1
User 8,Brooklyn Nine-Nine: Season 1: Christmas (Episode 11),2022-07-01 18:21:33,897,Device Type 1
User 8,Brooklyn Nine-Nine: Season 1: Thanksgiving (Episode 10),2022-07-01 18:04:20,938,Device Type 1
User 8,Brooklyn Nine-Nine: Season 1: Thanksgiving (Episode 10),2022-07-01 17:31:13,363,Device Type 1
User 8,Brooklyn Nine-Nine: Season 1: Sal's Pizza (Episode 9),2022-07-01 17:17:43,807,Device Type 1
User 8,Brooklyn Nine-Nine: Season 1: Sal's Pizza (Episode 9),2022-07-01 16:54:25,560,Device Type 1
User 8,Brooklyn Nine-Nine: Season 1: Old School (Episode 8),2022-07-01 16:28:54,1346,Device Type 1
User 8,Brooklyn Nine-Nine: Season 1: 48 Hours (Episode 7),2022-07-01 16:16:59,714,Device Type 1
User 8,Brooklyn Nine-Nine: Season 1: 48 Hours (Episode 7),2022-07-01 13:58:37,597,Device Type 1
User 8,Brooklyn Nine-Nine: Season 1: Halloween (Episode 6),2022-07-01 13:37:13,1283,Device Type 1
User 8,Brooklyn Nine-Nine: Season 1: The Vulture (Episode 5),2022-07-01 13:14:30,1286,Device Type 1
User 8,Brooklyn Nine-Nine: Season 1: M.E. Time (Episode 4),2022-06-30 20:12:38,1271,Device Type 1
User 8,Brooklyn Nine-Nine: Season 1: The Slump (Episode 3),2022-06-30 20:08:55,221,Device Type 1
User 8,Brooklyn Nine-Nine: Season 1: The Slump (Episode 3),2022-06-30 19:41:40,1110,Device Type 1
User 8,Brooklyn Nine-Nine: Season 1: The Tagger (Episode 2),2022-06-30 19:20:59,1240,Device Type 1
User 8,Brooklyn Nine-Nine: Season 1: Pilot (Episode 1),2022-06-30 18:58:07,1371,Device Type 1
User 8,Madagascar: Escape 2 Africa,2022-06-30 15:06:17,25,Device Type 1
User 8,Doctor (Tamil),2022-06-30 15:06:02,1247,Device Type 0
User 8,Seinfeld: Season 2: The Pony Remark (Episode 2),2022-06-28 18:19:22,1337,Device Type 1
User 8,Seinfeld: Season 2: The Ex-Girlfriend (Episode 1),2022-06-28 17:57:00,1338,Device Type 1
User 8,Seinfeld: Season 1: The Stock Tip (Episode 5),2022-06-28 17:38:12,1120,Device Type 1
User 8,Seinfeld: Season 1: The Stock Tip (Episode 5),2022-06-27 18:24:14,231,Device Type 1
User 8,Seinfeld: Season 1: Male Unbonding (Episode 4),2022-06-27 18:10:05,848,Device Type 1
User 8,Seinfeld: Season 1: Male Unbonding (Episode 4),2022-06-27 17:44:08,503,Device Type 1
User 8,Seinfeld: Season 1: The Robbery (Episode 3),2022-06-27 17:21:38,1350,Device Type 1
User 8,Seinfeld: Season 1: The Stake Out (Episode 2),2022-06-27 17:07:44,833,Device Type 1
User 8,Seinfeld: Season 1: The Stake Out (Episode 2),2022-06-27 16:54:38,475,Device Type 1
User 8,Seinfeld: Season 1: Seinfeld (Episode 1),2022-06-27 14:52:24,1363,Device Type 1
User 8,Bean: The Ultimate Disaster Movie,2022-06-27 13:13:13,4775,Device Type 1
User 8,Madagascar,2022-06-27 11:38:33,4872,Device Type 1
User 8,Hotel Transylvania 2,2022-06-27 11:31:46,342,Device Type 1
User 8,Hotel Transylvania 2,2022-06-27 10:17:38,4234,Device Type 1
User 8,Hotel Transylvania 3: Summer Vacation,2022-06-27 08:37:25,5221,Device Type 1
User 8,Jumanji: The Next Level,2022-06-27 06:37:42,6776,Device Type 1
User 8,Grown Ups 2,2022-06-26 17:53:25,3624,Device Type 1
User 8,Jumanji: Welcome to the Jungle,2022-06-26 15:48:58,6657,Device Type 1
User 8,Hotel Transylvania,2022-06-26 15:47:42,7,Device Type 1
User 8,Kaaval,2022-06-26 15:12:32,1876,Device Type 1
User 8,Kaaval,2022-06-26 12:56:57,3395,Device Type 1
User 8,Kaaval,2022-06-26 09:59:53,1365,Device Type 1
User 8,Kaaval,2022-06-25 14:12:49,1815,Device Type 1
User 8,Grown Ups 2,2022-06-25 13:48:53,1213,Device Type 1
User 8,Red Notice,2022-06-25 13:43:44,276,Device Type 1
User 8,Red Notice,2022-06-25 13:36:06,294,Device Type 1
User 8,Grown Ups 2,2022-06-23 20:06:23,1,Device Type 1
User 8,Varane Avashyamund,2022-06-23 18:52:07,3524,Device Type 1
User 8,Varane Avashyamund,2022-06-23 18:41:04,450,Device Type 1
User 8,Varane Avashyamund,2022-06-23 17:15:00,4421,Device Type 1
User 8,"Stranger Things: Season 1: Chapter Three: Holly, Jolly (Episode 3)",2022-06-15 08:54:47,27,Device Type 0
User 8,Stranger Things: Season 1: Chapter Two: The Weirdo on Maple Street (Episode 2),2022-06-15 08:54:43,1,Device Type 0
User 8,Stranger Things: Season 1: Chapter One: The Vanishing of Will Byers (Episode 1),2022-06-15 08:09:30,2686,Device Type 0
User 8,Grown Ups 2,2022-06-14 12:14:10,725,Device Type 1
User 8,Grown Ups 2,2022-06-14 12:11:50,120,Device Type 1
User 8,Like Father - Clip 1,2022-06-13 19:33:02,4,Device Type 1
User 8,Baywatch - Clip 1,2022-06-13 19:31:52,13,Device Type 1
User 8,Grown Ups - Clip 1,2022-06-13 19:31:40,6,Device Type 1
User 8,Good Luck Chuck - Clip 1,2022-06-13 19:31:08,31,Device Type 1
User 8,You Don't Mess with the Zohan - Clip 3,2022-06-13 19:30:59,8,Device Type 1
User 8,The Adam Project - Clip 3,2022-06-13 19:30:53,5,Device Type 1
User 8,Chup Chup Ke - Clip 1,2022-06-13 19:30:29,24,Device Type 1
User 8,Holidate - Clip 4,2022-06-13 19:30:07,20,Device Type 1
User 8,Teenage Bounty Hunters: Season 1 - Clip 1,2022-06-13 19:29:50,16,Device Type 1
User 8,Eternally Confused and Eager for Love: Season 1 - Clip 1,2022-06-13 19:29:28,21,Device Type 1
User 8,Baywatch - Clip 2,2022-06-13 19:29:00,23,Device Type 1
User 8,Grown Ups 2 - Clip 1,2022-06-13 19:28:46,9,Device Type 1
User 8,You Don't Mess with the Zohan - Clip 1,2022-06-13 19:28:14,25,Device Type 1
User 8,Enola Holmes - Clip 1,2022-06-13 19:28:06,4,Device Type 1
User 8,Floor Is Lava: Season 1 - Clip 1,2022-06-13 19:27:47,18,Device Type 1
User 8,The Holiday - Clip 1,2022-06-13 19:27:40,6,Device Type 1
User 8,The Kissing Booth 2 - Clip 1,2022-06-13 19:27:27,12,Device Type 1
User 8,Murder Mystery - Clip 2,2022-06-13 19:27:22,4,Device Type 1
User 8,Baywatch - Clip 3,2022-06-13 19:27:04,16,Device Type 1
User 8,Grown Ups 2 - Clip 3,2022-06-13 19:26:47,15,Device Type 1
User 8,Ladies Up: Season 1 - Clip 1,2022-06-13 19:26:29,16,Device Type 1
User 8,He's All That - Clip 1,2022-06-13 19:26:13,7,Device Type 1
User 8,The Bold Type: Season 2 - Clip 4,2022-06-13 19:26:07,5,Device Type 1
User 8,Chopsticks - Clip 1,2022-06-13 19:25:27,35,Device Type 1
User 8,Don't Look Up - Clip 5,2022-06-13 19:25:06,20,Device Type 1
User 8,Murder Mystery - Clip 1 Cutdown,2022-06-13 19:24:43,22,Device Type 1
User 8,Big Time Adolescence - Clip 1,2022-06-13 19:24:36,6,Device Type 1
User 8,The Ugly Truth - Clip 2,2022-06-13 19:24:28,7,Device Type 1
User 8,The Kissing Booth - Clip 2,2022-06-13 19:23:58,29,Device Type 1
User 8,The Package - Clip 1,2022-06-13 19:23:15,41,Device Type 1
User 8,The Dictator,2022-06-12 18:20:45,745,Device Type 1
User 8,The Dictator,2022-06-12 18:20:32,6,Device Type 1
User 8,The Dictator,2022-06-12 18:07:55,29,Device Type 1
User 8,We're the Millers,2022-06-12 16:42:13,4911,Device Type 1
User 8,We're the Millers,2022-06-12 16:38:48,200,Device Type 1
User 8,S.W.A.T.: Season 1: Pilot (Episode 1),2022-06-12 16:38:35,6,Device Type 1
User 8,We're the Millers,2022-06-12 16:15:56,1151,Device Type 1
User 8,Hotel Transylvania,2022-06-12 15:00:21,3701,Device Type 1
User 8,Hotel Transylvania,2022-06-12 14:23:46,1482,Device Type 1
User 8,Grown Ups,2022-06-12 14:01:32,1017,Device Type 1
User 8,Grown Ups,2022-06-12 14:01:20,5,Device Type 1
User 8,Grown Ups,2022-06-12 14:01:05,1,Device Type 1
User 8,Grown Ups,2022-06-12 12:55:43,3705,Device Type 1
User 8,Grown Ups,2022-06-12 12:26:29,1078,Device Type 1
User 8,The Hangover: Part II,2022-06-12 10:43:11,6070,Device Type 1
User 8,The Dictator,2022-06-11 21:28:07,1424,Device Type 1
User 8,The Dictator,2022-06-11 20:48:43,2315,Device Type 1
User 8,Sausage Party,2022-06-11 20:44:12,258,Device Type 1
User 8,Sausage Party,2022-06-11 19:22:59,4744,Device Type 1
User 8,The Hangover,2022-06-11 18:30:22,2536,Device Type 1
User 8,The Hangover,2022-06-11 17:19:06,692,Device Type 1
User 8,The Hangover,2022-06-11 16:28:11,2902,Device Type 1
User 8,Monster House,2022-06-07 16:40:44,2279,Device Type 1
User 8,Monster House,2022-06-07 16:11:53,1615,Device Type 1
User 8,Monster House,2022-06-07 15:08:09,1293,Device Type 1
User 8,Jana Gana Mana,2022-06-06 18:21:02,9336,Device Type 1
User 8,Friends: Season 10: The Last One: Part 1 & Part 2 (Episode 17),2022-06-06 17:35:41,2698,Device Type 1
User 8,Friends: Season 10: The One with Rachel's Going Away Party (Episode 16),2022-06-06 17:31:48,212,Device Type 1
User 8,Friends: Season 10: The One with Rachel's Going Away Party (Episode 16),2022-06-05 18:15:17,457,Device Type 1
User 8,Friends: Season 10: The One Where Estelle Dies (Episode 15),2022-06-05 18:13:22,114,Device Type 1
User 8,Fifty Shades of Grey,2022-06-05 18:00:41,8,Device Type 0
User 8,Friends: Season 10: The One Where Estelle Dies (Episode 15),2022-06-05 17:49:36,1240,Device Type 1
User 8,Friends: Season 10: The One with Princess Consuela (Episode 14),2022-06-05 17:26:59,1352,Device Type 1
User 8,Friends: Season 10: The One Where Joey Speaks French (Episode 13),2022-06-05 17:03:53,1385,Device Type 1
User 8,Friends: Season 10: The One with Phoebe's Wedding (Episode 12),2022-06-05 16:58:56,296,Device Type 1
User 8,S.W.A.T.: Season 1: Pilot (Episode 1),2022-06-05 16:58:42,11,Device Type 1
User 8,S.W.A.T.: Season 1: Pilot (Episode 1),2022-06-05 16:49:45,524,Device Type 1
User 8,Friends: Season 10: The One with Phoebe's Wedding (Episode 12),2022-06-05 16:08:27,1455,Device Type 1
User 8,Friends: Season 10: The One Where the Stripper Cries (Episode 11),2022-06-05 16:05:56,150,Device Type 1
User 8,Friends: Season 10: The One Where the Stripper Cries (Episode 11),2022-06-05 14:48:57,1548,Device Type 1
User 8,Friends: Season 10: The One Where Chandler Gets Caught (Episode 10),2022-06-05 14:25:37,1398,Device Type 1
User 8,Friends: Season 10: The One with the Birth Mother (Episode 9),2022-06-05 13:52:54,1496,Device Type 1
User 8,Friends: Season 10: The One with the Late Thanksgiving (Episode 8),2022-06-05 13:28:47,1412,Device Type 1
User 8,Friends: Season 10: The One with The Home Study (Episode 7),2022-06-05 13:05:36,1390,Device Type 1
User 8,Friends: Season 10: The One with Ross's Grant (Episode 6),2022-06-05 12:41:37,1438,Device Type 1
User 8,Sivaji,2022-06-05 10:06:54,8917,Device Type 1
User 8,Sivaji,2022-06-05 09:34:29,1309,Device Type 1
User 8,Friends: Season 10: The One Where Rachel's Sister Babysits (Episode 5),2022-06-04 13:44:20,1616,Device Type 1
User 8,Friends: Season 10: The One with the Cake (Episode 4),2022-06-04 13:21:53,1347,Device Type 1
User 8,Friends: Season 10: The One with Ross's Tan (Episode 3),2022-06-04 13:00:04,1306,Device Type 1
User 8,Friends: Season 10: The One with Ross's Tan (Episode 3),2022-06-04 12:59:58,3,Device Type 1
User 8,Friends: Season 10: The One Where Ross Is Fine (Episode 2),2022-06-04 12:59:29,26,Device Type 1
User 8,Friends: Season 10: The One After Joey and Rachel Kiss (Episode 1),2022-06-04 12:57:12,134,Device Type 1
User 8,Friends: Season 10: The One After Joey and Rachel Kiss (Episode 1),2022-06-04 11:43:28,445,Device Type 1
User 8,Friends: Season 9: The One in Barbados (Episode 23),2022-06-04 11:26:21,1022,Device Type 1
User 8,Friends: Season 9: The One in Barbados (Episode 23),2022-06-04 09:14:50,511,Device Type 1
User 8,Friends: Season 9: The One in Barbados (Episode 23),2022-06-03 19:37:23,330,Device Type 1
User 8,Friends: Season 9: The One with the Donor (Episode 22),2022-06-03 19:37:20,1,Device Type 1
User 8,Friends: Season 9: The One with the Donor (Episode 22),2022-06-03 19:28:51,502,Device Type 1
User 8,Friends: Season 9: The One with the Fertility Test (Episode 21),2022-06-03 19:28:03,45,Device Type 1
User 8,Friends: Season 9: The One with the Fertility Test (Episode 21),2022-06-02 18:51:01,314,Device Type 1
User 8,Friends: Season 9: The One with the Soap Opera Party (Episode 20),2022-06-02 18:27:45,1392,Device Type 1
User 8,Friends: Season 9: The One with Rachel's Dream (Episode 19),2022-06-02 18:19:26,493,Device Type 1
User 8,Friends: Season 9: The One with Rachel's Dream (Episode 19),2022-06-02 18:13:46,336,Device Type 1
User 8,Friends: Season 9: The One with the Lottery (Episode 18),2022-06-02 17:53:17,1225,Device Type 1
User 8,Muthu,2022-06-02 16:43:44,3484,Device Type 1
User 8,Friends: Season 9: The One with the Lottery (Episode 18),2022-06-01 19:47:25,146,Device Type 1
User 8,Muthu,2022-06-01 17:37:39,2786,Device Type 1
User 8,Friends: Season 9: The One with the Memorial Service (Episode 17),2022-06-01 17:28:32,505,Device Type 1
User 8,Friends: Season 9: The One with the Boob Job (Episode 16),2022-06-01 17:05:52,1356,Device Type 1
User 8,Friends: Season 9: The One with the Mugging (Episode 15),2022-06-01 16:41:34,1405,Device Type 1
User 8,Friends: Season 9: The One with the Blind Dates (Episode 14),2022-06-01 14:17:10,969,Device Type 1
User 8,Friends: Season 9: The One Where Monica Sings (Episode 13),2022-06-01 13:35:58,1805,Device Type 1
User 8,Friends: Season 1: The One Where Monica Gets a Roommate (Pilot) (Episode 1),2022-06-01 13:32:46,2,Device Type 1
User 5,Outside the Wire,2023-06-20 15:09:20,1424,Device Type 5
User 5,Outside the Wire,2023-06-20 14:31:11,1607,Device Type 5
User 5,Extinction (Trailer),2023-06-20 14:30:35,22,Device Type 5
User 5,Outside the Wire,2023-06-20 08:00:26,1590,Device Type 5
User 5,OUTSIDETHEWIRE_CLIP_CLIFFHANGER,2023-06-20 07:59:53,26,Device Type 5
User 5,War of the Worlds_hook_primary_16x9,2023-06-20 07:59:22,23,Device Type 5
User 5,Untitled Tentpole Title (Tamil)_hook_02_16x9,2023-06-20 07:59:05,4,Device Type 5
User 5,Inciting Incident Clip: Black Crab,2023-06-20 07:58:52,8,Device Type 5
User 5,Scream_hook_02_16x9,2023-06-20 07:58:09,7,Device Type 5
User 5,Plot Clip: Black Clover: Sword of the Wizard King,2023-06-20 07:58:00,4,Device Type 5
User 5,Varalaru Mukkiyam_hook_01_16x9,2023-06-20 07:57:52,5,Device Type 5
User 5,Butta Bomma (Kappela remake)_hook_02_16x9,2023-06-19 16:07:09,12,Device Type 4
User 5,Demon Slayer: Kimetsu no Yaiba: Swordsmith Village Arc: A Connected Bond: Daybreak and First Light (Episode 11),2023-06-19 15:13:30,2613,Device Type 5
User 5,Demon Slayer: Kimetsu no Yaiba: Swordsmith Village Arc: A Connected Bond: Daybreak and First Light (Episode 11),2023-06-19 07:59:39,7,Device Type 5
User 5,Villain / Antagonist Clip: Black Clover: Sword of the Wizard King,2023-06-19 07:59:25,9,Device Type 5
User 5,Thallumaala (Tamil)_hook_01_16x9,2023-06-19 07:59:00,11,Device Type 5
User 5,Trailer: Black Clover: Sword of the Wizard King,2023-06-19 04:14:51,5,Device Type 5
User 5,Demon Slayer: Kimetsu no Yaiba: Swordsmith Village Arc: Love Hashira Mitsuri Kanroji (Episode 10),2023-06-19 04:13:35,26,Device Type 5
User 5,"Demon Slayer: Kimetsu no Yaiba: Tanjiro Kamado, Unwavering Resolve Arc: Cruelty (Episode 1)",2023-06-19 04:12:39,2,Device Type 5
User 5,Butta Bomma (Kappela remake)_hook_02_16x9,2023-06-19 04:12:03,15,Device Type 5
User 5,War of the Worlds_hook_primary_16x9,2023-06-19 04:11:44,6,Device Type 5
User 5,Minnal Murali,2023-06-18 16:11:39,1301,Device Type 0
User 5,Season 1 Cliffhanger Clip: LEGO Ninjago: Dragons Rising,2023-06-18 15:02:35,4,Device Type 5
User 5,Transformers Earthspark: Season 1_hook_02_16x9,2023-06-18 15:02:27,6,Device Type 5
User 5,Season 6 Moment of High Emotion Clip: Black Mirror,2023-06-18 15:02:13,9,Device Type 5
User 5,Season 1 Trailer: The Witcher,2023-06-18 15:01:47,10,Device Type 5
User 5,Blade of Demon Destruction: Season 1_hook_primary_16x9,2023-06-18 14:59:05,9,Device Type 1
User 5,Trailer: Extraction,2023-06-18 08:21:48,16,Device Type 5
User 5,Extraction 2,2023-06-18 07:55:10,1394,Device Type 5
User 5,Thallumaala (Tamil),2023-06-18 06:46:07,235,Device Type 0
User 5,Thallumaala (Tamil),2023-06-18 06:45:55,6,Device Type 0
User 5,Thallumaala (Tamil)_hook_02_16x9,2023-06-18 06:45:14,35,Device Type 0
User 5,Extraction 2,2023-06-18 04:25:19,1745,Device Type 5
User 5,Extraction 2,2023-06-18 04:07:58,714,Device Type 5
User 5,Teaser 3: Extraction 2,2023-06-18 04:07:28,21,Device Type 5
User 5,Extraction 2,2023-06-17 16:03:36,2849,Device Type 5
User 5,Moment of High Emotion Clip: Extraction 2,2023-06-17 16:03:28,5,Device Type 5
User 5,Blue Lock: Season 1: Dream (Episode 1),2023-06-17 03:39:30,5,Device Type 5
User 5,My Hero Academia: Season 1_hook_01_16x9,2023-06-17 03:38:51,27,Device Type 5
User 5,Spider-Man: Into the Spider-Verse_hook_01_16x9,2023-06-17 03:38:41,7,Device Type 5
User 5,Narcos: Season 3 (Trailer),2023-06-17 03:38:23,5,Device Type 5
User 5,Villain / Antagonist Clip: Extraction 2,2023-06-17 03:38:00,12,Device Type 5
User 5,Oru Thekkan Thallu Case_hook_03_16x9,2023-06-17 03:37:53,4,Device Type 5
User 5,Like an Afternoon Dream_hook_primary_16x9,2023-06-17 03:37:40,6,Device Type 5
User 5,Trailer: Black Clover: Sword of the Wizard King,2023-06-17 03:37:00,34,Device Type 5
User 5,Chappie,2023-06-16 15:54:26,3243,Device Type 5
User 5,Chappie,2023-06-16 15:18:03,745,Device Type 5
User 5,Chappie,2023-06-16 14:45:19,1495,Device Type 5
User 5,Chappie,2023-06-15 08:09:05,1320,Device Type 5
User 5,Cliffhanger Clip:  Luther: The Fallen Sun,2023-06-15 08:08:23,8,Device Type 5
User 5,Hold the Dark (Trailer),2023-06-15 08:08:10,10,Device Type 5
User 5,Chappie_hook_primary_16x9,2023-06-15 08:07:28,16,Device Type 5
User 5,American Made_hook_04_16x9,2023-06-15 08:07:18,5,Device Type 5
User 5,Gatta Kusthi_hook_04_16x9,2023-06-15 08:07:10,5,Device Type 5
User 5,Season 6 Trailer: Black Mirror,2023-06-15 08:05:12,39,Device Type 5
User 5,THE DAYS: Season 1: A Scenario of Japan's Collapse (Episode 8),2023-06-15 03:22:05,3165,Device Type 5
User 5,THE DAYS: Season 1: A Scenario of Japan's Collapse (Episode 8),2023-06-14 16:59:53,495,Device Type 5
User 5,THE DAYS: Season 1: Decide the Conditions for Evacuation (Episode 7),2023-06-14 16:05:23,3189,Device Type 5
User 5,THE DAYS: Season 1: I Can No Longer Leave Here Alive (Episode 6),2023-06-14 15:37:42,1656,Device Type 5
User 5,Minnal Murali,2023-06-14 15:19:19,963,Device Type 0
User 5,Lilli_hook_primary_16x9,2023-06-14 15:18:50,5,Device Type 0
User 5,Lilli_hook_primary_16x9,2023-06-14 15:17:06,24,Device Type 0
User 5,THE DAYS: Season 1: I Can No Longer Leave Here Alive (Episode 6),2023-06-14 15:01:33,1377,Device Type 5
User 5,THE DAYS: Season 1: Our Company Has Lost Its Mind (Episode 5),2023-06-14 15:00:17,73,Device Type 5
User 5,Minnal Murali,2023-06-14 14:56:35,1159,Device Type 0
User 5,THE DAYS: Season 1: Our Company Has Lost Its Mind (Episode 5),2023-06-14 07:44:23,2620,Device Type 5
User 5,THE DAYS: Season 1: It Would Mean Turning Our Backs on Fukushima (Episode 4),2023-06-14 07:41:33,166,Device Type 5
User 5,THE DAYS: Season 1: It Would Mean Turning Our Backs on Fukushima (Episode 4),2023-06-14 04:03:47,3043,Device Type 5
User 5,THE DAYS: Season 1: Radioactive Emissions Will Be Minimal (Episode 3),2023-06-14 03:52:13,691,Device Type 5
User 5,Spider-Man_hook_primary_16x9,2023-06-14 03:51:56,10,Device Type 5
User 5,Minnal Murali,2023-06-13 17:11:22,522,Device Type 0
User 5,THE DAYS: Season 1: Radioactive Emissions Will Be Minimal (Episode 3),2023-06-13 16:14:29,929,Device Type 5
User 5,Minnal Murali,2023-06-13 15:57:14,3203,Device Type 0
User 5,Genre Specific Moment Clip: Minnal Murali,2023-06-13 15:56:30,39,Device Type 0
User 5,Asura Guru_hook_01_16x9,2023-06-13 15:54:50,5,Device Type 0
User 5,THE DAYS: Season 1: Radioactive Emissions Will Be Minimal (Episode 3),2023-06-13 15:19:27,1667,Device Type 5
User 5,Shabaash Mithu_hook_02_16x9,2023-06-13 15:18:40,4,Device Type 5
User 5,THE DAYS: Season 1: No Need to Evacuate (Episode 2),2023-06-13 07:37:38,3061,Device Type 5
User 5,THE DAYS: Season 1: No Need to Evacuate (Episode 2),2023-06-13 04:40:25,6,Device Type 5
User 5,THE DAYS: Season 1: The Fukushima Daiichi Nuclear Power Plant is Submerged (Episode 1),2023-06-13 03:52:57,2740,Device Type 5
User 5,Season 1 Teaser: The Days,2023-06-13 03:52:01,47,Device Type 5
User 5,The Forest_hook_primary_16x9,2023-06-12 15:02:48,19,Device Type 5
User 5,Demon Slayer: Kimetsu no Yaiba: Swordsmith Village Arc: Love Hashira Mitsuri Kanroji (Episode 10),2023-06-12 08:01:01,1093,Device Type 5
User 5,Demon Slayer: Kimetsu no Yaiba: Swordsmith Village Arc: A Sword from Over 300 Years Ago (Episode 3),2023-06-12 08:00:46,1,Device Type 5
User 5,Demon Slayer: Kimetsu no Yaiba: Swordsmith Village Arc: A Sword from Over 300 Years Ago (Episode 3),2023-06-12 03:24:35,5,Device Type 5
User 5,Choked: Paisa Bolta Hai PVS Clip 3,2023-06-12 03:23:48,6,Device Type 5
User 5,Love Panna Uttranum: Hook,2023-06-12 03:23:30,4,Device Type 5
User 5,Virupaksha (Tamil),2023-06-11 13:29:22,3247,Device Type 0
User 5,Choked: Paisa Bolta Hai PVS Clip 2,2023-06-10 15:21:42,20,Device Type 1
User 5,Genius,2023-06-10 15:19:48,3706,Device Type 0
User 5,Navarasa: Volume 1: Edhiri: Karuṇā (Episode 1),2023-06-10 14:56:41,1353,Device Type 0
User 5,Volume 1 Trailer: Navarasa,2023-06-10 14:55:49,47,Device Type 0
User 5,Pad Man,2023-06-09 14:55:47,3010,Device Type 0
User 5,Missing,2023-06-09 14:54:58,4663,Device Type 5
User 5,Limited Series Cliffhanger Clip: Arnold,2023-06-09 14:53:53,41,Device Type 5
User 5,Missing,2023-06-09 07:47:19,1597,Device Type 5
User 5,Spider-Man: Into the Spider-Verse_hook_01_16x9,2023-06-09 07:44:27,61,Device Type 5
User 5,Trailer: Serious Men,2023-06-09 07:43:31,42,Device Type 5
User 5,Pad Man,2023-06-07 00:40:45,169,Device Type 0
User 5,Virupaksha (Tamil),2023-06-06 16:35:55,1877,Device Type 0
User 5,Virupaksha (Tamil)_hook_primary_16x9,2023-06-06 16:35:47,5,Device Type 0
User 5,Pad Man,2023-06-06 16:28:03,459,Device Type 0
User 5,Pad Man,2023-06-06 16:02:37,1353,Device Type 0
User 5,Gumraah,2023-06-06 16:01:29,6,Device Type 0
User 5,Gumrah (Thadam Remake)_hook_02_16x9,2023-06-06 16:00:51,20,Device Type 0
User 5,Spider-Man: Into the Spider-Verse_hook_01_16x9,2023-06-05 15:06:43,13,Device Type 5
User 5,The Accountant_hook_primary_16x9,2023-06-05 15:06:17,24,Device Type 5
User 5,Shooter_hook_primary_16x9,2023-06-05 15:05:39,31,Device Type 5
User 5,Haikyu!!: Season 1_hook_primary_16x9,2023-06-05 04:31:11,4,Device Type 5
User 5,Demon Slayer: Kimetsu no Yaiba: Swordsmith Village Arc: Mist Hashira Muichiro Tokito (Episode 9),2023-06-05 04:09:19,1172,Device Type 5
User 5,Season 3 Main Character Clip: Valeria,2023-06-05 04:08:10,37,Device Type 5
User 5,Kathal - A Jackfruit Mystery,2023-06-01 15:20:29,3039,Device Type 0
User 5,Kathal - A Jackfruit Mystery,2023-06-01 15:02:57,872,Device Type 0
User 5,Kathal - A Jackfruit Mystery,2023-06-01 14:56:04,157,Device Type 0
User 5,Kathal - A Jackfruit Mystery,2023-06-01 14:42:10,97,Device Type 0
User 5,Adhugo,2023-05-31 16:22:10,1940,Device Type 0
User 5,"Swades: We, the People",2023-05-31 16:20:27,8,Device Type 0
User 5,Swades_hook_04_16x9,2023-05-31 16:19:53,30,Device Type 0
User 5,Is Love Enough? Sir,2023-05-31 16:09:28,546,Device Type 0
User 5,Night Drive,2023-05-31 16:05:22,3,Device Type 0
User 5,Kathal - A Jackfruit Mystery,2023-05-31 16:01:14,109,Device Type 0
User 5,Ariyippu/Declaration,2023-05-31 15:59:43,6,Device Type 0
User 5,Teaser: Extraction 2,2023-05-31 15:57:54,12,Device Type 0
User 5,Kurup (Tamil),2023-05-31 15:18:38,1883,Device Type 0
User 5,Kurup (Tamil),2023-05-31 13:53:01,1391,Device Type 0
User 5,Kurup (Malayalam),2023-05-31 13:51:55,34,Device Type 0
User 5,Kurup (Tamil),2023-05-30 15:22:16,3549,Device Type 0
User 5,Kurup (Tamil),2023-05-30 15:07:12,205,Device Type 0
User 5,Kurup (Tamil),2023-05-30 15:06:58,7,Device Type 0
User 5,Kathal - A Jackfruit Mystery,2023-05-30 14:16:46,1042,Device Type 0
User 5,Kathal - A Jackfruit Mystery,2023-05-30 07:59:46,591,Device Type 0
User 5,Kathal - A Jackfruit Mystery,2023-05-30 07:59:23,9,Device Type 0
User 5,Trailer: Kathal - A Jackfruit Mystery,2023-05-30 07:58:59,8,Device Type 0
User 5,Kathal - A Jackfruit Mystery,2023-05-30 07:54:27,144,Device Type 0
User 5,Minnal Murali,2023-05-29 15:21:02,1734,Device Type 0
User 5,Minnal Murali,2023-05-29 15:10:57,511,Device Type 0
User 5,Thar,2023-05-29 15:02:57,369,Device Type 0
User 5,Love_hook_primary_16x9,2023-05-29 04:30:17,4,Device Type 5
User 5,Demon Slayer: Kimetsu no Yaiba: Swordsmith Village Arc: The Mu in Muichiro (Episode 8),2023-05-29 04:12:58,990,Device Type 5
User 5,Demon Slayer: Kimetsu no Yaiba: Entertainment District Arc: No Matter How Many Times We Reborn (Episode 11),2023-05-29 04:12:40,3,Device Type 5
User 5,Thar,2023-05-28 23:09:46,302,Device Type 0
User 5,Supporting Character Clip: Thar,2023-05-28 23:09:14,23,Device Type 0
User 5,Ariyippu/Declaration,2023-05-28 16:25:34,487,Device Type 4
User 5,Declaration_hook_05_16x9,2023-05-28 16:25:26,6,Device Type 4
User 5,Minnal Murali,2023-05-28 16:17:10,1898,Device Type 0
User 5,Demon Slayer: Kimetsu no Yaiba: Entertainment District Arc: No Matter How Many Times We Reborn (Episode 11),2023-05-28 15:20:15,1,Device Type 5
User 5,Demon Slayer: Kimetsu no Yaiba: Entertainment District Arc: I Will Never Give Up (Episode 10),2023-05-28 14:59:39,1227,Device Type 5
User 5,Rudravanam (Telugu)_hook_primary_16x9,2023-05-28 14:58:53,6,Device Type 5
User 5,Minnal Murali,2023-05-28 14:54:32,3231,Device Type 0
User 5,Dear Friend,2023-05-28 14:53:51,6,Device Type 0
User 5,Kaaval,2023-05-28 14:52:42,3,Device Type 0
User 5,Demon Slayer: Kimetsu no Yaiba: Entertainment District Arc: Once We've Defeated the Upper Rank Demons (Episode 9),2023-05-28 08:18:05,974,Device Type 5
User 5,Demon Slayer: Kimetsu no Yaiba: Entertainment District Arc: Gathering (Episode 8),2023-05-28 07:55:50,1333,Device Type 5
User 5,"Demon Slayer: Kimetsu no Yaiba: Tanjiro Kamado, Unwavering Resolve Arc: Cruelty (Episode 1)",2023-05-28 07:55:02,10,Device Type 5
User 5,"Demon Slayer: Kimetsu no Yaiba: Tanjiro Kamado, Unwavering Resolve Arc: Cruelty (Episode 1)",2023-05-28 07:54:54,3,Device Type 5
User 5,Teaser: The Mother,2023-05-28 07:54:35,9,Device Type 5
User 5,Black Clover: Season 1: The Black Bulls (Episode 6),2023-05-28 07:53:55,10,Device Type 5
User 5,Faraaz_hook_primary_16x9,2023-05-28 07:52:57,47,Device Type 5
User 5,Faraaz_hook_primary_16x9,2023-05-28 07:52:47,6,Device Type 5
User 5,Black Clover: Season 1: The Black Bulls (Episode 6),2023-05-28 05:18:49,315,Device Type 5
User 5,Black Clover: Season 1: The Path to the Wizard King (Episode 5),2023-05-28 05:02:34,944,Device Type 5
User 5,Black Clover: Season 1: The Magic Knights Entrance Exam (Episode 4),2023-05-28 04:55:31,381,Device Type 5
User 5,Black Clover: Season 1: To the Royal Capital of the Clover Kingdom! (Episode 3),2023-05-28 04:53:41,72,Device Type 5
User 5,Black Clover: Season 1: The Boys' Promise (Episode 2),2023-05-28 04:49:06,181,Device Type 5
User 5,Triple Frontier (Trailer),2023-05-28 04:48:49,5,Device Type 5
User 5,Kathal - A Jackfruit Mystery,2023-05-28 00:27:22,1572,Device Type 0
User 5,Kathal - A Jackfruit Mystery,2023-05-27 15:43:08,3947,Device Type 0
User 5,Kathal - A Jackfruit Mystery,2023-05-27 15:14:02,461,Device Type 0
User 5,The Guilty,2023-05-27 15:05:41,873,Device Type 5
User 5,Thar,2023-05-27 13:01:59,3474,Device Type 0
User 5,Thar,2023-05-27 12:40:22,1172,Device Type 0
User 5,The Guilty,2023-05-27 08:08:36,3259,Device Type 5
User 5,Inciting Incident Clip: The Guilty,2023-05-27 08:06:47,76,Device Type 5
User 5,Thar,2023-05-27 07:56:27,568,Device Type 0
User 5,Spenser Confidential,2023-05-27 07:55:22,15,Device Type 0
User 5,Thar,2023-05-27 07:20:48,30,Device Type 0
User 5,Thar,2023-05-27 07:20:28,5,Device Type 0
User 5,Supporting Character Clip: Thar,2023-05-27 07:20:15,9,Device Type 0
User 5,PK,2023-05-27 07:19:12,3,Device Type 0
User 5,Kathal - A Jackfruit Mystery,2023-05-27 07:06:19,23,Device Type 0
User 5,Cliffhanger Clip: Kathal - A Jackfruit Mystery,2023-05-27 07:05:52,24,Device Type 0
User 5,Vikrithi,2023-05-27 07:04:34,4,Device Type 0
User 5,Uyare,2023-05-27 07:03:56,2,Device Type 0
User 5,Thottapan,2023-05-27 07:03:11,2,Device Type 0
User 5,Ariyippu/Declaration,2023-05-27 07:02:36,3,Device Type 0
User 5,Night Drive,2023-05-27 07:01:51,3,Device Type 0
User 5,Kaapa,2023-05-27 07:01:19,3,Device Type 0
User 5,Forensic,2023-05-27 07:00:27,3,Device Type 0
User 5,Forensic_hook_04_16x9,2023-05-27 07:00:10,8,Device Type 0
User 5,Irul,2023-05-27 06:59:40,2,Device Type 0
User 5,Spenser Confidential,2023-05-26 15:07:30,1303,Device Type 5
User 5,The Accountant_hook_primary_16x9,2023-05-26 15:06:33,48,Device Type 5
User 5,Spenser Confidential,2023-05-26 08:13:25,1730,Device Type 5
User 5,Supporting Character Clip: The Man from Toronto,2023-05-26 08:13:05,7,Device Type 5
User 5,Spenser Confidential,2023-05-26 03:51:32,639,Device Type 5
User 5,Operation Mayfair_hook_primary_16x9,2023-05-26 03:51:18,5,Device Type 5
User 5,Ayalvaashi,2023-05-25 15:54:52,2,Device Type 1
User 5,Ayalvaashi_hook_primary_16x9,2023-05-25 15:54:28,23,Device Type 1
User 5,Ayalvaashi,2023-05-25 15:50:41,5760,Device Type 5
User 5,Spenser Confidential,2023-05-25 15:33:17,992,Device Type 5
User 5,Ayalvaashi,2023-05-25 15:31:30,71,Device Type 5
User 5,Edge of Tomorrow_hook_primary_16x9,2023-05-25 15:30:13,61,Device Type 5
User 5,Trailer: Spenser Confidential,2023-05-25 15:29:45,8,Device Type 5
User 5,Abeer_hook_primary_16x9,2023-05-25 15:29:14,5,Device Type 5
User 5,A Quiet Place Part II_hook_01_16x9,2023-05-24 16:00:57,7,Device Type 4
User 5,Spenser Confidential,2023-05-24 15:07:21,999,Device Type 5
User 5,Trailer: Spenser Confidential,2023-05-24 15:06:46,29,Device Type 5
User 5,Security_hook_primary_16x9,2023-05-24 15:05:45,39,Device Type 5
User 5,The Silence (Trailer),2023-05-24 15:03:28,107,Device Type 5
User 5,Ayalvaashi_hook_03_16x9,2023-05-24 15:01:09,90,Device Type 5
User 5,Main Character Clip: Hard Feelings,2023-05-24 15:00:38,17,Device Type 5
User 5,Rudravanam (Telugu)_hook_primary_16x9,2023-05-24 15:00:17,18,Device Type 5
User 5,Season 1: Relatable Clip: Turning Point: 9/11 and the War on Terror,2023-05-24 14:59:59,12,Device Type 5
User 5,MH370: The Plane That Disappeared: Limited Series: The Intercept (Episode 3),2023-05-24 07:49:29,1621,Device Type 5
User 5,The Great Wall_hook_primary_16x9,2023-05-24 07:48:01,55,Device Type 5
User 5,MH370: The Plane That Disappeared: Limited Series: The Intercept (Episode 3),2023-05-24 04:33:53,1583,Device Type 5
User 5,MH370: The Plane That Disappeared: Limited Series: The Hijack (Episode 2),2023-05-24 04:16:43,1020,Device Type 5
User 5,Plot Clip: DAHMER,2023-05-24 04:16:12,21,Device Type 5
User 5,MH370: The Plane That Disappeared: Limited Series: The Hijack (Episode 2),2023-05-23 15:26:35,1459,Device Type 5
User 5,MH370: The Plane That Disappeared: Limited Series: The Hijack (Episode 2),2023-05-23 08:21:33,53,Device Type 5
User 5,MH370: The Plane That Disappeared: Limited Series: The Pilot (Episode 1),2023-05-23 08:03:36,1059,Device Type 5
User 5,Rudravanam (Telugu)_hook_primary_16x9,2023-05-23 08:03:01,30,Device Type 5
User 5,Volume 3 Cliffhanger Clip 2: Unsolved Mysteries,2023-05-23 08:02:27,29,Device Type 5
User 5,MH370: The Plane That Disappeared: Limited Series: The Pilot (Episode 1),2023-05-23 03:55:37,2783,Device Type 5
User 5,Limited Series Cliffhanger Clip: MH370: The Plane That Disappeared,2023-05-23 03:53:33,100,Device Type 5
User 5,Season 3 Trailer 2: You,2023-05-23 03:51:35,94,Device Type 5
User 5,The Blacklist: Season 1 - Upper Bound Clip 1,2023-05-23 03:51:08,13,Device Type 5
User 5,[Oshi No Ko]: Season 1_hook_primary_16x9,2023-05-23 03:50:53,6,Device Type 5
User 5,Blade of Demon Destruction: Season 1_hook_primary_16x9,2023-05-23 03:49:02,48,Device Type 5
User 5,Bayi Ajaib_hook_01_16x9,2023-05-23 03:46:19,89,Device Type 5
User 5,Shutter Island_hook_primary_16x9,2023-05-23 03:45:28,13,Device Type 5
User 5,Demon Slayer: Kimetsu no Yaiba: Swordsmith Village Arc: Awful Villain (Episode 7),2023-05-22 15:24:44,1244,Device Type 5
User 5,Demon Slayer: Kimetsu no Yaiba: Swordsmith Village Arc: Aren't You Going to Become A Hashira? (Episode 6),2023-05-22 15:24:28,7,Device Type 5
User 5,Season 1 Trailer: FUBAR,2023-05-22 06:03:49,23,Device Type 0
User 5,Virupaksha,2023-05-22 04:44:40,7,Device Type 0
User 5,Rudravanam (Telugu)_hook_primary_16x9,2023-05-22 04:44:07,21,Device Type 0
User 5,Season 1 Main Character Intro Clip: Scoop,2023-05-22 04:43:39,12,Device Type 0
User 5,Dasara (Hindi)_hook_primary_16x9,2023-05-22 04:43:30,7,Device Type 0
User 5,Ayalvaashi,2023-05-22 04:39:20,202,Device Type 0
User 5,Ayalvaashi,2023-05-22 02:14:45,2454,Device Type 0
User 5,Volume 1 Trailer: Navarasa,2023-05-22 02:12:58,15,Device Type 0
User 5,Trailer: Terra Nil,2023-05-22 02:12:19,12,Device Type 0
User 5,A Quiet Place Part II,2023-05-21 16:49:24,1652,Device Type 4
User 5,Suits: Season 1_hook_primary_16x9,2023-05-21 15:15:48,5,Device Type 5
User 5,Trailer: 6 Underground,2023-05-21 15:15:17,5,Device Type 5
User 5,Trailer: #Alive,2023-05-21 15:13:50,69,Device Type 5
User 5,Season 1 Plot Clip: All of Us Are Dead,2023-05-21 15:13:07,41,Device Type 5
User 5,Spy x Family: Season 1_hook_01_16x9,2023-05-21 15:12:29,5,Device Type 5
User 5,Season 1 Teaser 1: Wednesday,2023-05-21 15:11:13,62,Device Type 5
User 5,Ayalvaashi,2023-05-21 12:10:50,5635,Device Type 0
User 5,A Quiet Place Part II,2023-05-21 08:00:26,2554,Device Type 5
User 5,A Quiet Place Part II_hook_01_16x9,2023-05-21 08:00:19,4,Device Type 5
User 5,A Quiet Place Part II_hook_01_16x9,2023-05-21 07:59:56,5,Device Type 5
User 5,Demon Slayer: Kimetsu no Yaiba: Swordsmith Village Arc: Aren't You Going to Become A Hashira? (Episode 6),2023-05-21 07:58:13,14,Device Type 1
User 5,Blade of Demon Destruction: Season 1_hook_primary_16x9,2023-05-21 07:57:49,5,Device Type 1
User 5,A Quiet Place Part II_hook_01_16x9,2023-05-21 07:56:31,47,Device Type 5
User 5,Rudravanam (Telugu)_hook_primary_16x9,2023-05-21 07:56:04,7,Device Type 5
User 5,A Quiet Place Part II,2023-05-21 03:57:03,2751,Device Type 5
User 5,Triple Frontier,2023-05-20 07:58:42,72,Device Type 5
User 5,Triple Frontier_VAR2-RECIPE-3_AGENCY1,2023-05-20 07:58:25,7,Device Type 5
User 5,Genre Specific Moment Clip: Kathal - A Jackfruit Mystery,2023-05-20 07:57:49,21,Device Type 5
User 5,Genre Specific Moment Clip: Kathal - A Jackfruit Mystery,2023-05-19 06:15:15,12,Device Type 0
User 5,Genre Specific Moment Clip: Kathal - A Jackfruit Mystery,2023-05-19 06:14:48,24,Device Type 0
User 5,Triple Frontier,2023-05-17 14:59:50,357,Device Type 5
User 5,Inception_hook_primary_16x9,2023-05-17 14:59:07,32,Device Type 5
User 5,Triple Frontier,2023-05-17 08:12:11,965,Device Type 5
User 5,Triple Frontier (Trailer),2023-05-17 08:10:28,96,Device Type 5
User 5,Wanted_hook_primary_16x9,2023-05-17 08:10:03,19,Device Type 5
User 5,Naruto Shippuden: Season 1_hook_02_16x9,2023-05-17 08:08:58,54,Device Type 5
User 5,Love Today_hook_02_16x9,2023-05-16 14:47:35,9,Device Type 5
User 5,Dasara (Tamil)_hook_03_16x9,2023-05-16 14:46:53,17,Device Type 5
User 5,Assassination Classroom: Season 1_hook_primary_16x9,2023-05-16 14:46:19,4,Device Type 5
User 5,Mrs. Chatterjee vs Norway_hook_03_16x9,2023-05-16 14:45:06,4,Device Type 5
User 5,Untitled Arulnithi_hook_01_16x9,2023-05-16 14:44:58,5,Device Type 5
User 5,Evil Dead_hook_05_16x9,2023-05-16 14:43:39,64,Device Type 5
User 5,Love Today_hook_02_16x9,2023-05-16 03:52:11,73,Device Type 5
User 5,Untitled Arulnithi_hook_01_16x9,2023-05-16 03:51:40,21,Device Type 5
User 5,Castlevania (Trailer),2023-05-16 03:51:02,33,Device Type 5
User 5,Demon Slayer: Kimetsu no Yaiba: Swordsmith Village Arc: Aren't You Going to Become A Hashira? (Episode 6),2023-05-15 11:58:07,822,Device Type 5
User 5,Demon Slayer: Kimetsu no Yaiba: Swordsmith Village Arc: Aren't You Going to Become A Hashira? (Episode 6),2023-05-15 11:44:12,266,Device Type 5
User 5,Constantine_hook_01_16x9,2023-05-15 11:43:28,34,Device Type 5
User 5,Untitled Arulnithi_hook_01_16x9,2023-05-15 11:39:34,31,Device Type 5
User 5,Season 1 Trailer: Sex Education,2023-05-15 11:39:04,20,Device Type 5
User 5,Demon Slayer: Kimetsu no Yaiba: Swordsmith Village Arc: Aren't You Going to Become A Hashira? (Episode 6),2023-05-15 11:35:06,6,Device Type 1
User 5,Blade of Demon Destruction: Season 1_hook_primary_16x9,2023-05-15 11:34:58,4,Device Type 1
User 5,Trailer: Hit,2023-05-15 03:50:19,11,Device Type 5
User 5,Genre Specific Moment Clip: Minnal Murali,2023-05-15 03:49:22,43,Device Type 5
User 5,Volume 1 Trailer: Navarasa,2023-05-15 03:48:56,17,Device Type 5
User 5,Article 15_hook_03_16x9,2023-05-15 03:48:23,28,Device Type 5
User 5,Love Today_hook_04_16x9,2023-05-15 03:46:10,83,Device Type 5
User 5,Clifford the Big Red Dog_hook_02_16x9,2023-05-15 03:45:57,4,Device Type 5
User 5,LCDP Part 4_BREAKOUT-TALENT_SIZZLE_JAMIE_LORENTE,2023-05-15 03:40:38,45,Device Type 5
User 5,Naruto: Season 1_hook_primary_16x9,2023-05-15 03:40:22,9,Device Type 5
User 5,Wrath of Man_hook_02_16x9,2023-05-15 03:39:18,32,Device Type 5
User 5,Dasara (Tamil)_hook_03_16x9,2023-05-15 03:37:55,59,Device Type 5
User 5,Constantine_hook_04_16x9,2023-05-15 03:36:46,54,Device Type 5
User 5,Untitled Arulnithi_hook_01_16x9,2023-05-15 03:35:51,31,Device Type 5
User 5,Bullet Train,2023-05-14 15:16:31,3822,Device Type 5
User 5,Bullet Train,2023-05-14 14:51:25,1090,Device Type 5
User 5,Bullet Train,2023-05-14 07:58:58,1475,Device Type 5
User 5,Bullet Train,2023-05-14 03:54:49,774,Device Type 5
User 5,Rekha_hook_primary_16x9,2023-05-13 19:12:36,19,Device Type 1
User 5,Dasara (Malayalam),2023-05-13 19:08:03,64,Device Type 1
User 5,Dasara (Malayalam)_hook_primary_16x9,2023-05-13 19:07:56,5,Device Type 1
User 5,Dasara (Tamil)_hook_05_16x9,2023-05-13 19:07:29,10,Device Type 1
User 5,21,2023-05-12 14:54:22,23,Device Type 5
User 5,21_Manualhook_2_16x9,2023-05-12 14:54:09,8,Device Type 5
User 5,21_Manualhook_2_16x9,2023-05-12 14:53:51,15,Device Type 5
User 5,Trailer: The Mother,2023-05-12 14:53:27,7,Device Type 5
User 5,Demon Slayer: Kimetsu no Yaiba: Swordsmith Village Arc: Bright Red Sword (Episode 5),2023-05-12 08:14:01,1116,Device Type 5
User 5,"Demon Slayer: Kimetsu no Yaiba: Tanjiro Kamado, Unwavering Resolve Arc: Cruelty (Episode 1)",2023-05-12 08:13:48,1,Device Type 5
User 5,Hunter X Hunter (2011): Season 1_hook_02_16x9,2023-05-12 08:13:36,8,Device Type 5
User 5,Season 1 Villain / Antagonist Clip: Black Knight,2023-05-12 08:12:01,75,Device Type 5
User 5,Trailer: Bullet Train,2023-05-12 03:21:32,152,Device Type 1
User 5,Demon Slayer: Kimetsu no Yaiba: Swordsmith Village Arc: Bright Red Sword (Episode 5),2023-05-12 03:12:43,371,Device Type 1
User 5,Blade of Demon Destruction: Season 1_hook_primary_16x9,2023-05-12 03:07:54,7,Device Type 1
User 5,Naruto Shippuden: Season 1_hook_03_16x9,2023-05-11 07:58:41,6,Device Type 5
User 5,Dasara (Tamil)_hook_03_16x9,2023-05-11 07:57:09,56,Device Type 5
User 5,Hit (Hindi)_hook_01_16x9,2023-05-11 07:56:54,4,Device Type 5
User 5,Haseen Dillruba,2023-05-10 18:34:21,4282,Device Type 1
User 5,Blade of Demon Destruction: Season 1_hook_primary_16x9,2023-05-10 18:33:50,7,Device Type 1
User 5,Hook 4: Haseen Dillruba,2023-05-10 11:04:13,25,Device Type 1
User 5,Haseen Dillruba,2023-05-10 11:01:58,15,Device Type 1
User 5,Naruto Shippuden: Season 20: The Final Valley (Episode 475),2023-05-08 15:37:59,112,Device Type 1
User 5,Naruto Shippuden: Season 20: The Final Valley (Episode 475),2023-05-08 15:37:33,20,Device Type 1
User 5,Berserk: Season 1: Night Banquet of Burning at the Stake (Episode 6),2023-05-08 15:37:21,8,Device Type 1
User 5,Genre Specific Moment Clip: Hard Feelings,2023-05-08 14:17:50,52,Device Type 1
User 5,Teaser: Blood & Gold,2023-05-08 14:17:44,5,Device Type 1
User 5,"Season 1 Main Character Clip 2: XO, Kitty",2023-05-08 14:17:21,11,Device Type 1
User 5,Season 1 Teaser: FUBAR,2023-05-08 14:16:47,17,Device Type 1
User 5,Demon Slayer: Kimetsu no Yaiba: Swordsmith Village Arc: Bright Red Sword (Episode 5),2023-05-08 05:45:11,1144,Device Type 1
User 5,"Demon Slayer: Kimetsu no Yaiba: Swordsmith Village Arc: Thank you, Tokito (Episode 4)",2023-05-08 05:34:36,94,Device Type 1
User 5,"Demon Slayer: Kimetsu no Yaiba: Swordsmith Village Arc: Thank you, Tokito (Episode 4)",2023-05-08 05:12:26,1076,Device Type 1
User 5,"Demon Slayer: Kimetsu no Yaiba: Swordsmith Village Arc: Thank you, Tokito (Episode 4)",2023-05-08 04:35:02,6,Device Type 1
User 5,Trial by Fire: Season 1: Trial by Fire (Episode 1),2023-05-08 01:36:31,455,Device Type 0
User 5,Trial by Fire: Season 1: Trial by Fire (Episode 1),2023-05-08 01:34:10,132,Device Type 0
User 5,Season 1 Main Character Intro Clip: Trial by Fire,2023-05-08 01:33:52,13,Device Type 0
User 5,Season 4 Part 2 Teaser: Manifest,2023-05-08 01:31:13,14,Device Type 0
User 5,Visaranai,2023-05-08 01:13:42,891,Device Type 0
User 5,Visaranai,2023-05-08 01:13:10,25,Device Type 0
User 5,Nayattu,2023-05-07 23:39:47,2273,Device Type 0
User 5,Nayattu,2023-05-07 15:52:42,232,Device Type 0
User 5,Nayattu,2023-05-07 14:31:02,1506,Device Type 0
User 5,Sudani from Nigeria,2023-05-07 14:30:17,4,Device Type 0
User 5,21,2023-05-07 11:01:32,4,Device Type 1
User 5,21,2023-05-07 11:00:47,8,Device Type 1
User 5,21,2023-05-07 11:00:06,4,Device Type 1
User 5,Thalaikoothal,2023-05-01 00:43:17,1645,Device Type 0
User 5,Thalaikoothal,2023-04-30 17:53:41,1023,Device Type 0
User 5,Thalaikoothal,2023-04-30 17:05:49,2837,Device Type 0
User 5,Thalaikoothal,2023-04-30 16:41:32,1360,Device Type 0
User 5,Mobile Suit Gundam The Witch From Mercury: Season 1_hook_03_16x9,2023-04-25 08:21:33,10,Device Type 5
User 5,Naai Sekar Returns_hook_03_16x9,2023-04-25 08:21:20,5,Device Type 5
User 5,Ante Sundaraniki (Tamil)_hook_02_16x9,2023-04-25 08:21:14,4,Device Type 5
User 5,Suits: Season 1_hook_primary_16x9,2023-04-25 08:19:42,55,Device Type 5
User 5,Shooter: Shooter: Season 1_hook_primary_16x9,2023-04-25 08:18:41,5,Device Type 5
User 5,Sweet Home: Season 1 - Upper Bound Clip 11,2023-04-25 08:18:16,8,Device Type 5
User 5,Suits: Season 1_hook_primary_16x9,2023-04-25 08:17:02,55,Device Type 5
User 5,Mortal Kombat_hook_01_16x9,2023-04-25 08:16:35,5,Device Type 5
User 5,Constantine_hook_04_16x9,2023-04-25 08:16:10,23,Device Type 5
User 5,Black Clover: Season 1: The Boys' Promise (Episode 2),2023-04-25 08:14:57,34,Device Type 5
User 5,"Demon Slayer: Kimetsu no Yaiba: Tanjiro Kamado, Unwavering Resolve Arc: Cruelty (Episode 1)",2023-04-25 08:13:53,2,Device Type 5
User 5,Ushio to Tora: Season 1_hook_primary_16x9,2023-04-25 08:13:38,4,Device Type 5
User 5,Hunter X Hunter (2011): Season 1_hook_04_16x9,2023-04-25 08:13:23,8,Device Type 5
User 5,Naruto Shippuden: Season 1_hook_02_16x9,2023-04-25 08:13:11,7,Device Type 5
User 5,Vikings: Season 1_hook_primary_16x9,2023-04-25 08:12:54,4,Device Type 5
User 5,Gerald's Game (Trailer),2023-04-25 05:15:29,144,Device Type 1
User 5,Junior High and High School!! Kimetsu Academy Story: Season 1: Special Edition Episode 2,2023-04-24 15:42:54,13,Device Type 5
User 5,Junior High and High School!! Kimetsu Academy Story: Season 1: Special Edition Episode 1,2023-04-24 15:42:25,16,Device Type 5
User 5,Demon Slayer: Kimetsu no Yaiba: Swordsmith Village Arc: A Sword from Over 300 Years Ago (Episode 3),2023-04-24 15:19:00,1192,Device Type 5
User 5,Berserk: Season 1: Night Banquet of Burning at the Stake (Episode 6),2023-04-24 15:06:22,722,Device Type 5
User 5,Berserk: Season 1: Night Banquet of Burning at the Stake (Episode 6),2023-04-22 18:01:57,3,Device Type 4
User 5,Berserk: Season 1: Tower of Conviction (Episode 5),2023-04-22 17:40:16,1299,Device Type 4
User 5,Berserk: Season 1: Revelations (Episode 4),2023-04-22 17:19:03,1272,Device Type 4
User 5,Berserk: Season 1: Night of Miracles (Episode 3),2023-04-22 16:53:06,1113,Device Type 4
User 5,Berserk: Season 1: The Holy Iron Chain Knights (Episode 2),2023-04-22 16:19:52,981,Device Type 4
User 5,Berserk: Season 1: The Holy Iron Chain Knights (Episode 2),2023-04-22 16:19:21,2,Device Type 4
User 5,Berserk: Season 1: The Holy Iron Chain Knights (Episode 2),2023-04-22 16:16:58,138,Device Type 4
User 5,Berserk: Season 1: The Holy Iron Chain Knights (Episode 2),2023-04-22 16:06:34,118,Device Type 1
User 5,Berserk: Season 1: The Dragonslayer (Episode 1),2023-04-22 15:47:17,1154,Device Type 1
User 5,Demon Slayer: Kimetsu no Yaiba: Swordsmith Village Arc: Yoriichi Type Zero (Episode 2),2023-04-22 07:06:04,1150,Device Type 4
User 5,Berserk: Season 1: Episode 2,2023-04-22 07:05:38,22,Device Type 4
User 5,Demon Slayer: Kimetsu no Yaiba: Swordsmith Village Arc: Yoriichi Type Zero (Episode 2),2023-04-22 07:03:26,121,Device Type 4
User 5,Berserk: Season 1: Episode 1,2023-04-22 06:42:26,1215,Device Type 4
User 5,Berserk: Season 1: The Dragonslayer (Episode 1),2023-04-21 07:49:38,6,Device Type 1
User 5,Berserk: Season 1_hook_primary_16x9,2023-04-21 04:39:13,78,Device Type 1
User 5,Naruto Shippuden: Season 20: Congratulations (Episode 474),2023-04-15 15:44:13,921,Device Type 5
User 5,Naruto Shippuden: Season 20: Sharingan Again (Episode 473),2023-04-15 15:19:45,1152,Device Type 5
User 5,Naruto Shippuden: Season 20: You Better... (Episode 472),2023-04-15 15:09:16,626,Device Type 5
User 5,Shehzada,2023-04-15 15:08:44,19,Device Type 5
User 5,Naruto Shippuden: Season 20: You Better... (Episode 472),2023-04-15 05:16:45,199,Device Type 5
User 5,Naruto Shippuden: Season 20: The Two of Them... Always (Episode 471),2023-04-15 05:04:21,730,Device Type 5
User 5,Naruto Shippuden: Season 20: Connecting Thoughts (Episode 470),2023-04-15 04:43:03,1186,Device Type 5
User 5,Naruto Shippuden: Season 20: Ninshu: The Ninja Creed (Episode 464),2023-04-15 04:40:39,127,Device Type 5
User 5,Naruto Shippuden: Season 20: The No. 1 Most Unpredictable Ninja (Episode 463),2023-04-15 04:38:11,145,Device Type 5
User 5,Naruto Shippuden: Season 20: The No. 1 Most Unpredictable Ninja (Episode 463),2023-04-14 15:10:30,1046,Device Type 5
User 5,Naruto Shippuden: Season 20: Hagoromo and Hamura (Episode 461),2023-04-14 15:09:20,58,Device Type 5
User 5,Demon Slayer: Kimetsu no Yaiba: Swordsmith Village Arc: Someone's Dream (Episode 1),2023-04-14 04:43:10,715,Device Type 5
User 5,Kannai Nambathe_hook_03_16x9,2023-04-14 04:42:43,5,Device Type 5
User 5,Demon Slayer: Kimetsu no Yaiba: Swordsmith Village Arc: Someone's Dream (Episode 1),2023-04-13 15:07:27,1951,Device Type 5
User 5,Naruto Shippuden: Season 20: Kaguya Ōtsutsuki (Episode 460),2023-04-13 15:05:18,84,Device Type 5
User 5,Naruto Shippuden: Season 20: She of the Beginning (Episode 459),2023-04-13 14:54:37,638,Device Type 5
User 5,Naruto: Season 1_hook_primary_16x9,2023-04-13 14:54:12,6,Device Type 5
User 5,Naruto Shippuden: Season 20: She of the Beginning (Episode 459),2023-04-13 08:05:05,549,Device Type 5
User 5,Naruto Shippuden: Season 20: Truth (Episode 458),2023-04-13 07:53:42,664,Device Type 5
User 5,Naruto Shippuden: Season 20: The Infinite Tsukuyomi (Episode 426),2023-04-13 07:52:36,7,Device Type 5
User 5,Naruto Shippuden: Season 20: The Infinite Tsukuyomi (Episode 426),2023-04-13 05:00:17,647,Device Type 5
User 5,Gods of Egypt_hook_primary_16x9,2023-04-13 04:59:45,22,Device Type 5
User 5,Naruto Shippuden: Season 20: The Infinite Tsukuyomi (Episode 426),2023-04-12 16:08:59,9,Device Type 5
User 5,Naruto Shippuden: Season 20: The Infinite Dream (Episode 425),2023-04-12 15:48:33,1163,Device Type 5
User 5,Naruto Shippuden: Season 20: To Rise Up (Episode 424),2023-04-12 15:30:38,1072,Device Type 5
User 5,Naruto Shippuden: Season 20: Naruto's Rival (Episode 423),2023-04-12 15:29:09,61,Device Type 5
User 5,Naruto Shippuden: Season 20: The Ones Who Will Inherit (Episode 422),2023-04-12 15:27:04,94,Device Type 5
User 5,Naruto Shippuden: Season 20: The Sage of the Six Paths (Episode 421),2023-04-12 15:20:24,375,Device Type 5
User 5,Naruto Shippuden: Season 20: The Eight Inner Gates Formation (Episode 420),2023-04-12 15:13:35,389,Device Type 5
User 5,Naruto Shippuden: Season 20: The Eight Inner Gates Formation (Episode 420),2023-04-12 04:43:44,96,Device Type 5
User 5,Naruto Shippuden: Season 20: Papa's Youth (Episode 419),2023-04-12 04:39:53,206,Device Type 5
User 5,Naruto Shippuden: Season 20: The Blue Beast vs. Six Paths Madara (Episode 418),2023-04-12 04:27:43,705,Device Type 5
User 5,Naruto Shippuden: Season 20: You'll Be My Backup (Episode 417),2023-04-12 04:23:49,209,Device Type 5
User 5,Naruto Shippuden: Season 18: I'm Always Watching (Episode 386),2023-04-12 04:21:39,2,Device Type 5
User 5,Naruto Shippuden: Season 18: Obito Uchiha (Episode 385),2023-04-12 04:20:04,72,Device Type 5
User 5,The 100: Season 1_hook_primary_16x9,2023-04-12 04:19:53,4,Device Type 5
User 5,Naruto Shippuden: Season 18: Obito Uchiha (Episode 385),2023-04-11 15:25:19,21,Device Type 5
User 5,Naruto Shippuden: Season 18: A Heart Filled With Comrades (Episode 384),2023-04-11 15:07:11,1082,Device Type 5
User 5,Naruto Shippuden: Season 18: Pursuing Hope (Episode 383),2023-04-11 14:55:52,676,Device Type 5
User 5,Mobile Suit Gundam The Witch From Mercury: Season 1_hook_primary_16x9,2023-04-11 14:54:53,41,Device Type 5
User 5,Naruto Shippuden: Season 18: Pursuing Hope (Episode 383),2023-04-11 08:09:02,472,Device Type 5
User 5,Naruto Shippuden: Season 18: A Shinobi's Dream (Episode 382),2023-04-11 07:52:51,960,Device Type 5
User 5,Vaathi,2023-04-11 06:50:32,435,Device Type 0
User 5,Naruto Shippuden: Season 18: A Shinobi's Dream (Episode 382),2023-04-11 04:16:43,77,Device Type 5
User 5,Naruto Shippuden: Season 18: The Divine Tree (Episode 381),2023-04-11 03:58:13,1105,Device Type 5
User 5,Naruto Shippuden: Season 18: The Divine Tree (Episode 381),2023-04-10 15:44:42,5,Device Type 5
User 5,Naruto Shippuden: Season 18: The Day Naruto Was Born (Episode 380),2023-04-10 15:25:03,1176,Device Type 5
User 5,Vaathi,2023-04-10 14:18:36,283,Device Type 0
User 5,Naruto Shippuden: Season 18: The Day Naruto Was Born (Episode 380),2023-04-10 09:33:47,12,Device Type 5
User 5,Naruto Shippuden: Season 18: An Opening (Episode 379),2023-04-10 09:10:10,1160,Device Type 5
User 5,Naruto Shippuden: Season 18: The Ten Tails' Jinchuriki (Episode 378),2023-04-10 09:02:24,464,Device Type 5
User 5,Ante Sundaraniki (Tamil)_hook_02_16x9,2023-04-10 09:01:47,27,Device Type 5
User 5,Vaathi,2023-04-10 07:23:06,117,Device Type 0
User 5,Vaathi,2023-04-10 07:09:34,420,Device Type 0
User 5,Naruto Shippuden: Season 18: The Ten Tails' Jinchuriki (Episode 378),2023-04-10 05:58:24,740,Device Type 5
User 5,Naruto Shippuden: Season 18: The Directive to Take the Nine-Tails! (Episode 376),2023-04-10 05:51:55,236,Device Type 5
User 5,Naruto Shippuden: Season 18: Kakashi vs. Obito (Episode 375),2023-04-10 05:47:39,248,Device Type 5
User 5,Breaking Bad: Season 1_hook_03_16x9,2023-04-10 05:46:05,87,Device Type 5
User 5,Blade of Demon Destruction: Season 1_hook_primary_16x9,2023-04-10 05:45:50,11,Device Type 5
User 5,Vaathi,2023-04-10 02:48:09,475,Device Type 0
User 5,Naruto Shippuden: Season 18: Kakashi vs. Obito (Episode 375),2023-04-09 15:38:17,756,Device Type 5
User 5,Naruto Shippuden: Season 18: The New Three-Way Deadlock (Episode 374),2023-04-09 15:26:38,696,Device Type 5
User 5,Naruto Shippuden: Season 18: The New Three-Way Deadlock (Episode 374),2023-04-09 15:12:59,432,Device Type 5
User 5,Naruto Shippuden: Season 18: Team 7 Assemble! (Episode 373),2023-04-09 14:56:10,993,Device Type 5
User 5,Vaathi,2023-04-09 10:14:47,5138,Device Type 7
User 5,Naruto Shippuden: Season 18: Team 7 Assemble! (Episode 373),2023-04-09 09:01:27,2,Device Type 5
User 5,Vaathi,2023-04-09 08:46:46,2553,Device Type 0
User 5,Naruto Shippuden: Season 17: Something to Fill the Hole (Episode 372),2023-04-09 08:44:50,978,Device Type 5
User 5,Naruto Shippuden: Season 17: Hole (Episode 371),2023-04-09 08:31:02,785,Device Type 5
User 5,Naruto Shippuden: Season 17: The Era of Warring States (Episode 368),2023-04-09 08:30:25,4,Device Type 5
User 5,Naruto Shippuden: Season 17: Hashirama and Madara (Episode 367),2023-04-09 08:29:58,10,Device Type 5
User 5,Naruto Shippuden: Season 17: The All-Knowing (Episode 366),2023-04-09 08:11:39,988,Device Type 5
User 5,Naruto Shippuden: Season 17: Those Who Dance in the Shadows (Episode 365),2023-04-09 07:53:30,1084,Device Type 5
User 5,Naruto Shippuden: Season 17: Those Who Dance in the Shadows (Episode 365),2023-04-09 05:02:30,74,Device Type 5
User 5,Naruto Shippuden: Season 17: The Ties That Bind (Episode 364),2023-04-09 04:47:52,844,Device Type 5
User 5,Naruto Shippuden: Season 17: The Allied Shinobi Forces Jutsu (Episode 363),2023-04-09 04:27:59,1190,Device Type 5
User 5,Naruto Shippuden: Season 17: Kakashi's Resolve (Episode 362),2023-04-09 04:09:08,1119,Device Type 5
User 5,Naruto Shippuden: Season 16: Hashirama's Cells (Episode 351),2023-04-09 04:08:27,6,Device Type 5
User 5,Naruto Shippuden: Season 16: Minato's Death (Episode 350),2023-04-09 04:07:55,11,Device Type 5
User 5,Naruto Shippuden: Season 16: A Mask That Hides The Heart (Episode 349),2023-04-09 04:06:38,41,Device Type 5
User 5,Constantine_hook_primary_16x9,2023-04-09 04:06:14,13,Device Type 5
User 5,Breaking Bad: Season 3: Kafkaesque (Episode 9),2023-04-08 18:39:22,2,Device Type 1
User 5,Naruto Shippuden: Season 16: A Mask That Hides The Heart (Episode 349),2023-04-07 15:52:56,3,Device Type 5
User 5,Naruto Shippuden: Season 15: The New Akatsuki (Episode 348),2023-04-07 15:35:16,1052,Device Type 5
User 5,Naruto Shippuden: Season 15: The New Akatsuki (Episode 348),2023-04-07 15:25:56,164,Device Type 5
User 5,Naruto Shippuden: Season 15: Creeping Shadow (Episode 347),2023-04-07 15:11:12,822,Device Type 5
User 5,Teaser 2: Chupa,2023-04-07 15:11:00,4,Device Type 5
User 5,Naruto Shippuden: Season 15: Creeping Shadow (Episode 347),2023-04-07 08:25:38,285,Device Type 5
User 5,Naruto Shippuden: Season 15: World of Dreams (Episode 346),2023-04-07 08:05:56,1178,Device Type 5
User 5,Bullet Train_hook_primary_16x9,2023-04-07 08:05:20,25,Device Type 5
User 5,Naruto Shippuden: Season 15: World of Dreams (Episode 346),2023-04-07 05:21:17,9,Device Type 5
User 5,Naruto Shippuden: Season 15: I'm in Hell (Episode 345),2023-04-07 05:01:30,1180,Device Type 5
User 5,Naruto Shippuden: Season 15: Obito and Madara (Episode 344),2023-04-07 04:44:33,998,Device Type 5
User 5,Naruto Shippuden: Season 15: Who Are You? (Episode 343),2023-04-07 04:32:38,685,Device Type 5
User 5,Naruto Shippuden: Season 15: Who Are You? (Episode 343),2023-04-07 04:31:37,1,Device Type 5
User 5,Suits: Season 1_hook_primary_16x9,2023-04-07 04:30:08,55,Device Type 5
User 5,Naruto Shippuden: Season 15: Who Are You? (Episode 343),2023-04-06 15:41:45,1,Device Type 5
User 5,Naruto Shippuden: Season 15: The Secret of the Transportation Technique (Episode 342),2023-04-06 15:19:22,1111,Device Type 5
User 5,Naruto Shippuden: Season 15: Orochimaru's Return (Episode 341),2023-04-06 15:01:22,1068,Device Type 5
User 5,Naruto Shippuden: Season 15: Reanimation Jutsu: Release! (Episode 340),2023-04-06 14:56:54,266,Device Type 5
User 5,Interstellar_hook_primary_16x9,2023-04-06 14:56:23,17,Device Type 5
User 5,Naruto Shippuden: Season 15: Reanimation Jutsu: Release! (Episode 340),2023-04-06 07:58:15,385,Device Type 5
User 5,Naruto Shippuden: Season 15: I Will Love You Always (Episode 339),2023-04-06 07:42:04,958,Device Type 5
User 5,Naruto Shippuden: Season 15: I Will Love You Always (Episode 339),2023-04-06 05:44:53,168,Device Type 5
User 5,Naruto Shippuden: Season 15: Izanagi and Izanami (Episode 338),2023-04-06 05:23:40,1180,Device Type 5
User 5,Naruto Shippuden: Season 15: The Izanami Activated (Episode 337),2023-04-06 05:23:16,9,Device Type 5
User 5,The Woman King_hook_03_16x9,2023-04-06 05:22:44,7,Device Type 5
User 5,Naruto Shippuden: Season 15: The Izanami Activated (Episode 337),2023-04-04 14:58:46,267,Device Type 1
User 5,Naruto Shippuden: Season 15: The Izanami Activated (Episode 337),2023-04-04 07:58:07,588,Device Type 5
User 5,Naruto Shippuden: Season 15: Kabuto Yakushi (Episode 336),2023-04-04 07:56:35,29,Device Type 5
User 5,Naruto Shippuden: Season 15: To Each Their Own Leaf (Episode 335),2023-04-04 07:48:48,450,Device Type 5
User 5,Naruto Shippuden: Season 1_hook_02_16x9,2023-04-04 07:48:40,5,Device Type 5
User 5,Naruto Shippuden: Season 15: To Each Their Own Leaf (Episode 335),2023-04-04 04:40:13,324,Device Type 1
User 5,Naruto Shippuden: Season 15: To Each Their Own Leaf (Episode 335),2023-04-03 16:25:15,14,Device Type 5
User 5,Naruto Shippuden: Season 15: Sibling Tag Team (Episode 334),2023-04-03 15:43:12,1104,Device Type 5
User 5,Naruto Shippuden: Season 15: The Risks of the Reanimation Jutsu (Episode 333),2023-04-03 15:38:32,270,Device Type 5
User 5,Naruto Shippuden: Season 15: The Risks of the Reanimation Jutsu (Episode 333),2023-04-03 08:23:50,919,Device Type 5
User 5,Murder Mystery (Trailer),2023-04-03 08:23:13,4,Device Type 5
User 5,Naruto Shippuden: Season 15: A Will of Stone (Episode 332),2023-04-02 15:14:09,1178,Device Type 5
User 5,Naruto Shippuden: Season 15: Eyes That See in the Dark (Episode 331),2023-04-02 15:10:04,167,Device Type 5
User 5,Naruto Shippuden: Season 15: The Promise of Victory (Episode 330),2023-04-02 14:59:49,595,Device Type 5
User 5,Naruto Shippuden: Season 15: Two-Man Team (Episode 329),2023-04-02 14:51:04,521,Device Type 5
User 5,Ghanghor Connection_hook_05_16x9,2023-04-02 14:49:57,14,Device Type 5
User 5,Naruto Shippuden: Season 15: Two-Man Team (Episode 329),2023-04-02 08:53:08,641,Device Type 5
User 5,Naruto Shippuden: Season 15: Kurama (Episode 328),2023-04-02 08:42:10,633,Device Type 5
User 5,Naruto Shippuden: Season 15: Nine Tails (Episode 327),2023-04-02 08:39:55,88,Device Type 5
User 5,"Naruto Shippuden: Season 15: Four Tails, the King of Sage Monkeys (Episode 326)",2023-04-02 08:19:15,1110,Device Type 5
User 5,Naruto Shippuden: Season 15: Jinchūriki vs. Jinchūriki!! (Episode 325),2023-04-02 08:00:53,1099,Device Type 5
User 5,Naruto Shippuden: Season 15: Eyes That See in the Dark (Episode 331),2023-04-02 07:58:45,68,Device Type 1
User 5,Naruto Shippuden: Season 15: A Will of Stone (Episode 332),2023-04-02 07:58:28,10,Device Type 1
User 5,Naruto Shippuden: Season 14: Paradox (Episode 301),2023-04-02 07:58:15,5,Device Type 5
User 5,"Naruto Shippuden: Season 14: The Mizukage, the Giant Clam, and the Mirage (Episode 300)",2023-04-02 07:55:24,168,Device Type 5
User 5,"Naruto Shippuden: Season 14: The Mizukage, the Giant Clam, and the Mirage (Episode 300)",2023-04-02 04:56:13,148,Device Type 1
User 5,Naruto Shippuden: Season 14: The Acknowledged One (Episode 299),2023-04-02 04:43:05,779,Device Type 1
User 5,Naruto Shippuden: Season 14: Contact! Naruto vs. Itachi (Episode 298),2023-04-02 04:18:43,1168,Device Type 1
User 5,Naruto Shippuden: Season 15: Izanagi and Izanami (Episode 338),2023-04-02 04:18:15,5,Device Type 1
User 5,Naruto Shippuden: Season 1_hook_01_16x9,2023-04-02 04:12:28,62,Device Type 1
User 5,The Adam Project,2023-04-01 14:58:14,1239,Device Type 5
User 5,The Adam Project,2023-04-01 14:51:34,74,Device Type 5
User 5,The Adam Project,2023-04-01 04:25:52,147,Device Type 5
User 5,The Adam Project,2023-03-31 15:00:26,3047,Device Type 5
User 5,Genre Specific Moment Clip: Murder Mystery 2,2023-03-31 14:59:38,5,Device Type 5
User 5,The Adam Project,2023-03-31 04:50:51,1128,Device Type 5
User 5,Teaser: The Adam Project,2023-03-31 04:50:35,5,Device Type 5
User 5,Mortal Kombat_hook_02_16x9,2023-03-31 04:50:12,19,Device Type 5
User 5,Mission: Impossible - Rogue Nation_hook_primary_16x9,2023-03-31 04:49:41,27,Device Type 5
User 5,Wrath of Man_hook_02_16x9,2023-03-31 04:48:52,32,Device Type 5
User 5,Last Seen Alive_hook_01_16x9,2023-03-31 04:47:19,80,Device Type 5
User 5,Red Notice - Upper Bound Clip 1,2023-03-31 04:47:01,8,Device Type 5
User 5,Season 1 Trailer: The Night Agent,2023-03-31 04:45:44,75,Device Type 5
User 5,Pacific Rim_hook_primary_16x9,2023-03-31 04:45:31,5,Device Type 5
User 5,Moment of High Emotion Clip: Red Notice,2023-03-31 04:45:05,6,Device Type 5
User 5,Sinam_hook_05_16x9,2023-03-30 15:32:21,45,Device Type 4
User 5,Hunter X Hunter (2011): Season 1_hook_05_16x9,2023-03-28 15:03:15,7,Device Type 5
User 5,Season 1 Trailer: The Night Agent,2023-03-28 15:03:08,4,Device Type 5
User 5,Season 1 Supporting Character Clip: Rana Naidu,2023-03-28 15:02:57,8,Device Type 5
User 5,The Last Stand_hook_primary_16x9,2023-03-28 15:01:45,53,Device Type 5
User 5,The Old Guard (Trailer),2023-03-28 14:59:06,146,Device Type 5
User 5,White House Down,2023-03-28 08:00:06,2768,Device Type 5
User 5,The Night Agent: Season 1: Eyes Only (Episode 4),2023-03-28 07:56:06,13,Device Type 1
User 5,Season 1 Trailer: The Night Agent,2023-03-28 07:55:12,35,Device Type 1
User 5,White House Down,2023-03-28 04:21:12,1701,Device Type 5
User 5,White House Down_hook_primary_16x9,2023-03-28 04:20:14,55,Device Type 5
User 5,White House Down,2023-03-27 14:53:22,1085,Device Type 5
User 5,White House Down,2023-03-27 08:12:04,989,Device Type 5
User 5,White House Down,2023-03-27 03:36:17,924,Device Type 5
User 5,Battle: Los Angeles_hook_primary_16x9,2023-03-27 03:35:58,16,Device Type 5
User 5,"Demon Slayer: Kimetsu no Yaiba: Tanjiro Kamado, Unwavering Resolve Arc: Cruelty (Episode 1)",2023-03-27 03:35:25,3,Device Type 5
User 5,Hunter X Hunter (2011): Season 1_hook_01_16x9,2023-03-27 03:35:04,5,Device Type 5
User 5,High & Low The Worst X_hook_02_16x9,2023-03-27 03:33:27,73,Device Type 5
User 5,Chor Nikal Ke Bhaga,2023-03-24 16:28:50,3133,Device Type 4
User 5,Main Character Intro Clip: Chor Nikal Ke Bhaga,2023-03-24 16:28:40,9,Device Type 4
User 5,Pacific Rim_hook_primary_16x9,2023-03-22 08:10:18,10,Device Type 5
User 5,Bullet Train_hook_03_16x9,2023-03-22 08:09:53,21,Device Type 5
User 5,RRR_hook_03_16x9,2023-03-22 04:52:55,54,Device Type 5
User 5,One Punch Man: Season 1_hook_primary_16x9,2023-03-22 04:51:29,32,Device Type 5
User 5,G.I. Joe: Retaliation,2023-03-22 04:40:06,611,Device Type 5
User 5,G.I. Joe: Retaliation,2023-03-21 15:04:24,3986,Device Type 5
User 5,G.I. Joe: Retaliation,2023-03-21 07:51:51,1479,Device Type 5
User 5,G.I. Joe: Retaliation_hook_02_16x9,2023-03-21 07:50:46,49,Device Type 5
User 5,Project Power - CLM 1,2023-03-21 07:49:00,64,Device Type 5
User 5,Moment of High Emotion Clip: Red Notice,2023-03-21 07:47:58,35,Device Type 5
User 5,Season 2 Genre Specific Moment Clip: Jamtara - Sabka Number Ayega,2023-03-21 04:21:04,89,Device Type 5
User 5,Agneepath (2012)_hook_02_16x9,2023-03-21 04:20:07,49,Device Type 5
User 5,Mortal Kombat_hook_02_16x9,2023-03-21 04:19:30,5,Device Type 5
User 5,Genre Specific Moment Clip: The Sea Beast,2023-03-21 04:19:12,14,Device Type 5
User 5,Spider-Man: No Way Home (Extended Version)_hook_05_16x9,2023-03-21 04:17:03,108,Device Type 5
User 5,Pacific Rim_hook_primary_16x9,2023-03-21 04:16:05,45,Device Type 5
User 5,Spider-Man: No Way Home_hook_01_16x9,2023-03-21 04:13:53,103,Device Type 5
User 5,Trailer: Extraction,2023-03-21 04:12:03,80,Device Type 5
User 5,Gangubai Kathiawadi_hook_02_16x9,2023-03-20 15:29:45,4,Device Type 4
User 5,Raees_hook_primary_16x9,2023-03-20 15:28:26,37,Device Type 4
User 5,Triple Frontier,2023-03-20 14:54:04,69,Device Type 5
User 5,6 Underground,2023-03-20 14:41:06,681,Device Type 5
User 5,Main Character Intro Clip: All Quiet on the Western Front,2023-03-20 14:40:46,5,Device Type 5
User 5,6 Underground,2023-03-20 08:08:18,895,Device Type 5
User 5,RRR_hook_02_16x9,2023-03-20 08:08:03,4,Device Type 5
User 5,6 Underground,2023-03-20 04:49:28,950,Device Type 5
User 5,Season 2 Trailer: Shadow and Bone,2023-03-20 04:49:07,11,Device Type 5
User 5,6 Underground,2023-03-19 15:18:15,3681,Device Type 5
User 5,Trailer: 6 Underground,2023-03-19 15:18:07,5,Device Type 5
User 5,Plot Clip: The Magician's Elephant,2023-03-19 15:17:06,56,Device Type 5
User 5,6 Underground,2023-03-19 08:17:04,862,Device Type 5
User 5,Trailer: 6 Underground,2023-03-19 08:15:12,109,Device Type 5
User 5,Godzilla vs. Kong_hook_primary_16x9,2023-03-19 08:14:41,4,Device Type 5
User 5,Cliffhanger Clip:  Luther: The Fallen Sun,2023-03-19 08:13:38,31,Device Type 5
User 5,Season 1 Supporting Character Clip: Rana Naidu,2023-03-19 08:13:14,4,Device Type 5
User 5,Kuttey,2023-03-18 16:39:17,691,Device Type 4
User 5,Kuttey,2023-03-18 16:20:42,306,Device Type 4
User 5,Kutte_hook_03_16x9,2023-03-18 16:20:29,12,Device Type 4
User 5,Tokyo Ghoul: Tokyo Ghoul:re: member: Fragments (Episode 2),2023-03-14 14:59:57,664,Device Type 5
User 5,Tokyo Ghoul: Tokyo Ghoul:re: member: Fragments (Episode 2),2023-03-14 08:15:08,301,Device Type 5
User 5,Tokyo Ghoul: Tokyo Ghoul:re: START: Those Who Hunt (Episode 1),2023-03-14 08:08:29,266,Device Type 5
User 5,The Vampire Diaries: Season 1_hook_primary_16x9,2023-03-14 08:08:19,7,Device Type 5
User 5,Blue Lock: Season 1: Dream (Episode 1),2023-03-14 08:06:31,23,Device Type 5
User 5,Naruto Shippuden: Season 21: Jiraiya and Kakashi (Episode 483),2023-03-14 08:00:31,321,Device Type 5
User 5,One Punch Man: Season 1_hook_primary_16x9,2023-03-14 07:59:22,32,Device Type 5
User 5,Black Clover: Season 1: The Boys' Promise (Episode 2),2023-03-14 07:55:30,195,Device Type 5
User 5,Black Clover: Season 1: Asta and Yuno (Episode 1),2023-03-14 07:54:28,43,Device Type 5
User 5,Godzilla vs. Kong_hook_05_16x9,2023-03-14 07:51:40,8,Device Type 5
User 5,Season 1 Trailer: Baki Hanma,2023-03-14 07:51:28,5,Device Type 5
User 5,Season 1 Trailer: Rana Naidu,2023-03-14 07:49:32,6,Device Type 5
User 5,Bleach: The Substitute: Fight to the Death! Ichigo vs. Ichigo (Episode 6),2023-03-14 04:30:14,921,Device Type 5
User 5,Bleach: The Substitute: Fight to the Death! Ichigo vs. Ichigo (Episode 6),2023-03-13 15:04:07,23,Device Type 5
User 5,Bleach: The Substitute: Beat the Invisible Enemy! (Episode 5),2023-03-13 14:49:27,856,Device Type 5
User 5,Bleach: The Substitute: Beat the Invisible Enemy! (Episode 5),2023-03-13 08:13:23,548,Device Type 5
User 5,Bleach: The Substitute: Cursed Parakeet (Episode 4),2023-03-13 08:03:28,585,Device Type 5
User 5,JoJo's Bizarre Adventure: Season 1_hook_primary_16x9,2023-03-13 08:02:14,31,Device Type 5
User 5,Bleach: The Substitute: Cursed Parakeet (Episode 4),2023-03-13 04:54:55,627,Device Type 5
User 5,Rekha_hook_04_16x9,2023-03-13 04:54:37,6,Device Type 5
User 5,Rekha_hook_04_16x9,2023-03-13 04:53:49,39,Device Type 5
User 5,"Bleach: The Substitute: The Older Brother's Wish, the Younger Sister's Wish (Episode 3)",2023-03-12 15:36:31,741,Device Type 5
User 5,"Bleach: The Substitute: The Older Brother's Wish, the Younger Sister's Wish (Episode 3)",2023-03-12 15:18:49,524,Device Type 5
User 5,Bleach: The Substitute: A Shinigami's Work (Episode 2),2023-03-12 15:07:11,688,Device Type 5
User 5,Bleach: The Substitute: A Shinigami's Work (Episode 2),2023-03-12 15:01:00,2,Device Type 5
User 5,Bleach: The Substitute: A Shinigami's Work (Episode 2),2023-03-12 15:00:53,3,Device Type 5
User 5,Hunter X Hunter (2011): Season 1_hook_01_16x9,2023-03-12 15:00:09,31,Device Type 5
User 5,Season 1 Batch 2 Act 2 Conflict Clip: The Glory,2023-03-12 14:59:05,54,Device Type 5
User 5,Iratta,2023-03-11 16:07:27,101,Device Type 4
User 5,Iratta_hook_03_16x9,2023-03-11 16:07:21,4,Device Type 4
User 5,Butta Bomma,2023-03-11 15:58:56,460,Device Type 4
User 5,Butta Bomma (Kappela remake)_hook_01_16x9,2023-03-11 15:58:50,4,Device Type 4
User 5,Butta Bomma (Kappela remake)_hook_01_16x9,2023-03-11 15:58:10,33,Device Type 4
User 5,Oru Thekkan Thallu Case_hook_primary_16x9,2023-03-11 15:57:53,11,Device Type 4
User 5,Bleach: The Substitute: A Shinigami's Work (Episode 2),2023-03-09 08:12:19,564,Device Type 5
User 5,Bleach: The Substitute: The Day I Became a Shinigami (Episode 1),2023-03-09 08:05:03,150,Device Type 5
User 5,Bleach: BLEACH Thousand-Year Blood War: The Blood Warfare (Episode 1),2023-03-09 08:04:45,4,Device Type 5
User 5,Bleach: BLEACH Thousand-Year Blood War: The Blood Warfare (Episode 1),2023-03-09 08:04:28,8,Device Type 5
User 5,Kengan Ashura: Part l (Trailer),2023-03-09 08:03:50,17,Device Type 5
User 5,Hunter X Hunter (2011): Season 1_hook_04_16x9,2023-03-09 08:03:36,11,Device Type 5
User 5,"Demon Slayer: Kimetsu no Yaiba: Tanjiro Kamado, Unwavering Resolve Arc: Cruelty (Episode 1)",2023-03-09 08:02:54,1,Device Type 5
User 5,Limited Series Sensory Clip: MH370: The Plane That Disappeared,2023-03-09 08:02:44,5,Device Type 5
User 5,One-Punch Man: Season 2: The Hero's Return (Episode 1),2023-03-09 08:02:23,7,Device Type 5
User 5,One-Punch Man: Season 1: The Strongest Man (Episode 1),2023-03-09 08:01:36,1,Device Type 5
User 5,Chainsaw Man: Season 1: From Kyoto (Episode 9),2023-03-09 07:55:54,307,Device Type 5
User 5,Chainsaw Man: Season 1: From Kyoto (Episode 9),2023-03-09 04:07:52,796,Device Type 5
User 5,Chainsaw Man: Season 1: Dog & Chainsaw (Episode 1),2023-03-09 04:07:11,23,Device Type 5
User 5,Season 1 Trailer: Baki Hanma,2023-03-09 04:06:47,7,Device Type 5
User 5,BAKI: Season 1: Part 1: Shaken Shinshinkai (Episode 9),2023-03-08 15:20:03,1249,Device Type 5
User 5,BAKI: Season 1: Part 1: A match Vs. a true fight (Episode 8),2023-03-08 14:57:45,857,Device Type 5
User 5,Limited Series Sensory Clip: MH370: The Plane That Disappeared,2023-03-08 14:57:15,23,Device Type 5
User 5,BAKI: Season 1: Part 1: A match Vs. a true fight (Episode 8),2023-03-08 08:30:08,393,Device Type 5
User 5,BAKI: Season 1: Part 1: A formidable team (Episode 7),2023-03-08 08:11:52,1080,Device Type 5
User 5,BAKI: Season 1: Part 1: A formidable team (Episode 7),2023-03-08 05:31:08,87,Device Type 5
User 5,BAKI: Season 1: Part 1: Sergeant Katahira’s Report (Episode 6),2023-03-08 05:12:40,1096,Device Type 5
User 5,BAKI: Season 1: Part 1: Want some more? (Episode 5),2023-03-08 04:55:35,835,Device Type 5
User 5,BAKI: Season 1: Part 1: The Battle Begins (Episode 4),2023-03-08 04:54:45,17,Device Type 5
User 5,BAKI: Season 1: Part 1: They're Finally Here!! (Episode 3),2023-03-08 04:37:15,1038,Device Type 5
User 5,Season 2 Trailer 4: Baki,2023-03-08 04:37:01,11,Device Type 5
User 5,Season 2 Genre Specific Moment Clip 2: Sex/Life,2023-03-08 04:36:06,6,Device Type 5
User 5,Iratta,2023-03-07 15:53:12,6201,Device Type 5
User 5,Iratta,2023-03-07 15:41:07,59,Device Type 5
User 5,BAKI: Season 1: Part 1: They're Finally Here!! (Episode 3),2023-03-07 15:40:45,6,Device Type 5
User 5,BAKI: Season 1: Part 1: Dark Martial Arts (Episode 2),2023-03-07 15:29:02,689,Device Type 5
User 5,BAKI: Season 1: Part 1: Synchronicity (Episode 1),2023-03-07 15:23:10,304,Device Type 5
User 5,Season 2 Trailer 4: Baki,2023-03-07 15:23:03,4,Device Type 5
User 5,A Star Shoots across the Sky_hook_01_16x9,2023-03-07 15:22:38,4,Device Type 5
User 5,Varalaru Mukkiyam_hook_01_16x9,2023-03-07 15:20:55,81,Device Type 5
User 5,Boogeyman (Malaysia Movie)_hook_01_16x9,2023-03-07 15:19:22,75,Device Type 5
User 5,Cliffhanger Clip 2: Stranger Things 4 Volume 2,2023-03-07 15:19:03,16,Device Type 5
User 5,Inglourious Basterds_hook_primary_16x9,2023-03-07 15:18:35,24,Device Type 5
User 5,Thalaikoothal_hook_05_16x9,2023-03-07 15:18:02,9,Device Type 5
User 5,Trailer: We Have a Ghost,2023-03-07 15:15:42,134,Device Type 5
User 5,Iratta_hook_primary_16x9,2023-03-07 15:15:11,20,Device Type 5
User 5,Hey Sinamika (Tamil)_hook_primary_16x9,2023-03-07 15:14:00,20,Device Type 5
User 5,Oru Thekkan Thallu Case_hook_02_16x9,2023-03-07 15:13:41,16,Device Type 5
User 5,Like an Afternoon Dream_hook_01_16x9,2023-03-07 15:13:26,4,Device Type 5
User 5,Iratta_hook_03_16x9,2023-03-07 15:11:51,68,Device Type 5
User 5,Like an Afternoon Dream_hook_primary_16x9,2023-02-25 13:15:36,4,Device Type 1
User 5,My Hero Academia: Season 1: All Might (Episode 12),2023-02-25 08:31:12,644,Device Type 5
User 5,My Hero Academia: Season 1: Izuku Midoriya: Origin (Episode 1),2023-02-25 08:30:51,2,Device Type 5
User 5,My Hero Academia: Season 1: Izuku Midoriya: Origin (Episode 1),2023-02-25 08:30:36,2,Device Type 5
User 5,My Hero Academia: Season 1 - Upper Bound Clip 4,2023-02-25 08:29:24,64,Device Type 5
User 5,Inglourious Basterds,2023-02-25 08:28:20,10,Device Type 5
User 5,Venom: Let There Be Carnage,2023-02-25 04:43:31,839,Device Type 5
User 5,Venom: Let There Be Carnage,2023-02-24 08:15:12,1464,Device Type 5
User 5,Pattathu Arasan_hook_01_16x9,2023-02-24 08:14:49,7,Device Type 5
User 5,Venom: Let There Be Carnage,2023-02-24 04:09:44,1094,Device Type 5
User 5,A Quiet Place Part II_hook_05_16x9,2023-02-24 04:09:13,15,Device Type 5
User 5,Nitham Oru Vaanam,2023-02-23 16:05:47,3963,Device Type 4
User 5,Nitham Oru Vaanam_hook_05_16x9,2023-02-23 16:05:28,17,Device Type 4
User 5,Venom: Let There Be Carnage,2023-02-23 15:05:33,1222,Device Type 5
User 5,Venom: Let There Be Carnage,2023-02-20 08:11:28,20,Device Type 5
User 5,Venom: Let There Be Carnage_hook_02_16x9,2023-02-20 08:10:51,7,Device Type 5
User 5,Pacific Rim_hook_primary_16x9,2023-02-20 08:10:26,9,Device Type 5
User 5,Stranger Things 1 (Trailer),2023-02-20 08:10:03,7,Device Type 5
User 5,Kuttavum Shikshayum_hook_primary_16x9,2023-02-20 08:09:28,4,Device Type 5
User 5,Vaashi (Malayalam)_hook_02_16x9,2023-02-20 08:08:58,27,Device Type 5
User 5,Thunivu_hook_02_16x9,2023-02-20 08:08:16,38,Device Type 5
User 5,Hey Sinamika (Tamil)_hook_primary_16x9,2023-02-20 08:07:00,52,Device Type 5
User 5,Geostorm,2023-02-20 04:26:25,1600,Device Type 5
User 5,Kurup_hook_05_16x9,2023-02-19 15:41:50,28,Device Type 4
User 5,The Teacher,2023-02-19 10:01:24,2858,Device Type 4
User 5,The Teacher (Malayalam Movie)_hook_02_16x9,2023-02-19 09:59:48,94,Device Type 4
User 5,Geostorm,2023-02-19 08:08:23,4326,Device Type 5
User 5,Cirkus_hook_primary_16x9,2023-02-19 08:05:21,8,Device Type 5
User 5,Gatta Kusthi_hook_primary_16x9,2023-02-18 15:59:18,104,Device Type 5
User 5,Thunivu_hook_04_16x9,2023-02-18 15:59:04,4,Device Type 5
User 5,Naruto Shippuden: Season 1_hook_03_16x9,2023-02-18 15:57:27,88,Device Type 5
User 5,Naruto: Season 1_hook_primary_16x9,2023-02-18 15:57:19,5,Device Type 5
User 5,Bleach: BLEACH Thousand-Year Blood War: The Blood Warfare (Episode 1),2023-02-18 15:56:38,30,Device Type 5
User 5,Campfire Cooking in Another World with My Absurd Skill: Season 1_hook_primary_16x9,2023-02-18 15:56:04,7,Device Type 5
User 5,Demon Slayer: Kimetsu no Yaiba: Entertainment District Arc: No Matter How Many Times We Reborn (Episode 11),2023-02-18 15:28:07,1460,Device Type 5
User 5,The Boss Baby_Autohook_5_16x9,2023-02-16 13:57:02,10,Device Type 5
User 5,The Boss Baby_Autohook_5_16x9,2023-02-16 13:53:18,7,Device Type 5
User 5,Demon Slayer: Kimetsu no Yaiba: Entertainment District Arc: No Matter How Many Times We Reborn (Episode 11),2023-02-15 15:44:46,187,Device Type 5
User 5,Demon Slayer: Kimetsu no Yaiba: Entertainment District Arc: I Will Never Give Up (Episode 10),2023-02-15 15:24:40,1190,Device Type 5
User 5,Demon Slayer: Kimetsu no Yaiba: Entertainment District Arc: Once We've Defeated the Upper Rank Demons (Episode 9),2023-02-15 15:03:30,1231,Device Type 5
User 5,Cliffhanger Clip: Re/Member,2023-02-15 15:02:57,20,Device Type 5
User 5,Demon Slayer: Kimetsu no Yaiba: Entertainment District Arc: Gathering (Episode 8),2023-02-15 08:12:29,1202,Device Type 5
User 5,Demon Slayer: Kimetsu no Yaiba: Entertainment District Arc: Transfiguration (Episode 7),2023-02-15 08:00:31,706,Device Type 5
User 5,Season 1 Moment of High Emotion Clip: The Romantics,2023-02-15 08:00:14,6,Device Type 5
User 5,Demon Slayer: Kimetsu no Yaiba: Entertainment District Arc: Transfiguration (Episode 7),2023-02-15 04:25:13,455,Device Type 5
User 5,Demon Slayer: Kimetsu no Yaiba: Entertainment District Arc: Layered Memories (Episode 6),2023-02-15 04:18:13,413,Device Type 5
User 5,Vaashi (Malayalam)_hook_01_16x9,2023-02-15 04:17:28,33,Device Type 5
User 5,Demon Slayer: Kimetsu no Yaiba: Entertainment District Arc: Layered Memories (Episode 6),2023-02-14 16:10:21,692,Device Type 5
User 5,Demon Slayer: Kimetsu no Yaiba: Entertainment District Arc: Things Are Gonna Get Real Flashy! (Episode 5),2023-02-14 15:56:28,823,Device Type 5
User 5,Demon Slayer: Kimetsu no Yaiba: Entertainment District Arc: Things Are Gonna Get Real Flashy! (Episode 5),2023-02-14 15:38:10,374,Device Type 5
User 5,Demon Slayer: Kimetsu no Yaiba: Entertainment District Arc: Tonight (Episode 4),2023-02-14 15:17:26,1211,Device Type 5
User 5,Thallumala_hook_01_16x9,2023-02-14 15:17:11,4,Device Type 5
User 5,Luka Chuppi,2023-02-14 13:35:03,2906,Device Type 4
User 5,Demon Slayer: Kimetsu no Yaiba: Entertainment District Arc: Tonight (Episode 4),2023-02-14 04:56:17,4,Device Type 5
User 5,Demon Slayer: Kimetsu no Yaiba: Entertainment District Arc: What Are You? (Episode 3),2023-02-14 04:35:20,1089,Device Type 5
User 5,Demon Slayer: Kimetsu no Yaiba: Entertainment District Arc: Infiltrating the Entertainment District (Episode 2),2023-02-14 04:25:08,605,Device Type 5
User 5,Padavettu,2023-02-13 15:29:03,8062,Device Type 5
User 5,Oru Thekkan Thallu Case_hook_03_16x9,2023-02-13 15:26:34,31,Device Type 5
User 5,Demon Slayer: Kimetsu no Yaiba: Entertainment District Arc: Infiltrating the Entertainment District (Episode 2),2023-02-13 15:14:53,646,Device Type 5
User 5,Demon Slayer: Kimetsu no Yaiba: Entertainment District Arc: Sound Hashira Tengen Uzui (Episode 1),2023-02-13 14:32:42,2037,Device Type 5
User 5,Demon Slayer: Kimetsu no Yaiba: Mugen Train Arc: Set Your Heart Ablaze (Episode 7),2023-02-13 14:11:18,1274,Device Type 5
User 5,Demon Slayer: Kimetsu no Yaiba: Mugen Train Arc: Akaza (Episode 6),2023-02-13 08:18:44,1120,Device Type 5
User 5,Demon Slayer: Kimetsu no Yaiba: Mugen Train Arc: Move Forward! (Episode 5),2023-02-13 08:02:47,947,Device Type 5
User 5,Demon Slayer: Kimetsu no Yaiba: Mugen Train Arc: Insult (Episode 4),2023-02-13 07:45:22,923,Device Type 5
User 5,Padavettu_hook_01_16x9,2023-02-13 07:44:56,19,Device Type 5
User 5,Demon Slayer: Kimetsu no Yaiba: Mugen Train Arc: Insult (Episode 4),2023-02-13 04:35:43,234,Device Type 5
User 5,Demon Slayer: Kimetsu no Yaiba: Mugen Train Arc: Should Have Been (Episode 3),2023-02-13 04:20:09,898,Device Type 5
User 5,Demon Slayer: Kimetsu no Yaiba: Mugen Train Arc: Should Have Been (Episode 3),2023-02-11 09:06:04,336,Device Type 5
User 5,Demon Slayer: Kimetsu no Yaiba: Mugen Train Arc: Deep Slumber (Episode 2),2023-02-11 08:47:06,1133,Device Type 5
User 5,Demon Slayer: Kimetsu no Yaiba: Mugen Train Arc: Deep Slumber (Episode 2),2023-02-11 08:39:14,114,Device Type 5
User 5,Demon Slayer: Kimetsu no Yaiba: Mugen Train Arc: Flame Hashira Kyojuro Rengoku (Episode 1),2023-02-11 08:12:53,1455,Device Type 5
User 5,Demon Slayer: Kimetsu no Yaiba: Mugen Train Arc: Flame Hashira Kyojuro Rengoku (Episode 1),2023-02-11 05:08:26,54,Device Type 5
User 5,Demon Slayer: Kimetsu no Yaiba: Mugen Train Arc: Flame Hashira Kyojuro Rengoku (Episode 1),2023-02-11 04:59:54,28,Device Type 5
User 5,"Demon Slayer: Kimetsu no Yaiba: Tanjiro Kamado, Unwavering Resolve Arc: New Mission (Episode 26)",2023-02-11 04:47:31,732,Device Type 5
User 5,Blade of Demon Destruction: Season 1_hook_primary_16x9,2023-02-11 04:47:23,6,Device Type 5
User 5,Season 4 Plot Clip: You,2023-02-11 04:47:04,5,Device Type 5
User 5,"Demon Slayer: Kimetsu no Yaiba: Tanjiro Kamado, Unwavering Resolve Arc: New Mission (Episode 26)",2023-02-09 14:53:48,638,Device Type 5
User 5,"Demon Slayer: Kimetsu no Yaiba: Tanjiro Kamado, Unwavering Resolve Arc: Tsuguko, Kanao Tsuyuri (Episode 25)",2023-02-09 14:48:18,325,Device Type 5
User 5,Blade of Demon Destruction: Season 1_hook_primary_16x9,2023-02-09 14:48:08,6,Device Type 5
User 5,"Demon Slayer: Kimetsu no Yaiba: Tanjiro Kamado, Unwavering Resolve Arc: Tsuguko, Kanao Tsuyuri (Episode 25)",2023-02-09 03:45:46,672,Device Type 5
User 5,"Demon Slayer: Kimetsu no Yaiba: Tanjiro Kamado, Unwavering Resolve Arc: Tsuguko, Kanao Tsuyuri (Episode 25)",2023-02-09 03:36:52,221,Device Type 5
User 5,"Demon Slayer: Kimetsu no Yaiba: Tanjiro Kamado, Unwavering Resolve Arc: Rehabilitation Training (Episode 24)",2023-02-09 03:16:30,1212,Device Type 5
User 5,"Demon Slayer: Kimetsu no Yaiba: Tanjiro Kamado, Unwavering Resolve Arc: Hashira Meeting (Episode 23)",2023-02-08 04:44:44,1204,Device Type 5
User 5,"Demon Slayer: Kimetsu no Yaiba: Tanjiro Kamado, Unwavering Resolve Arc: Master of the Mansion (Episode 22)",2023-02-08 04:26:15,1097,Device Type 5
User 5,"Demon Slayer: Kimetsu no Yaiba: Tanjiro Kamado, Unwavering Resolve Arc: Master of the Mansion (Episode 22)",2023-02-08 04:19:24,79,Device Type 5
User 5,Blade of Demon Destruction: Season 1_hook_primary_16x9,2023-02-08 04:18:33,48,Device Type 5
User 5,"Demon Slayer: Kimetsu no Yaiba: Tanjiro Kamado, Unwavering Resolve Arc: Master of the Mansion (Episode 22)",2023-02-07 08:22:17,24,Device Type 5
User 5,"Demon Slayer: Kimetsu no Yaiba: Tanjiro Kamado, Unwavering Resolve Arc: Against Corps Rules (Episode 21)",2023-02-07 08:04:54,1030,Device Type 5
User 5,"Demon Slayer: Kimetsu no Yaiba: Tanjiro Kamado, Unwavering Resolve Arc: Against Corps Rules (Episode 21)",2023-02-07 04:58:03,136,Device Type 5
User 5,"Demon Slayer: Kimetsu no Yaiba: Tanjiro Kamado, Unwavering Resolve Arc: Pretend Family (Episode 20)",2023-02-07 04:38:00,1187,Device Type 5
User 5,"Demon Slayer: Kimetsu no Yaiba: Tanjiro Kamado, Unwavering Resolve Arc: Hinokami (Episode 19)",2023-02-06 15:40:59,1267,Device Type 5
User 5,"Demon Slayer: Kimetsu no Yaiba: Tanjiro Kamado, Unwavering Resolve Arc: A Forged Bond (Episode 18)",2023-02-06 15:18:48,1328,Device Type 5
User 5,"Demon Slayer: Kimetsu no Yaiba: Tanjiro Kamado, Unwavering Resolve Arc: You Must Master a Single Thing (Episode 17)",2023-02-06 14:50:22,1209,Device Type 5
User 5,"Demon Slayer: Kimetsu no Yaiba: Tanjiro Kamado, Unwavering Resolve Arc: Letting Someone Else Go First (Episode 16)",2023-02-06 14:49:08,62,Device Type 5
User 5,"Demon Slayer: Kimetsu no Yaiba: Tanjiro Kamado, Unwavering Resolve Arc: Letting Someone Else Go First (Episode 16)",2023-02-06 08:07:43,1137,Device Type 5
User 5,"Demon Slayer: Kimetsu no Yaiba: Tanjiro Kamado, Unwavering Resolve Arc: Mount Natagumo (Episode 15)",2023-02-06 07:55:27,724,Device Type 5
User 5,Jana Gana Mana_hook_04_16x9,2023-02-06 07:55:07,13,Device Type 5
User 5,"Demon Slayer: Kimetsu no Yaiba: Tanjiro Kamado, Unwavering Resolve Arc: Mount Natagumo (Episode 15)",2023-02-06 04:58:54,449,Device Type 5
User 5,"Demon Slayer: Kimetsu no Yaiba: Tanjiro Kamado, Unwavering Resolve Arc: The House with the Wisteria Family Crest (Episode 14)",2023-02-06 04:39:08,1179,Device Type 5
User 5,"Demon Slayer: Kimetsu no Yaiba: Tanjiro Kamado, Unwavering Resolve Arc: Something More Important Than Life (Episode 13)",2023-02-06 04:18:31,1181,Device Type 5
User 5,"Demon Slayer: Kimetsu no Yaiba: Tanjiro Kamado, Unwavering Resolve Arc: The Boar Bares Its Fangs, Zenitsu Sleeps (Episode 12)",2023-02-06 04:04:40,823,Device Type 5
User 5,The Teacher (Malayalam Movie)_hook_03_16x9,2023-02-06 04:02:56,92,Device Type 5
User 5,Kumari,2023-02-05 16:28:15,2871,Device Type 4
User 5,Kumari_hook_primary_16x9,2023-02-05 16:27:32,42,Device Type 4
User 5,"Demon Slayer: Kimetsu no Yaiba: Tanjiro Kamado, Unwavering Resolve Arc: The Boar Bares Its Fangs, Zenitsu Sleeps (Episode 12)",2023-02-05 15:25:58,414,Device Type 5
User 5,"Demon Slayer: Kimetsu no Yaiba: Tanjiro Kamado, Unwavering Resolve Arc: Tsuzumi Mansion (Episode 11)",2023-02-05 15:06:28,1158,Device Type 5
User 5,"Demon Slayer: Kimetsu no Yaiba: Tanjiro Kamado, Unwavering Resolve Arc: Tsuzumi Mansion (Episode 11)",2023-02-05 08:10:59,15,Device Type 5
User 5,"Demon Slayer: Kimetsu no Yaiba: Tanjiro Kamado, Unwavering Resolve Arc: Together Forever (Episode 10)",2023-02-05 07:49:29,1288,Device Type 5
User 5,"Demon Slayer: Kimetsu no Yaiba: Tanjiro Kamado, Unwavering Resolve Arc: Temari Demon and Arrow Demon (Episode 9)",2023-02-05 07:33:55,922,Device Type 5
User 5,Genre Specific Moment Clip: Viking Wolf,2023-02-05 07:32:25,65,Device Type 5
User 5,"Demon Slayer: Kimetsu no Yaiba: Tanjiro Kamado, Unwavering Resolve Arc: Temari Demon and Arrow Demon (Episode 9)",2023-02-05 05:06:05,273,Device Type 5
User 5,"Demon Slayer: Kimetsu no Yaiba: Tanjiro Kamado, Unwavering Resolve Arc: The Smell of Enchanting Blood (Episode 8)",2023-02-05 04:44:16,1290,Device Type 5
User 5,"Demon Slayer: Kimetsu no Yaiba: Tanjiro Kamado, Unwavering Resolve Arc: Muzan Kibutsuji (Episode 7)",2023-02-04 15:41:16,1138,Device Type 5
User 5,"Demon Slayer: Kimetsu no Yaiba: Tanjiro Kamado, Unwavering Resolve Arc: Muzan Kibutsuji (Episode 7)",2023-02-04 15:28:54,10,Device Type 5
User 5,"Demon Slayer: Kimetsu no Yaiba: Tanjiro Kamado, Unwavering Resolve Arc: Swordsman Accompanying a Demon (Episode 6)",2023-02-04 15:08:00,1240,Device Type 5
User 5,"Demon Slayer: Kimetsu no Yaiba: Tanjiro Kamado, Unwavering Resolve Arc: My Own Steel (Episode 5)",2023-02-04 15:02:21,332,Device Type 5
User 5,Blade of Demon Destruction: Season 1_hook_primary_16x9,2023-02-04 15:02:14,4,Device Type 5
User 5,"Demon Slayer: Kimetsu no Yaiba: Tanjiro Kamado, Unwavering Resolve Arc: My Own Steel (Episode 5)",2023-02-03 14:48:20,20,Device Type 5
User 5,Blade of Demon Destruction: Season 1_hook_primary_16x9,2023-02-03 14:48:11,5,Device Type 5
User 5,"Demon Slayer: Kimetsu no Yaiba: Tanjiro Kamado, Unwavering Resolve Arc: My Own Steel (Episode 5)",2023-02-03 08:17:30,688,Device Type 5
User 5,"Demon Slayer: Kimetsu no Yaiba: Tanjiro Kamado, Unwavering Resolve Arc: Final Selection (Episode 4)",2023-02-03 08:02:11,897,Device Type 5
User 5,"Demon Slayer: Kimetsu no Yaiba: Tanjiro Kamado, Unwavering Resolve Arc: Final Selection (Episode 4)",2023-02-02 15:28:20,312,Device Type 5
User 5,"Demon Slayer: Kimetsu no Yaiba: Tanjiro Kamado, Unwavering Resolve Arc: Sabito and Makomo (Episode 3)",2023-02-02 15:07:16,1247,Device Type 5
User 5,"Demon Slayer: Kimetsu no Yaiba: Tanjiro Kamado, Unwavering Resolve Arc: Trainer Sakonji Urokodaki (Episode 2)",2023-02-02 08:11:09,1205,Device Type 5
User 5,"Demon Slayer: Kimetsu no Yaiba: Tanjiro Kamado, Unwavering Resolve Arc: Cruelty (Episode 1)",2023-02-02 07:49:32,1273,Device Type 5
User 5,Blade of Demon Destruction: Season 1_hook_primary_16x9,2023-02-02 07:49:24,5,Device Type 5
User 5,Hunter X Hunter (2011): Season 1_hook_03_16x9,2023-02-02 07:49:16,4,Device Type 5
User 5,Action Hero_hook_02_16x9,2023-02-02 04:34:08,5,Device Type 5
User 5,Season 1 Trailer: Baki Hanma,2023-02-02 04:32:51,59,Device Type 5
User 5,One-Punch Man: Season 1: The Strongest Man (Episode 1),2023-02-02 04:31:48,1,Device Type 5
User 5,Naruto Shippuden: Season 21: Jiraiya and Kakashi (Episode 483),2023-02-02 04:31:03,12,Device Type 5
User 5,Naruto Shippuden: Season 1: Homecoming (Episode 1),2023-02-02 04:30:36,14,Device Type 5
User 5,Naruto: Season 1_hook_primary_16x9,2023-02-02 04:30:26,4,Device Type 5
User 5,Hunter X Hunter (2011): Season 1_hook_03_16x9,2023-02-02 04:30:06,11,Device Type 5
User 5,Chainsaw Man: Season 1: Dog & Chainsaw (Episode 1),2023-02-01 15:30:04,184,Device Type 5
User 5,My Hero Academia: Season 1_hook_primary_16x9,2023-02-01 15:29:24,10,Device Type 5
User 5,Jujutsu Kaisen: Season 1: Episode 24,2023-02-01 15:06:48,1334,Device Type 5
User 5,Jujutsu Kaisen: Season 1: Episode 23,2023-02-01 04:54:41,1148,Device Type 5
User 5,Jujutsu Kaisen: Season 1: Episode 23,2023-01-31 15:20:47,13,Device Type 5
User 5,Jujutsu Kaisen: Season 1: Episode 23,2023-01-31 15:11:07,66,Device Type 5
User 5,Jujutsu Kaisen: Season 1: Episode 22,2023-01-31 15:03:06,459,Device Type 5
User 5,Jujutsu Kaisen: Season 1: Episode 22,2023-01-31 08:46:16,786,Device Type 5
User 5,Jujutsu Kaisen: Season 1: Episode 21,2023-01-31 08:41:53,253,Device Type 5
User 5,Jujutsu Kaisen: Season 1: Episode 21,2023-01-31 04:47:37,1033,Device Type 5
User 5,Manifest: Season 1_hook_primary_16x9,2023-01-31 04:45:43,6,Device Type 5
User 5,Mission Majnu,2023-01-30 16:34:33,1138,Device Type 4
User 5,Genre Specific Moment Clip: Mission Majnu,2023-01-30 16:34:13,18,Device Type 4
User 5,Jujutsu Kaisen: Season 1: Episode 20,2023-01-30 15:32:06,1239,Device Type 5
User 5,Jujutsu Kaisen: Season 1: Episode 19,2023-01-30 15:24:30,450,Device Type 5
User 5,Hunter X Hunter (2011): Season 1_hook_primary_16x9,2023-01-30 15:23:41,38,Device Type 5
User 5,Jujutsu Kaisen: Season 1: Episode 19,2023-01-30 08:32:05,812,Device Type 5
User 5,Jujutsu Kaisen: Season 1: Episode 18,2023-01-30 08:11:07,1249,Device Type 5
User 5,Jujutsu Kaisen: Season 1: Episode 17,2023-01-30 08:08:53,121,Device Type 5
User 5,One Punch Man: Season 1_hook_primary_16x9,2023-01-30 08:08:40,6,Device Type 5
User 5,Jujutsu Kaisen: Season 1: Episode 17,2023-01-30 05:04:17,1142,Device Type 5
User 5,Raangi,2023-01-29 16:03:58,4721,Device Type 4
User 5,Trailer: Raangi,2023-01-29 16:03:50,6,Device Type 4
User 5,Jujutsu Kaisen: Season 1: Episode 17,2023-01-29 09:01:33,1,Device Type 5
User 5,Jujutsu Kaisen: Season 1: Episode 16,2023-01-29 08:40:32,1254,Device Type 5
User 5,Jujutsu Kaisen: Season 1: Episode 15,2023-01-29 08:16:51,1308,Device Type 5
User 5,Jujutsu Kaisen: Season 1: Episode14,2023-01-29 07:52:22,1239,Device Type 5
User 5,Jujutsu Kaisen: Season 1: Episode 13,2023-01-29 07:49:02,179,Device Type 5
User 5,Jujutsu Kaisen: Season 1: Episode 13,2023-01-28 08:33:27,993,Device Type 5
User 5,Jujutsu Kaisen: Season 1: Episode 12,2023-01-28 08:11:41,1193,Device Type 5
User 5,Jujutsu Kaisen: Season 1: Episode 11,2023-01-28 07:51:26,1186,Device Type 5
User 5,Jujutsu Kaisen: Season 1: Episode 11,2023-01-28 05:25:34,35,Device Type 5
User 5,Jujutsu Kaisen: Season 1: Episode 10,2023-01-28 05:05:23,1202,Device Type 5
User 5,18 Pages_hook_05_16x9,2023-01-28 05:05:01,6,Device Type 5
User 5,Kaapa,2023-01-27 15:49:33,7588,Device Type 5
User 5,Kaapa,2023-01-27 15:45:10,138,Device Type 5
User 5,Kaapa_hook_primary_16x9,2023-01-27 15:44:45,20,Device Type 5
User 5,Kaapa_hook_primary_16x9,2023-01-27 15:43:58,16,Device Type 5
User 5,Jujutsu Kaisen: Season 1: Episode 9,2023-01-27 15:08:51,1171,Device Type 5
User 5,Jujutsu Kaisen: Season 1: Episode 8,2023-01-27 15:08:12,32,Device Type 5
User 5,Jujutsu Kaisen: Season 1: Episode 8,2023-01-27 04:39:50,1111,Device Type 5
User 5,Jujutsu Kaisen: Season 1: Episode 8,2023-01-26 08:00:23,118,Device Type 5
User 5,Jujutsu Kaisen: Season 1: Episode 7,2023-01-26 05:05:29,1190,Device Type 5
User 5,Jujutsu Kaisen: Season 1: Episode 6,2023-01-25 15:56:39,1219,Device Type 5
User 5,Jujutsu Kaisen: Season 1: Episode 5,2023-01-25 15:32:12,1202,Device Type 5
User 5,Jujutsu Kaisen: Season 1: Episode 4,2023-01-25 15:11:06,1243,Device Type 5
User 5,Blade of Demon Destruction: Season 1_hook_primary_16x9,2023-01-25 15:10:47,6,Device Type 5
User 5,Jujutsu Kaisen: Season 1: Episode 3,2023-01-25 08:09:48,1157,Device Type 5
User 5,Jujutsu Kaisen: Season 1: Episode 2,2023-01-25 07:51:35,999,Device Type 5
User 5,Jujutsu Kaisen: Season 1: Episode 2,2023-01-25 05:07:57,267,Device Type 5
User 5,Jujutsu Kaisen: Season 1: Episode 1,2023-01-25 04:43:39,1348,Device Type 5
User 5,Naruto: Season 1: Enter: Naruto Uzumaki! (Episode 1),2023-01-25 04:43:11,2,Device Type 5
User 5,Dhamaka (2022)_hook_01_16x9,2023-01-25 04:42:21,4,Device Type 5
User 5,Season 1 Trailer: All of Us Are Dead,2023-01-24 15:08:26,13,Device Type 5
User 5,Money Heist (Trailer),2023-01-24 15:08:01,17,Device Type 5
User 5,Teaser: Mission Majnu,2023-01-24 15:07:43,6,Device Type 5
User 5,Season 1 Plot Clip: Squid Game,2023-01-24 15:07:33,5,Device Type 5
User 5,Wednesday: Season 1: A Murder of Woes (Episode 8),2023-01-23 15:03:15,2147,Device Type 5
User 5,Season 1 Genre Specific Moment Clip: Wednesday,2023-01-23 14:59:56,48,Device Type 5
User 5,Genre Specific Moment Clip: Mission Majnu,2023-01-23 14:59:15,19,Device Type 5
User 5,Stree Rog Vibhaag_hook_01_16x9,2023-01-19 14:37:27,6,Device Type 4
User 5,Spider-Man: No Way Home_hook_01_16x9,2023-01-13 17:07:42,5,Device Type 4
User 5,Wednesday: Season 1: A Murder of Woes (Episode 8),2023-01-12 15:26:46,718,Device Type 1
User 5,Wednesday: Season 1: If You Don't Woe Me by Now (Episode 7),2023-01-11 14:53:07,2559,Device Type 5
User 5,Wednesday: Season 1: If You Don't Woe Me by Now (Episode 7),2023-01-11 08:23:46,4,Device Type 5
User 5,Wednesday: Season 1: Quid Pro Woe (Episode 6),2023-01-11 07:36:21,2715,Device Type 5
User 5,Wednesday: Season 1: Quid Pro Woe (Episode 6),2023-01-10 15:45:13,2,Device Type 5
User 5,Wednesday: Season 1: You Reap What You Woe (Episode 5),2023-01-10 14:54:08,2819,Device Type 5
User 5,Wednesday: Season 1: Woe What a Night (Episode 4),2023-01-10 08:09:11,2667,Device Type 5
User 5,Wednesday: Season 1: Friend or Woe (Episode 3),2023-01-10 07:51:41,848,Device Type 5
User 5,Wednesday: Season 1: Friend or Woe (Episode 3),2023-01-09 14:28:26,1602,Device Type 5
User 5,Season 1 Plot Clip: Khakee: The Bihar Chapter,2023-01-09 14:28:14,7,Device Type 5
User 5,Wednesday: Season 1: Friend or Woe (Episode 3),2023-01-09 08:59:51,148,Device Type 5
User 5,Wednesday: Season 1: Woe Is the Loneliest Number (Episode 2),2023-01-09 08:43:36,970,Device Type 5
User 5,The Vampire Diaries: Season 1_hook_primary_16x9,2023-01-09 08:42:49,39,Device Type 5
User 5,Wednesday: Season 1: Woe Is the Loneliest Number (Episode 2),2023-01-09 04:35:28,1664,Device Type 5
User 5,Wednesday: Season 1: Woe Is the Loneliest Number (Episode 2),2023-01-08 15:33:40,1,Device Type 5
User 5,Wednesday: Season 1: Wednesday's Child Is Full of Woe (Episode 1),2023-01-08 14:58:32,1913,Device Type 5
User 5,Alice in Borderland: Season 1 - Upper Bound Clip 6,2023-01-07 18:41:59,86,Device Type 1
User 5,Slumberland - Fast Laughs - Clip 3,2023-01-07 18:41:03,26,Device Type 1
User 5,Wednesday: Season 1: Wednesday's Child Is Full of Woe (Episode 1),2023-01-07 15:44:54,134,Device Type 5
User 5,Wednesday: Season 1: Wednesday's Child Is Full of Woe (Episode 1),2023-01-07 15:13:36,1271,Device Type 5
User 5,Season 1 Genre Specific Moment Clip: Wednesday,2023-01-07 15:13:26,6,Device Type 5
User 5,Naruto Shippuden: Season 1_hook_03_16x9,2023-01-07 15:13:19,4,Device Type 5
